-0.00,-0.00,1.74,-0.00,1.16
-0.00,-0.00,1.74,-0.00,1.16
-0.00,-0.00,1.74,-0.00,1.16
-0.00,-0.00,1.74,-0.00,1.16
-0.00,-0.00,1.74,-0.00,1.16
-0.00,-0.00,1.74,-0.00,1.16
-0.00,-0.00,1.74,-0.00,1.16
-0.00,-0.00,1.74,-0.00,1.16
-0.00,-0.00,1.74,-0.00,1.16
-0.00,-0.00,1.74,-0.00,1.16
-0.00,-0.00,1.74,-0.00,1.16
-0.00,-0.00,1.74,-0.00,1.16
-0.00,-0.00,1.74,-0.00,1.16
-0.00,-0.00,1.74,-0.00,1.16
-0.00,-0.00,1.74,-0.00,1.16
-0.00,-0.00,1.74,-0.00,1.16
-0.00,-0.00,1.74,-0.00,1.16
-0.00,-0.00,1.74,-0.00,1.16
0.03,0.03,1.74,-0.00,1.29
1.82,1.82,2.36,0.06,3.73
6.58,6.58,6.16,2.69,10.19
10.74,10.74,10.25,8.12,17.77
7.25,7.25,11.32,10.47,20.90
1.81,1.81,8.99,9.04,20.41
4.23,4.23,8.53,4.29,22.71
7.22,7.22,9.96,7.48,24.09
8.93,8.93,10.69,8.60,23.78
8.71,8.71,11.46,7.26,24.92
9.22,9.22,11.93,12.98,28.55
10.82,10.82,14.83,17.91,29.79
15.22,15.22,20.13,28.98,36.32
16.21,16.21,32.44,39.74,48.87
11.13,11.13,34.71,40.20,49.60
10.54,10.54,32.75,39.41,51.13
14.09,14.09,31.76,37.92,52.46
17.87,17.87,32.75,36.43,54.33
20.10,20.10,31.07,36.70,54.97
19.39,19.39,31.25,38.51,54.42
15.73,15.73,26.02,30.17,51.62
13.29,13.29,21.66,23.54,52.28
11.04,11.04,25.11,28.21,53.37
14.45,14.45,29.71,35.41,56.23
17.11,17.11,29.91,35.64,57.28
20.44,20.44,29.15,34.78,55.63
21.73,21.73,30.05,35.30,55.58
18.89,18.89,32.66,34.83,55.39
18.68,18.68,33.55,35.37,56.23
18.30,18.30,36.07,38.65,57.06
15.59,15.59,32.63,29.68,56.30
12.90,12.90,32.42,34.32,56.40
11.79,11.79,33.14,39.34,59.60
12.04,12.04,30.68,41.51,61.44
14.40,14.40,28.16,41.15,61.98
15.98,15.98,29.25,38.72,61.96
14.79,14.79,27.27,38.35,61.03
13.04,13.04,25.75,38.23,61.88
11.30,11.30,25.53,38.80,60.44
11.47,11.47,25.62,37.58,59.50
12.29,12.29,28.26,33.54,57.07
13.12,13.12,29.35,32.70,59.49
13.36,13.36,25.71,32.61,59.02
10.61,10.61,21.55,36.95,63.09
7.15,7.15,23.40,36.15,61.91
7.85,7.85,24.44,33.63,63.23
10.11,10.11,27.10,34.52,61.77
13.39,13.39,29.86,29.96,62.31
16.21,16.21,30.68,33.07,63.16
17.08,17.08,26.55,32.28,59.97
13.83,13.83,26.09,33.79,60.27
12.36,12.36,25.82,35.44,60.98
12.59,12.59,26.41,38.81,61.33
15.21,15.21,27.33,33.06,62.29
16.44,16.44,27.22,38.96,62.10
17.18,17.18,31.16,39.52,59.94
18.52,18.52,30.31,34.30,58.20
17.87,17.87,29.39,38.89,58.26
17.41,17.41,28.02,32.95,59.62
18.03,18.03,28.59,38.03,59.67
18.42,18.42,30.49,38.11,60.19
17.78,17.78,28.18,34.71,59.50
16.86,16.86,27.04,42.12,59.52
14.71,14.71,24.82,39.79,59.14
16.18,16.18,24.47,37.64,59.60
17.62,17.62,24.67,28.60,58.91
17.20,17.20,24.56,33.30,59.27
15.42,15.42,25.03,29.30,56.57
14.63,14.63,25.40,26.29,57.59
14.16,14.16,24.00,30.88,56.01
14.71,14.71,25.18,30.24,57.83
19.44,19.44,27.45,34.71,57.54
23.93,23.93,32.82,39.81,59.71
26.48,26.48,32.59,41.50,59.90
23.22,23.22,30.54,37.06,60.93
21.25,21.25,30.89,41.62,59.81
22.02,22.02,31.49,39.24,59.51
24.30,24.30,33.03,39.25,60.07
24.17,24.17,35.63,40.59,58.90
24.30,24.30,32.17,36.62,59.70
25.05,25.05,29.90,40.40,60.71
24.03,24.03,27.32,37.67,61.59
21.10,21.10,25.75,34.85,60.37
17.75,17.75,27.29,29.94,58.25
16.47,16.47,26.41,31.20,56.01
18.90,18.90,27.07,33.42,55.88
23.08,23.08,26.66,30.66,55.35
23.50,23.50,26.80,31.56,54.55
25.82,25.82,27.47,32.40,55.17
22.66,22.66,29.22,34.66,56.91
21.18,21.18,28.11,32.51,57.48
17.41,17.41,28.00,38.19,59.34
16.35,16.35,28.41,37.71,59.74
16.50,16.50,27.98,36.64,61.37
19.01,19.01,27.63,36.54,61.05
24.62,24.62,27.83,38.49,61.61
27.60,27.60,30.55,34.37,61.11
29.40,29.40,32.55,39.65,62.25
27.15,27.15,27.85,37.68,60.26
23.74,23.74,25.14,30.57,59.47
19.89,19.89,25.62,29.69,58.44
18.12,18.12,26.25,33.91,60.74
19.67,19.67,25.52,34.28,61.21
22.39,22.39,24.55,33.12,60.38
23.30,23.30,22.59,31.64,55.78
23.52,23.52,23.69,30.76,58.04
23.27,23.27,26.69,28.71,58.62
22.99,22.99,28.65,28.74,58.45
20.87,20.87,28.08,27.57,59.19
17.70,17.70,26.52,29.29,60.31
11.48,11.48,25.80,37.45,60.32
10.82,10.82,24.73,41.09,61.03
11.66,11.66,24.05,39.11,62.19
14.17,14.17,23.04,38.43,60.29
18.00,18.00,23.64,37.17,61.44
17.30,17.30,25.47,35.58,62.08
18.39,18.39,24.63,32.59,61.71
19.92,19.92,23.25,30.19,62.29
16.73,16.73,23.37,30.25,58.74
13.12,13.12,21.53,29.70,59.06
10.23,10.23,18.15,32.09,62.08
7.95,7.95,18.35,33.63,62.36
8.15,8.15,19.74,31.46,62.34
10.91,10.91,22.09,37.76,63.30
14.10,14.10,24.63,34.88,61.76
17.92,17.92,24.80,39.25,63.18
19.58,19.58,23.61,36.35,62.61
14.40,14.40,22.89,30.02,60.42
17.09,17.09,22.08,36.77,61.44
16.84,16.84,24.94,39.68,61.52
18.03,18.03,23.84,36.50,64.35
19.66,19.66,26.21,37.85,63.94
20.06,20.06,28.51,33.35,62.49
19.90,19.90,31.17,38.01,63.27
19.28,19.28,30.59,34.94,60.95
19.65,19.65,28.79,31.16,62.02
24.07,24.07,29.48,35.87,61.22
23.38,23.38,26.68,31.59,59.41
24.53,24.53,28.01,33.71,60.40
23.41,23.41,26.97,33.58,61.36
20.12,20.12,21.17,34.09,60.59
15.81,15.81,18.29,37.39,58.89
15.15,15.15,17.76,34.25,59.03
19.94,19.94,17.65,33.43,58.01
22.23,22.23,18.91,28.08,59.37
20.66,20.66,19.02,27.69,58.89
19.75,19.75,20.23,35.31,59.38
18.04,18.04,18.39,32.99,58.37
17.44,17.44,20.40,35.14,59.51
16.95,16.95,21.00,33.18,58.76
20.39,20.39,27.88,35.78,60.17
21.63,21.63,26.31,37.32,61.28
22.01,22.01,26.22,34.57,62.24
21.73,21.73,27.97,36.68,63.57
20.42,20.42,28.42,37.87,62.46
21.07,21.07,28.67,36.90,63.25
23.92,23.92,31.48,41.15,65.10
23.27,23.27,29.94,36.62,60.23
23.86,23.86,28.19,33.09,61.83
24.98,24.98,27.15,32.68,62.72
23.87,23.87,25.35,29.87,60.30
20.36,20.36,24.34,26.76,58.86
17.46,17.46,23.21,32.25,59.00
17.55,17.55,22.76,33.91,57.13
16.58,16.58,22.20,32.76,58.34
19.86,19.86,22.85,32.91,58.72
21.59,21.59,21.14,30.82,58.01
23.77,23.77,24.16,34.34,58.91
21.63,21.63,23.21,33.00,57.98
19.51,19.51,22.11,37.30,58.48
21.90,21.90,18.36,36.99,60.81
24.02,24.02,17.74,39.44,58.33
24.04,24.04,16.24,37.17,59.38
21.10,21.10,17.64,38.44,60.79
17.75,17.75,16.24,36.88,59.48
17.16,17.16,16.14,35.52,59.53
14.88,14.88,16.35,38.96,59.71
15.13,15.13,17.57,34.12,57.81
13.54,13.54,14.80,37.07,56.44
14.21,14.21,18.33,33.96,58.95
18.12,18.12,18.13,36.66,59.68
20.07,20.07,13.26,34.81,60.19
21.76,21.76,12.38,35.28,62.42
24.41,24.41,13.68,36.04,61.49
25.47,25.47,15.42,39.54,62.58
22.08,22.08,18.86,38.64,62.56
16.76,16.76,15.83,39.36,58.16
17.05,17.05,20.16,36.13,58.45
17.94,17.94,22.21,37.99,60.82
22.35,22.35,17.64,40.43,60.65
23.80,23.80,15.99,41.58,60.56
20.28,20.28,13.70,38.84,61.13
18.77,18.77,15.99,40.58,60.06
21.47,21.47,15.35,34.93,62.31
22.43,22.43,17.49,38.12,61.02
19.55,19.55,16.43,31.85,57.97
19.20,19.20,19.20,34.46,60.71
18.34,18.34,20.99,34.97,61.24
12.56,12.56,16.62,32.93,60.37
7.60,7.60,12.58,36.08,62.10
8.45,8.45,13.23,34.52,62.99
11.30,11.30,15.97,36.35,61.56
16.27,16.27,17.13,35.70,61.39
14.34,14.34,19.68,36.09,57.95
11.27,11.27,22.42,35.25,58.65
12.24,12.24,25.11,35.46,60.37
12.13,12.13,21.73,34.92,58.26
14.34,14.34,17.00,36.12,59.91
16.18,16.18,18.42,41.57,59.55
18.89,18.89,18.95,40.22,63.27
22.51,22.51,20.21,39.44,62.11
25.33,25.33,19.64,38.88,62.35
29.02,29.02,20.13,36.72,62.41
28.61,28.61,19.30,34.00,62.94
28.69,28.69,20.55,33.78,64.58
27.56,27.56,19.12,32.19,64.75
26.09,26.09,21.42,39.34,62.30
24.84,24.84,19.34,39.56,60.52
23.94,23.94,15.22,39.40,58.79
23.28,23.28,13.70,38.81,60.72
22.20,22.20,11.92,28.69,60.23
19.82,19.82,11.56,30.76,58.97
19.37,19.37,11.19,37.44,57.96
18.30,18.30,10.81,28.33,58.18
17.69,17.69,10.56,29.43,58.00
19.70,19.70,11.44,38.40,59.25
21.34,21.34,12.62,30.43,58.58
25.16,25.16,15.65,41.70,59.14
26.92,26.92,18.37,34.79,60.21
28.50,28.50,20.03,40.62,60.69
28.28,28.28,21.61,39.20,62.36
25.21,25.21,22.72,40.72,62.42
21.83,21.83,20.02,34.24,61.35
23.89,23.89,21.43,35.67,60.29
26.80,26.80,26.35,42.47,63.37
23.64,23.64,24.97,38.20,59.39
25.92,25.92,24.94,38.81,61.64
25.92,25.92,23.57,35.76,61.41
25.59,25.59,21.41,33.13,61.32
26.45,26.45,20.48,38.21,59.31
23.70,23.70,17.81,37.66,58.84
24.30,24.30,19.01,32.48,56.44
23.89,23.89,17.19,30.31,57.76
23.15,23.15,15.45,30.64,55.88
25.57,25.57,14.16,29.72,56.47
27.89,27.89,15.30,35.60,56.30
28.70,28.70,15.73,32.49,56.54
26.32,26.32,12.79,32.05,54.72
21.07,21.07,16.34,40.23,59.18
19.42,19.42,11.42,42.20,58.90
21.97,21.97,12.04,37.06,59.36
24.04,24.04,11.48,39.24,60.36
23.37,23.37,11.31,40.26,61.48
22.92,22.92,11.30,37.17,62.26
24.24,24.24,10.53,40.46,60.34
22.69,22.69,11.05,38.41,60.18
21.82,21.82,10.11,37.65,62.00
19.36,19.36,10.49,35.31,58.59
16.90,16.90,13.29,37.82,59.72
16.43,16.43,11.82,36.71,60.89
17.96,17.96,9.37,35.22,61.22
20.62,20.62,11.50,36.11,62.85
22.27,22.27,11.36,36.52,62.39
23.57,23.57,15.01,34.34,61.00
26.61,26.61,17.13,39.39,62.64
26.08,26.08,15.61,34.63,59.53
20.98,20.98,18.09,41.00,58.03
17.08,17.08,15.10,35.87,60.15
15.21,15.21,14.92,41.29,63.58
15.90,15.90,12.44,38.19,64.72
18.94,18.94,13.55,39.56,64.03
20.60,20.60,13.18,41.59,63.94
23.75,23.75,14.00,34.73,64.61
24.39,24.39,15.39,35.59,65.05
24.32,24.32,15.59,33.99,65.07
20.67,20.67,19.16,35.10,61.34
17.74,17.74,17.95,32.19,61.71
18.78,18.78,13.80,36.20,62.68
18.27,18.27,10.23,37.27,64.16
18.43,18.43,12.02,37.32,64.55
18.45,18.45,14.09,37.96,63.54
21.57,21.57,16.42,32.09,63.04
23.63,23.63,19.42,37.50,63.84
25.37,25.37,21.77,39.48,64.15
24.27,24.27,20.88,28.27,61.06
26.10,26.10,19.87,31.86,60.06
26.89,26.89,19.04,35.58,60.77
27.44,27.44,19.55,38.44,59.60
27.27,27.27,19.97,38.02,65.15
26.81,26.81,20.96,37.77,65.65
28.21,28.21,24.54,37.11,66.07
25.80,25.80,23.61,34.33,60.95
26.18,26.18,21.66,36.84,61.69
25.19,25.19,23.17,31.91,61.70
27.71,27.71,22.42,27.74,62.45
28.62,28.62,23.99,32.56,62.91
29.07,29.07,23.37,38.90,63.06
26.10,26.10,17.71,39.71,62.12
23.90,23.90,14.01,39.55,60.86
23.71,23.71,12.71,32.97,58.14
23.67,23.67,14.87,36.56,60.34
23.28,23.28,16.71,33.46,59.44
22.02,22.02,17.32,28.12,55.60
21.33,21.33,18.12,30.56,58.14
23.35,23.35,17.35,29.15,59.45
22.85,22.85,19.68,32.26,57.44
22.93,22.93,21.96,38.96,60.25
24.59,24.59,31.17,38.60,62.98
27.00,27.00,29.74,34.39,63.62
27.93,27.93,33.13,36.52,62.61
25.76,25.76,28.27,35.35,63.14
25.89,25.89,31.35,30.97,63.72
27.05,27.05,36.44,35.08,63.96
30.22,30.22,30.82,36.14,65.12
31.23,31.23,33.95,35.02,62.46
30.01,30.01,35.97,39.02,61.25
31.05,31.05,34.07,34.01,61.97
30.01,30.01,33.74,37.58,60.19
25.77,25.77,27.48,34.38,60.69
22.89,22.89,18.78,31.86,62.21
25.07,25.07,18.68,32.15,62.57
28.45,28.45,19.46,27.68,61.07
32.88,32.88,19.11,22.17,63.94
33.50,33.50,20.50,30.01,60.92
35.64,35.64,20.75,30.67,59.55
35.00,35.00,20.70,31.55,60.20
31.27,31.27,16.40,27.80,60.50
23.68,23.68,19.01,36.14,61.96
19.14,19.14,19.95,37.55,62.03
21.75,21.75,21.43,36.11,64.14
24.69,24.69,22.25,36.38,62.80
26.76,26.76,25.77,36.90,63.46
26.80,26.80,27.88,39.96,63.34
26.61,26.61,26.78,39.12,61.33
26.73,26.73,28.75,40.43,62.66
26.86,26.86,26.69,39.36,60.00
24.04,24.04,20.54,33.45,61.84
27.53,27.53,19.16,35.56,63.40
27.71,27.71,14.25,32.87,62.42
29.68,29.68,14.14,34.48,64.51
31.04,31.04,12.60,33.87,63.59
34.07,34.07,11.41,35.44,64.19
33.24,33.24,14.58,34.78,63.27
30.83,30.83,15.36,36.94,63.05
25.65,25.65,13.58,34.67,63.73
22.01,22.01,14.19,33.03,63.43
20.71,20.71,13.61,33.16,62.53
24.59,24.59,15.13,37.44,64.88
20.58,20.58,13.47,37.77,64.97
14.88,14.88,13.15,34.37,65.65
12.30,12.30,13.91,33.32,65.64
14.66,14.66,15.03,31.14,64.88
18.78,18.78,19.33,33.93,66.39
20.68,20.68,17.02,32.15,63.59
14.78,14.78,18.50,31.95,64.02
9.31,9.31,17.21,32.49,63.13
6.97,6.97,9.76,28.28,64.71
7.47,7.47,13.92,31.43,65.67
9.77,9.77,12.29,26.29,63.62
13.25,13.25,9.20,27.37,65.85
12.16,12.16,8.92,28.20,65.37
15.27,15.27,15.67,32.28,67.13
19.45,19.45,17.91,30.43,67.08
19.48,19.48,13.58,29.76,62.26
16.16,16.16,21.94,32.74,62.25
16.04,16.04,20.39,37.88,64.12
16.36,16.36,12.51,32.72,66.11
13.72,13.72,15.19,34.20,66.90
13.65,13.65,17.26,34.37,67.56
12.66,12.66,15.26,33.85,66.55
18.92,18.92,19.57,36.44,68.39
24.37,24.37,14.30,32.12,69.28
26.48,26.48,14.53,36.27,65.79
29.74,29.74,16.48,33.88,61.46
30.72,30.72,16.74,33.99,65.55
23.40,23.40,14.95,24.74,63.41
20.55,20.55,12.34,26.33,64.13
21.67,21.67,10.91,27.02,61.99
23.02,23.02,11.22,29.70,61.95
23.78,23.78,10.62,25.08,62.53
19.89,19.89,10.53,24.26,59.87
18.45,18.45,12.95,25.47,61.23
17.28,17.28,13.27,34.29,60.69
15.55,15.55,12.12,31.08,60.38
19.74,19.74,11.43,31.70,62.57
24.38,24.38,16.93,38.94,63.64
29.06,29.06,16.55,37.60,64.56
30.10,30.10,17.12,39.44,66.27
27.30,27.30,20.82,40.96,65.62
25.91,25.91,19.65,40.39,68.16
28.36,28.36,22.35,41.48,68.56
27.79,27.79,23.61,42.32,67.52
24.45,24.45,23.15,39.31,67.09
22.07,22.07,23.28,38.85,61.69
24.17,24.17,17.20,36.12,65.52
23.94,23.94,11.15,31.68,63.60
22.78,22.78,11.34,34.24,62.28
22.04,22.04,9.40,26.10,63.51
21.34,21.34,9.75,26.76,62.37
23.03,23.03,10.05,28.96,64.93
25.64,25.64,9.93,30.25,65.44
27.05,27.05,9.79,32.18,63.81
27.61,27.61,9.96,29.97,65.39
30.78,30.78,10.34,34.50,66.82
26.92,26.92,8.05,32.40,64.06
19.90,19.90,9.46,36.58,63.15
23.92,23.92,8.68,37.50,65.86
22.88,22.88,9.85,32.96,67.68
26.17,26.17,9.91,34.27,66.83
24.21,24.21,12.49,35.78,64.72
28.47,28.47,14.88,39.33,66.59
28.66,28.66,8.89,35.50,64.33
29.27,29.27,10.64,38.20,64.38
27.04,27.04,9.02,32.47,63.72
22.87,22.87,7.07,36.77,64.48
18.62,18.62,6.71,34.19,63.97
19.06,19.06,7.85,27.18,62.84
23.23,23.23,9.42,34.09,65.50
24.60,24.60,9.95,32.14,65.81
25.47,25.47,10.70,33.06,67.15
24.87,24.87,10.02,36.29,65.36
23.38,23.38,8.07,35.61,67.76
19.94,19.94,7.93,37.61,64.27
17.29,17.29,6.32,30.23,66.13
15.49,15.49,8.78,33.59,67.27
16.03,16.03,9.30,32.85,68.51
15.09,15.09,7.69,26.66,65.79
17.57,17.57,9.02,30.09,66.88
19.11,19.11,13.48,31.99,68.48
20.24,20.24,14.77,29.22,68.03
23.31,23.31,15.49,35.16,68.31
22.82,22.82,14.31,38.66,68.06
22.09,22.09,16.49,37.96,65.25
19.08,19.08,14.20,34.63,64.25
15.81,15.81,7.47,26.79,64.90
14.62,14.62,8.71,30.22,65.51
20.32,20.32,9.82,28.92,66.43
24.04,24.04,14.20,31.13,65.74
25.57,25.57,11.89,30.53,64.06
20.93,20.93,15.95,32.67,64.60
23.07,23.07,17.64,33.44,65.05
22.17,22.17,12.11,30.26,63.21
22.02,22.02,17.91,29.98,63.66
23.74,23.74,14.70,35.01,63.98
23.77,23.77,11.01,33.69,67.52
22.35,22.35,12.86,28.85,69.96
25.83,25.83,13.24,32.84,70.07
27.60,27.60,10.51,39.35,69.61
28.89,28.89,9.78,36.60,69.82
29.62,29.62,9.25,32.93,70.16
33.60,33.60,11.17,30.59,66.22
33.75,33.75,10.28,34.33,65.32
30.58,30.58,9.81,33.89,65.06
25.79,25.79,8.88,35.31,65.51
20.16,20.16,8.99,33.66,64.82
17.89,17.89,7.72,34.23,64.17
18.42,18.42,7.06,25.29,64.20
18.94,18.94,7.19,32.13,63.24
21.79,21.79,6.82,31.68,61.37
20.22,20.22,7.91,32.87,61.47
21.48,21.48,8.32,37.08,62.71
19.86,19.86,7.54,38.68,58.94
19.77,19.77,7.16,32.32,62.21
22.07,22.07,5.93,39.13,64.87
25.43,25.43,6.80,36.82,68.22
26.20,26.20,9.46,41.96,67.67
25.11,25.11,10.94,38.16,66.85
25.54,25.54,13.32,31.03,67.92
27.19,27.19,11.61,36.28,67.15
25.34,25.34,10.43,27.42,68.06
24.56,24.56,13.77,34.73,66.95
27.79,27.79,13.17,36.09,67.79
28.08,28.08,11.82,31.49,67.25
28.76,28.76,11.99,32.24,65.80
26.59,26.59,11.93,32.59,65.89
19.70,19.70,8.28,34.76,65.32
18.79,18.79,6.86,27.44,66.10
18.83,18.83,4.60,30.29,66.50
20.46,20.46,3.85,34.20,67.21
21.57,21.57,5.14,30.29,68.35
22.82,22.82,8.21,27.20,66.75
22.62,22.62,8.57,30.79,67.52
18.71,18.71,9.61,32.41,66.67
16.30,16.30,9.67,32.53,64.99
20.37,20.37,8.23,33.49,64.41
23.31,23.31,8.97,34.53,66.38
26.20,26.20,10.06,30.34,65.62
27.73,27.73,10.43,33.10,67.40
27.75,27.75,13.21,34.88,65.02
26.93,26.93,11.69,33.09,66.56
26.40,26.40,9.21,32.40,66.64
23.97,23.97,9.82,33.78,64.14
17.16,17.16,9.64,31.68,64.61
16.58,16.58,6.63,26.79,67.35
18.08,18.08,6.69,29.12,68.73
21.10,21.10,6.42,22.32,70.63
26.50,26.50,6.12,26.23,69.49
28.72,28.72,5.71,28.91,69.85
27.56,27.56,5.92,27.80,69.88
26.84,26.84,6.18,30.37,68.91
23.59,23.59,5.14,30.96,69.09
23.19,23.19,8.83,37.71,67.09
19.27,19.27,11.23,38.28,67.15
17.58,17.58,10.97,38.34,67.35
16.82,16.82,7.50,34.16,66.80
17.85,17.85,8.67,31.09,68.92
18.87,18.87,9.80,31.32,69.67
20.89,20.89,10.69,32.52,69.81
25.36,25.36,11.54,37.18,69.76
23.07,23.07,9.88,36.91,69.26
21.70,21.70,6.82,29.13,67.34
19.92,19.92,7.38,33.17,66.72
17.87,17.87,8.19,31.15,67.28
19.26,19.26,7.96,32.54,68.03
21.34,21.34,9.79,26.39,67.69
22.30,22.30,8.30,32.80,67.91
21.43,21.43,12.01,30.27,67.14
23.48,23.48,16.91,32.22,66.34
24.47,24.47,19.08,31.97,66.69
25.57,25.57,24.32,37.91,66.52
23.76,23.76,25.08,39.89,64.89
23.91,23.91,25.70,39.51,65.53
25.19,25.19,20.54,39.73,67.53
27.26,27.26,17.65,39.74,68.96
24.90,24.90,16.47,36.14,68.48
26.27,26.27,20.00,39.15,69.17
24.29,24.29,18.78,38.89,69.73
23.27,23.27,19.36,35.04,68.27
24.54,24.54,17.59,39.86,68.64
26.26,26.26,20.85,37.28,67.01
24.88,24.88,16.73,38.70,66.02
23.18,23.18,16.71,39.31,68.03
24.23,24.23,18.47,38.56,67.82
22.94,22.94,14.89,37.39,64.89
20.05,20.05,12.16,36.56,64.20
20.85,20.85,12.22,28.78,62.39
24.02,24.02,15.60,32.27,62.50
20.75,20.75,13.68,37.17,59.97
20.70,20.70,15.03,38.91,60.71
23.78,23.78,15.24,32.30,62.25
23.37,23.37,15.91,42.01,61.91
21.07,21.07,16.58,36.60,64.38
19.14,19.14,14.84,42.55,65.08
18.51,18.51,19.17,38.05,66.31
18.59,18.59,19.85,39.66,67.26
16.25,16.25,22.07,40.92,68.15
15.60,15.60,22.43,38.57,68.29
17.28,17.28,21.94,37.84,68.39
19.88,19.88,20.09,39.13,68.75
22.66,22.66,20.08,38.21,68.72
23.30,23.30,20.31,40.49,67.13
19.39,19.39,17.61,38.69,65.30
15.85,15.85,16.12,37.38,64.34
19.74,19.74,13.92,38.27,67.13
20.18,20.18,9.92,27.57,66.33
19.28,19.28,8.18,26.09,67.49
22.52,22.52,9.41,26.75,68.91
24.71,24.71,9.34,28.50,67.87
24.95,24.95,8.33,29.57,68.06
24.11,24.11,6.78,31.23,68.24
22.39,22.39,7.25,27.04,65.35
24.26,24.26,6.18,32.07,65.13
25.40,25.40,3.54,30.66,64.37
25.54,25.54,5.70,33.22,65.68
29.07,29.07,7.83,34.36,67.56
31.25,31.25,7.67,32.91,66.26
33.62,33.62,11.60,36.37,68.03
33.20,33.20,9.68,35.50,67.73
31.91,31.91,11.55,34.22,69.44
27.28,27.28,9.92,38.59,68.82
22.58,22.58,7.87,36.39,69.29
22.37,22.37,7.51,38.26,71.62
28.19,28.19,6.87,27.94,70.15
32.19,32.19,8.33,30.09,70.18
32.15,32.15,8.38,31.83,69.63
28.63,28.63,8.32,30.06,70.33
25.31,25.31,8.58,33.65,69.76
23.55,23.55,5.06,34.70,68.52
22.89,22.89,4.95,32.22,67.82
20.12,20.12,7.22,34.69,67.15
14.56,14.56,6.21,34.56,64.12
9.35,9.35,4.81,32.80,66.61
8.02,8.02,5.44,29.37,67.90
7.76,7.76,7.09,29.14,71.67
8.88,8.88,7.95,31.54,71.12
14.27,14.27,7.28,27.94,71.53
19.69,19.69,6.17,31.36,71.71
20.27,20.27,6.49,26.80,70.33
18.50,18.50,5.60,30.50,70.65
13.37,13.37,2.98,24.62,71.77
12.55,12.55,2.86,23.47,67.82
8.38,8.38,3.54,23.16,66.46
16.01,16.01,4.93,23.88,67.48
21.10,21.10,7.91,25.33,69.16
20.06,20.06,10.44,24.75,68.31
16.80,16.80,11.71,23.53,66.93
20.97,20.97,12.62,26.76,66.38
23.54,23.54,11.05,25.85,65.43
22.50,22.50,9.58,26.01,63.61
21.69,21.69,11.31,29.19,65.76
21.51,21.51,11.31,30.44,70.70
20.50,20.50,12.10,30.34,72.81
22.50,22.50,10.47,30.59,72.08
18.10,18.10,11.70,29.41,73.65
17.03,17.03,14.41,33.01,74.06
16.15,16.15,9.84,27.57,73.01
17.27,17.27,9.91,32.08,74.07
19.59,19.59,6.99,26.84,72.54
16.72,16.72,7.17,26.86,70.37
16.09,16.09,9.43,27.79,70.34
16.38,16.38,8.22,17.80,66.47
18.91,18.91,7.65,20.52,67.38
17.69,17.69,9.45,20.19,64.90
13.45,13.45,10.38,24.01,62.05
13.35,13.35,9.64,28.00,63.09
15.86,15.86,7.70,27.23,63.05
14.23,14.23,6.76,34.43,63.80
11.87,11.87,8.29,28.63,64.21
10.77,10.77,10.27,31.94,66.83
14.14,14.14,12.72,30.92,67.27
14.99,14.99,14.39,33.59,68.74
16.32,16.32,13.35,33.49,68.83
18.24,18.24,12.99,35.26,70.84
20.51,20.51,10.86,34.83,72.17
22.63,22.63,5.73,31.97,71.81
24.51,24.51,4.11,30.77,73.08
25.26,25.26,8.62,30.20,72.48
29.69,29.69,6.40,27.57,69.92
32.21,32.21,5.58,26.74,68.94
32.40,32.40,6.37,22.25,68.50
30.39,30.39,7.67,23.40,68.27
29.72,29.72,5.93,20.88,66.95
25.76,25.76,3.89,18.46,68.21
16.45,16.45,2.16,9.61,67.85
14.36,14.36,2.01,12.13,68.92
15.73,15.73,1.90,14.96,70.03
17.20,17.20,3.15,16.70,70.26
15.53,15.53,4.08,22.45,71.29
14.84,14.84,3.86,22.67,70.45
9.91,9.91,5.87,21.99,66.12
9.51,9.51,7.96,23.90,68.31
12.91,12.91,4.19,31.65,70.58
15.39,15.39,4.42,34.27,71.24
16.33,16.33,8.43,34.70,71.60
18.46,18.46,8.64,36.58,72.07
14.29,14.29,10.66,37.05,72.47
11.68,11.68,6.66,37.67,72.16
12.28,12.28,6.27,38.41,71.07
17.17,17.17,10.46,38.02,68.37
19.30,19.30,6.01,30.67,69.15
18.60,18.60,3.28,24.37,68.48
14.95,14.95,5.39,22.63,71.33
16.92,16.92,5.00,21.34,71.12
18.84,18.84,6.84,27.59,73.00
18.92,18.92,4.12,26.61,70.91
18.12,18.12,5.33,31.88,70.65
18.23,18.23,6.62,32.29,68.55
18.74,18.74,7.57,35.91,67.09
16.53,16.53,7.12,36.08,65.47
16.90,16.90,5.50,36.46,69.61
11.01,11.01,4.33,35.56,68.84
5.36,5.36,3.12,33.87,72.66
5.31,5.31,3.38,33.12,72.78
7.04,7.04,3.21,29.40,72.91
12.96,12.96,2.42,29.28,72.61
18.85,18.85,3.88,28.35,71.70
17.92,17.92,2.97,28.54,70.68
17.07,17.07,3.68,33.25,71.17
15.22,15.22,3.26,34.08,71.20
17.29,17.29,3.25,32.30,68.33
19.64,19.64,3.30,32.11,68.37
24.82,24.82,3.27,35.16,67.66
30.10,30.10,5.21,35.04,67.74
29.81,29.81,6.96,33.86,68.18
28.06,28.06,9.28,35.32,68.04
27.53,27.53,10.00,36.30,67.08
21.78,21.78,7.15,33.92,64.74
16.93,16.93,8.71,33.43,64.73
15.55,15.55,8.13,35.24,68.17
12.09,12.09,7.07,33.81,72.20
12.24,12.24,7.04,35.03,71.80
12.27,12.27,7.16,33.84,73.13
14.54,14.54,7.58,36.72,72.82
14.82,14.82,6.66,33.27,74.43
17.38,17.38,6.00,33.04,73.39
21.50,21.50,7.10,34.37,74.62
20.64,20.64,8.86,32.87,73.59
20.91,20.91,8.27,33.59,71.06
14.23,14.23,6.79,34.88,67.18
16.75,16.75,8.05,34.07,68.93
13.90,13.90,9.17,35.13,67.24
15.96,15.96,9.46,32.97,67.85
18.96,18.96,12.05,37.28,66.84
14.54,14.54,12.31,31.64,63.83
16.20,16.20,12.01,31.36,64.69
21.02,21.02,11.70,30.64,65.03
18.81,18.81,10.44,28.08,65.14
14.97,14.97,9.23,31.55,66.95
21.72,21.72,11.31,33.14,69.01
21.39,21.39,8.40,31.02,69.66
17.30,17.30,6.73,33.59,71.61
12.51,12.51,7.96,30.96,72.27
17.83,17.83,7.48,32.04,71.41
20.91,20.91,4.66,29.73,71.60
21.40,21.40,7.87,31.17,72.21
15.79,15.79,5.99,30.70,70.55
14.78,14.78,3.42,26.93,69.13
17.51,17.51,3.42,23.87,70.06
17.83,17.83,2.96,25.65,69.84
15.18,15.18,4.06,26.94,66.37
14.27,14.27,4.45,21.15,66.62
11.55,11.55,2.64,20.45,68.27
12.24,12.24,2.05,18.40,68.12
12.53,12.53,3.10,21.64,68.58
11.92,11.92,2.87,20.46,68.89
12.47,12.47,3.85,22.11,69.01
13.08,13.08,5.40,24.92,66.18
13.64,13.64,3.31,20.87,64.24
10.63,10.63,2.41,21.83,67.74
11.93,11.93,3.98,27.12,70.18
13.08,13.08,4.73,28.10,72.93
14.64,14.64,4.84,27.38,74.07
16.60,16.60,5.62,25.72,75.17
16.51,16.51,4.93,25.69,74.03
18.77,18.77,5.38,19.87,73.71
20.10,20.10,3.16,24.25,73.77
20.81,20.81,2.58,28.57,74.47
19.39,19.39,3.63,27.73,69.03
25.07,25.07,5.71,33.45,69.29
29.69,29.69,4.12,34.86,70.76
32.41,32.41,4.61,33.03,72.54
32.68,32.68,5.83,33.75,72.17
32.97,32.97,6.87,31.83,71.57
36.00,36.00,13.21,36.30,71.70
31.92,31.92,11.69,30.54,71.46
18.90,18.90,9.48,24.41,66.35
9.91,9.91,11.00,31.32,68.12
8.90,8.90,7.24,29.66,71.15
3.13,3.13,8.69,26.32,70.10
3.25,3.25,5.89,20.36,71.74
4.65,4.65,6.09,20.57,73.28
5.04,5.04,6.63,25.11,73.74
5.65,5.65,10.88,26.26,73.47
7.34,7.34,7.46,28.50,73.63
9.36,9.36,16.25,25.91,72.27
11.29,11.29,18.82,28.97,72.05
9.19,9.19,19.53,30.32,67.02
10.02,10.02,17.29,29.35,69.20
14.40,14.40,15.69,28.97,70.94
15.37,15.37,14.66,27.35,71.01
15.26,15.26,15.95,26.46,70.57
15.45,15.45,18.75,28.61,68.58
17.81,17.81,22.84,28.78,67.61
16.62,16.62,22.22,25.90,64.03
14.87,14.87,21.74,34.92,65.29
12.50,12.50,19.46,39.23,66.08
14.29,14.29,15.67,40.61,67.39
11.44,11.44,10.13,31.75,68.27
8.82,8.82,8.22,32.62,69.06
9.81,9.81,10.52,36.20,70.26
15.85,15.85,12.91,39.42,72.47
20.07,20.07,12.72,36.42,72.86
15.38,15.38,10.57,28.69,73.23
17.49,17.49,13.47,30.84,73.18
21.03,21.03,7.60,32.36,72.42
22.91,22.91,5.92,32.74,71.68
23.03,23.03,5.28,35.19,72.61
19.04,19.04,8.53,33.83,67.89
10.56,10.56,8.01,32.68,66.03
11.88,11.88,5.71,35.96,66.04
16.45,16.45,4.99,35.09,64.40
15.81,15.81,5.50,32.94,63.48
19.87,19.87,6.92,35.88,61.65
21.50,21.50,5.32,40.15,62.14
16.13,16.13,5.28,39.15,63.18
13.00,13.00,6.23,29.53,61.83
13.73,13.73,9.87,40.60,65.05
16.25,16.25,11.62,37.31,68.62
18.85,18.85,9.91,40.74,69.90
19.17,19.17,14.54,34.55,69.03
17.79,17.79,15.86,36.93,69.96
17.00,17.00,16.60,33.55,70.65
17.71,17.71,13.83,36.01,71.78
20.48,20.48,15.42,32.88,71.91
25.24,25.24,16.66,36.87,69.25
27.36,27.36,16.48,37.31,68.51
25.60,25.60,13.00,30.68,68.22
21.19,21.19,9.69,35.71,70.17
18.33,18.33,7.67,36.71,68.32
14.81,14.81,5.77,32.60,72.11
10.98,10.98,3.18,23.80,72.07
12.66,12.66,2.91,32.72,73.15
14.35,14.35,4.87,29.58,73.14
18.68,18.68,3.56,26.15,73.26
19.72,19.72,2.61,29.34,73.07
16.93,16.93,3.82,33.63,67.71
11.44,11.44,2.25,27.19,66.22
8.67,8.67,1.80,26.81,67.29
14.86,14.86,2.36,28.37,71.21
15.95,15.95,2.55,26.89,72.12
14.70,14.70,4.93,27.56,72.39
14.99,14.99,6.10,29.79,72.50
17.13,17.13,5.15,26.49,72.16
19.16,19.16,7.45,29.31,72.89
19.15,19.15,6.88,33.10,71.75
17.34,17.34,8.18,33.87,71.23
18.93,18.93,4.52,37.95,66.53
19.35,19.35,3.86,35.50,68.14
18.85,18.85,4.09,33.00,71.98
17.74,17.74,4.21,33.06,74.12
19.87,19.87,7.25,33.25,73.59
22.41,22.41,7.33,34.22,72.25
22.12,22.12,12.61,36.75,72.35
22.21,22.21,13.16,27.82,70.45
16.28,16.28,10.59,34.46,63.93
14.32,14.32,8.28,33.21,67.00
10.96,10.96,5.85,29.77,68.67
5.07,5.07,2.57,33.60,70.37
0.58,0.58,2.13,27.54,73.45
2.75,2.75,3.30,24.77,75.79
8.87,8.87,5.16,28.72,75.36
9.19,9.19,8.27,33.68,73.85
9.79,9.79,4.49,35.04,73.86
12.58,12.58,9.81,37.66,74.56
14.67,14.67,13.38,33.80,70.09
13.30,13.30,11.00,35.17,64.86
15.01,15.01,11.53,32.04,69.62
16.72,16.72,7.82,33.75,70.03
14.64,14.64,8.04,32.82,68.03
18.21,18.21,10.08,30.85,70.09
19.38,19.38,8.48,36.24,69.54
19.52,19.52,13.83,36.79,65.75
20.02,20.02,18.01,36.75,66.59
19.32,19.32,12.33,33.94,66.93
18.86,18.86,11.93,33.64,67.04
16.85,16.85,8.19,35.52,67.96
18.08,18.08,7.79,32.54,70.44
23.39,23.39,9.39,30.99,71.77
21.21,21.21,10.44,34.37,73.31
20.64,20.64,10.51,35.63,74.72
16.51,16.51,8.43,35.79,74.71
17.18,17.18,9.10,32.57,74.88
16.87,16.87,6.14,32.05,74.12
16.61,16.61,4.51,32.44,73.96
17.37,17.37,6.16,27.31,73.68
16.62,16.62,8.71,32.35,71.66
15.08,15.08,9.01,28.12,67.43
11.49,11.49,5.93,30.01,66.59
9.62,9.62,2.19,29.30,65.85
17.48,17.48,2.79,25.57,64.93
19.71,19.71,5.29,23.16,64.49
19.51,19.51,6.24,32.80,63.23
18.71,18.71,6.60,34.44,62.16
22.62,22.62,8.66,34.58,62.29
20.36,20.36,9.10,35.69,65.60
19.23,19.23,10.25,35.47,69.53
18.91,18.91,11.14,32.04,69.25
18.34,18.34,13.87,38.53,70.29
20.54,20.54,15.68,39.15,72.88
20.40,20.40,15.97,39.76,70.58
21.07,21.07,13.94,38.78,71.28
19.58,19.58,14.17,39.26,69.90
21.86,21.86,15.62,38.10,70.95
20.72,20.72,16.86,38.19,67.99
18.58,18.58,18.77,37.09,69.12
14.93,14.93,21.87,41.50,66.50
14.87,14.87,22.10,40.35,66.05
16.51,16.51,19.21,30.63,71.78
16.32,16.32,11.94,30.46,71.99
14.89,14.89,8.44,29.74,71.83
16.56,16.56,10.99,31.55,73.50
17.86,17.86,13.21,32.16,73.14
18.24,18.24,13.67,31.90,73.52
15.38,15.38,12.49,34.01,68.67
14.36,14.36,12.07,31.40,66.55
14.76,14.76,11.12,26.60,68.50
16.46,16.46,6.36,27.47,71.31
18.30,18.30,3.95,28.59,73.39
21.65,21.65,6.66,28.77,72.70
22.82,22.82,9.71,26.06,72.92
24.44,24.44,13.88,25.32,74.79
27.58,27.58,15.24,30.82,75.22
28.68,28.68,15.43,32.47,72.99
24.13,24.13,20.12,34.49,70.77
21.61,21.61,15.53,34.66,69.80
21.86,21.86,13.66,39.30,70.13
24.42,24.42,11.30,36.54,71.64
27.64,27.64,12.68,35.89,72.84
28.15,28.15,11.22,35.13,73.62
32.45,32.45,16.28,36.52,74.58
34.07,34.07,15.52,35.83,74.07
30.50,30.50,14.05,32.09,75.13
28.24,28.24,14.29,28.88,74.33
28.74,28.74,14.45,33.15,66.20
28.50,28.50,9.63,35.11,68.12
23.27,23.27,7.87,28.46,67.54
19.68,19.68,10.00,34.32,70.25
14.62,14.62,11.48,29.49,72.60
19.94,19.94,10.50,29.86,73.66
27.33,27.33,15.56,28.34,73.99
27.01,27.01,12.17,28.77,74.51
21.88,21.88,20.92,29.57,74.74
19.89,19.89,24.16,27.06,73.38
20.33,20.33,22.49,29.29,72.93
21.97,21.97,26.25,25.97,66.64
20.98,20.98,26.00,31.01,67.79
17.90,17.90,24.75,29.95,69.21
17.48,17.48,21.39,31.30,68.93
14.65,14.65,21.21,37.13,68.56
19.96,19.96,24.02,33.72,68.80
21.75,21.75,23.99,39.92,67.40
20.39,20.39,26.67,39.98,64.85
24.29,24.29,20.04,37.53,64.60
18.09,18.09,16.94,36.32,65.79
7.88,7.88,21.78,36.85,69.62
4.59,4.59,25.39,28.60,72.81
7.55,7.55,13.67,30.20,75.89
10.22,10.22,12.14,29.57,74.62
11.81,11.81,11.19,27.12,75.62
13.80,13.80,10.31,24.08,76.90
19.11,19.11,7.62,26.46,76.73
15.53,15.53,7.00,24.01,75.68
12.94,12.94,2.61,23.23,74.21
12.62,12.62,2.95,28.10,73.20
14.30,14.30,4.90,30.93,73.38
13.70,13.70,9.14,29.12,68.78
12.67,12.67,5.05,34.85,65.83
13.80,13.80,4.90,33.60,67.89
14.89,14.89,6.67,37.36,66.25
13.77,13.77,5.51,37.19,64.00
17.66,17.66,7.99,34.82,65.10
17.83,17.83,7.91,32.94,65.21
14.60,14.60,8.36,27.81,64.43
12.63,12.63,7.22,31.13,67.31
12.79,12.79,12.49,28.46,70.20
19.75,19.75,13.80,38.35,71.97
23.54,23.54,7.25,32.79,71.29
22.84,22.84,9.48,34.12,72.29
22.21,22.21,9.10,35.96,71.69
20.86,20.86,5.68,33.52,71.24
16.77,16.77,7.32,35.18,70.01
11.11,11.11,7.17,37.33,71.33
7.04,7.04,4.05,35.43,70.41
7.49,7.49,2.65,36.13,67.02
12.06,12.06,1.77,35.68,67.74
11.04,11.04,2.05,37.40,71.03
8.55,8.55,2.57,34.35,71.65
12.03,12.03,2.45,25.05,73.21
13.38,13.38,2.31,21.59,74.02
16.89,16.89,3.78,22.11,73.81
20.47,20.47,4.38,22.17,75.24
22.64,22.64,4.64,26.13,75.67
21.34,21.34,2.90,27.17,75.52
18.87,18.87,1.74,33.54,75.65
18.51,18.51,1.74,36.26,73.45
19.05,19.05,2.03,33.94,73.31
18.43,18.43,3.14,32.42,72.92
19.60,19.60,4.45,33.88,74.21
19.40,19.40,8.99,38.73,74.88
22.89,22.89,9.82,40.18,74.28
22.50,22.50,9.00,40.78,74.78
18.87,18.87,9.50,42.39,74.86
14.40,14.40,9.47,40.33,72.49
13.97,13.97,9.29,35.48,65.80
18.10,18.10,2.85,29.54,71.08
18.24,18.24,2.21,35.00,76.07
18.16,18.16,2.13,27.86,76.46
18.36,18.36,2.87,35.45,76.62
16.87,16.87,2.99,33.25,76.50
16.33,16.33,5.83,29.13,75.44
17.40,17.40,5.97,34.80,72.74
15.51,15.51,4.33,29.12,67.99
14.59,14.59,7.02,26.71,67.73
9.89,9.89,4.07,29.83,67.54
7.15,7.15,1.92,30.18,72.73
7.82,7.82,1.95,25.16,76.41
8.84,8.84,5.47,28.17,76.16
11.16,11.16,6.79,30.53,76.78
12.91,12.91,8.21,32.51,77.10
14.89,14.89,10.39,34.94,77.02
16.93,16.93,11.31,37.57,77.05
17.30,17.30,11.56,31.40,76.50
14.34,14.34,8.59,31.69,66.20
20.05,20.05,14.17,33.09,68.87
21.29,21.29,11.68,25.03,69.89
23.63,23.63,6.12,26.97,69.92
26.90,26.90,14.22,27.97,69.62
30.08,30.08,12.45,29.86,70.64
25.83,25.83,8.12,30.93,65.01
20.34,20.34,14.34,31.71,63.52
14.63,14.63,16.94,31.86,64.68
18.56,18.56,9.56,32.05,66.08
19.25,19.25,5.31,27.87,70.00
16.77,16.77,4.91,33.75,70.46
17.34,17.34,8.66,33.41,70.12
21.06,21.06,2.47,28.95,71.08
22.51,22.51,3.24,26.97,74.45
21.56,21.56,4.04,30.50,75.29
22.77,22.77,2.47,27.74,76.83
21.67,21.67,4.31,23.80,74.15
20.76,20.76,5.45,29.84,72.82
20.84,20.84,2.58,24.65,72.43
23.17,23.17,1.95,28.24,69.29
24.19,24.19,2.35,29.21,66.04
26.55,26.55,1.78,30.16,66.63
28.15,28.15,2.23,29.12,65.49
26.68,26.68,4.36,33.83,63.70
25.79,25.79,3.96,36.18,64.36
25.58,25.58,4.48,36.81,59.41
24.66,24.66,4.13,32.60,59.82
21.73,21.73,4.05,34.82,63.06
20.11,20.11,3.30,34.50,66.65
12.53,12.53,3.53,31.82,68.58
8.34,8.34,1.74,32.89,70.41
9.83,9.83,1.74,28.93,70.58
7.26,7.26,1.78,32.34,70.92
4.88,4.88,1.83,30.03,72.50
6.03,6.03,2.04,31.15,70.84
9.85,9.85,1.82,39.26,72.57
15.64,15.64,2.20,32.92,69.41
17.74,17.74,2.45,38.00,69.57
16.26,16.26,1.76,36.06,70.09
10.11,10.11,1.74,37.62,67.17
3.44,3.44,1.74,27.82,70.12
1.12,1.12,1.74,26.35,72.10
2.51,2.51,1.74,24.40,71.37
4.98,4.98,1.74,24.72,71.52
8.93,8.93,1.74,22.94,72.04
14.87,14.87,1.74,23.96,72.46
14.87,14.87,1.74,22.82,72.85
10.06,10.06,1.74,22.65,69.82
12.49,12.49,1.74,29.06,65.25
19.08,19.08,1.74,29.60,68.59
20.40,20.40,1.74,30.63,72.99
18.31,18.31,1.79,32.03,74.54
17.37,17.37,2.18,35.49,74.08
14.74,14.74,2.27,36.43,74.49
11.65,11.65,1.86,38.85,74.18
11.66,11.66,2.22,40.20,73.73
11.65,11.65,2.21,41.46,69.48
11.78,11.78,2.71,40.32,67.06
16.63,16.63,1.74,32.21,67.79
19.15,19.15,1.74,33.51,68.80
22.67,22.67,1.95,30.00,72.46
19.86,19.86,1.98,29.32,73.12
18.92,18.92,1.88,33.16,74.57
21.58,21.58,1.78,31.53,74.83
22.22,22.22,1.74,33.52,74.33
20.69,20.69,1.74,26.58,74.27
22.54,22.54,2.32,23.71,65.94
18.50,18.50,2.31,30.43,66.59
11.04,11.04,1.80,24.21,68.27
8.69,8.69,2.05,20.60,71.75
5.89,5.89,3.04,20.76,74.32
8.81,8.81,5.50,24.24,74.80
13.43,13.43,7.33,25.74,73.72
20.53,20.53,7.58,33.15,74.22
21.45,21.45,8.73,33.59,73.92
15.63,15.63,9.06,30.17,74.53
15.85,15.85,4.19,30.96,75.13
17.83,17.83,4.45,31.99,71.78
15.59,15.59,7.13,33.86,64.32
18.59,18.59,4.47,34.19,64.97
20.16,20.16,8.31,34.39,65.73
20.26,20.26,11.52,34.41,65.75
23.53,23.53,7.20,35.89,66.74
29.92,29.92,7.58,29.24,65.14
22.91,22.91,15.04,28.96,60.69
20.76,20.76,10.22,31.63,61.29
16.55,16.55,4.68,28.33,64.07
10.56,10.56,4.72,26.21,68.89
4.01,4.01,3.84,29.31,71.23
1.81,1.81,3.12,29.58,73.08
4.37,4.37,3.70,31.64,74.74
5.73,5.73,3.36,33.58,75.12
7.12,7.12,3.53,28.61,73.59
10.09,10.09,2.40,28.91,73.74
10.85,10.85,3.58,29.07,74.20
12.39,12.39,3.04,30.43,72.89
11.62,11.62,1.81,25.87,74.06
8.32,8.32,1.74,29.69,72.14
8.91,8.91,1.84,31.87,64.51
10.25,10.25,1.82,27.44,62.77
13.82,13.82,1.86,26.18,61.27
15.57,15.57,1.85,28.59,60.90
17.31,17.31,1.80,35.53,59.08
16.41,16.41,3.06,41.39,60.14
16.08,16.08,6.80,38.42,58.29
15.29,15.29,7.38,36.87,59.86
13.72,13.72,5.18,37.07,61.87
7.74,7.74,3.65,36.44,66.24
5.37,5.37,4.25,37.85,70.20
4.14,4.14,1.91,42.67,70.93
2.17,2.17,1.74,44.05,73.26
2.90,2.90,1.74,46.95,69.62
3.57,3.57,1.74,47.98,72.19
4.14,4.14,1.79,49.74,71.55
7.05,7.05,2.05,50.67,69.06
6.74,6.74,2.11,48.72,69.43
3.38,3.38,2.09,44.09,66.96
1.89,1.89,1.78,43.36,66.82
3.99,3.99,2.08,42.95,70.89
7.42,7.42,3.43,34.59,69.91
10.02,10.02,4.16,34.36,71.33
11.67,11.67,3.67,35.37,71.15
12.09,12.09,3.26,35.70,71.76
13.91,13.91,2.07,34.68,71.92
10.62,10.62,1.81,35.02,71.29
7.25,7.25,1.76,32.72,70.73
6.73,6.73,1.74,31.39,70.65
9.88,9.88,1.74,30.98,66.95
17.51,17.51,1.74,30.40,74.21
24.48,24.48,1.85,36.05,75.89
27.68,27.68,2.75,35.17,75.49
28.07,28.07,7.55,35.20,75.48
28.01,28.01,11.67,37.21,75.27
26.43,26.43,13.03,39.46,75.55
24.26,24.26,11.01,39.49,74.64
20.56,20.56,10.77,38.78,63.64
14.25,14.25,6.42,32.66,62.50
12.87,12.87,5.16,33.06,67.17
20.88,20.88,3.25,30.01,74.45
25.95,25.95,5.14,30.04,75.98
28.32,28.32,7.60,29.22,76.39
25.72,25.72,11.51,31.17,76.25
21.29,21.29,12.50,31.25,75.96
19.38,19.38,15.53,31.27,75.87
20.32,20.32,16.44,32.85,74.78
19.18,19.18,16.07,36.67,62.16
17.28,17.28,14.98,36.80,66.19
14.21,14.21,11.92,34.00,68.56
11.19,11.19,7.78,30.36,74.13
9.98,9.98,10.25,30.47,74.14
13.02,13.02,13.79,36.59,75.81
16.02,16.02,16.48,41.19,76.23
15.53,15.53,16.23,36.57,77.34
16.76,16.76,16.18,29.02,76.84
10.13,10.13,14.91,29.04,76.71
16.77,16.77,14.96,31.77,65.76
33.55,33.55,11.72,30.73,65.75
39.66,39.66,11.84,33.28,66.67
41.27,41.27,14.19,34.91,66.77
41.51,41.51,17.68,32.47,66.26
40.86,40.86,16.71,37.89,64.88
42.26,42.26,21.23,32.80,64.32
36.50,36.50,22.38,37.95,57.76
29.31,29.31,21.49,41.91,53.23
26.86,26.86,19.32,44.15,57.99
25.10,25.10,13.83,42.22,64.42
15.29,15.29,13.92,40.47,68.38
13.25,13.25,12.48,38.72,73.00
12.65,12.65,13.11,39.31,74.69
12.58,12.58,12.58,38.85,75.98
13.92,13.92,13.02,28.67,75.95
18.32,18.32,12.94,20.89,76.29
21.73,21.73,9.26,28.60,75.86
17.97,17.97,8.61,33.85,76.23
19.04,19.04,8.86,39.76,75.17
22.40,22.40,10.28,36.33,75.13
20.78,20.78,10.57,38.77,59.54
17.74,17.74,11.77,38.66,55.06
20.30,20.30,11.09,39.21,54.26
21.19,21.19,13.55,37.51,51.05
17.99,17.99,16.82,37.28,43.42
17.75,17.75,21.09,40.66,43.38
24.29,24.29,22.71,40.95,45.69
27.55,27.55,21.16,41.81,50.94
26.35,26.35,17.93,38.69,57.87
21.07,21.07,12.20,38.77,65.81
17.28,17.28,9.94,38.00,66.15
15.35,15.35,16.13,35.88,67.30
11.13,11.13,13.72,37.26,67.18
9.21,9.21,14.00,36.13,70.00
8.19,8.19,11.50,38.39,66.52
7.40,7.40,8.13,33.73,67.79
9.35,9.35,8.24,35.43,69.33
10.57,10.57,8.63,37.44,65.40
9.20,9.20,6.94,33.61,68.70
10.68,10.68,5.43,36.95,67.05
13.04,13.04,5.14,35.51,71.94
16.49,16.49,5.44,33.08,75.63
19.25,19.25,5.66,27.62,73.68
19.01,19.01,5.61,27.60,75.32
18.63,18.63,5.09,17.90,74.66
17.02,17.02,4.18,23.12,76.24
14.93,14.93,3.90,24.14,76.33
18.24,18.24,4.30,32.92,76.45
18.12,18.12,2.75,31.11,54.56
15.78,15.78,2.63,27.67,36.40
15.04,15.04,3.03,22.92,75.26
17.58,17.58,4.58,23.45,78.41
22.09,22.09,9.37,26.38,78.05
24.06,24.06,15.89,24.60,77.19
23.63,23.63,19.06,28.58,77.95
18.31,18.31,20.30,21.36,77.98
13.92,13.92,16.33,25.07,76.63
15.62,15.62,21.48,28.82,69.34
9.13,9.13,12.10,20.20,38.45
13.44,13.44,19.81,27.34,49.20
17.28,17.28,18.87,26.37,76.55
17.15,17.15,15.88,25.85,77.94
19.14,19.14,23.78,25.43,78.05
22.72,22.72,24.86,19.40,77.53
22.45,22.45,23.46,18.29,78.07
29.52,29.52,33.73,17.02,78.60
32.03,32.03,50.15,22.76,68.05
15.31,15.31,43.51,11.32,45.94
7.46,7.46,50.01,1.73,49.36
15.54,15.54,83.90,7.21,60.04
8.99,8.99,91.95,16.24,53.68
12.40,12.40,84.36,28.82,53.32
15.31,15.31,77.87,38.26,49.62
11.93,11.93,71.62,41.55,45.09
9.53,9.53,69.40,42.20,44.75
14.11,14.11,67.24,38.78,44.55
16.10,16.10,64.96,40.52,45.19
16.60,16.60,63.51,40.29,46.12
18.21,18.21,65.73,40.59,50.34
16.24,16.24,65.21,43.55,51.29
13.59,13.59,65.43,46.24,52.19
16.23,16.23,63.19,47.65,44.37
19.13,19.13,62.17,45.83,38.56
21.66,21.66,61.28,39.49,35.32
26.33,26.33,60.04,33.54,35.16
24.53,24.53,51.71,29.40,36.81
26.74,26.74,53.37,24.82,36.71
28.61,28.61,52.60,28.84,33.52
27.30,27.30,53.94,32.69,38.34
29.78,29.78,54.20,29.67,37.01
27.38,27.38,52.87,28.46,34.62
26.50,26.50,51.18,27.93,35.84
27.25,27.25,52.07,31.32,37.64
28.03,28.03,52.19,28.34,37.02
24.73,24.73,54.97,22.73,39.92
19.99,19.99,54.53,23.08,44.16
18.60,18.60,56.46,22.01,43.15
17.12,17.12,62.94,19.35,45.47
16.36,16.36,73.68,13.76,46.27
10.78,10.78,75.85,16.60,44.74
15.66,15.66,69.83,28.99,43.37
16.55,16.55,68.71,41.62,43.17
14.75,14.75,69.71,44.25,43.43
17.18,17.18,73.01,42.91,48.33
21.43,21.43,76.73,43.93,56.74
24.77,24.77,81.65,42.72,63.51
23.89,23.89,87.87,44.75,68.81
16.53,16.53,91.15,50.98,68.53
9.76,9.76,78.84,60.64,70.00
9.54,9.54,88.21,65.36,76.83
12.69,12.69,89.43,72.41,79.76
16.27,16.27,78.67,77.65,79.47
14.97,14.97,81.33,79.56,79.55
14.33,14.33,73.67,78.62,77.61
13.69,13.69,71.17,77.92,79.73
13.46,13.46,71.31,78.17,79.35
12.29,12.29,70.02,78.15,72.16
13.61,13.61,68.10,80.03,73.64
13.16,13.16,68.82,78.97,76.38
17.13,17.13,64.67,78.98,79.35
16.98,16.98,66.35,78.85,80.37
17.65,17.65,60.51,78.69,80.96
17.17,17.17,58.90,78.42,80.55
16.22,16.22,62.24,78.72,80.14
19.14,19.14,49.29,78.07,79.04
17.13,17.13,58.33,78.16,74.26
13.07,13.07,58.64,78.21,73.09
10.66,10.66,57.53,77.99,73.00
17.62,17.62,66.06,77.62,77.56
20.25,20.25,68.22,77.29,79.74
22.22,22.22,62.89,76.04,80.56
23.10,23.10,55.20,75.70,80.99
23.31,23.31,48.16,75.06,82.03
24.56,24.56,44.28,73.04,81.16
25.21,25.21,38.33,72.63,81.69
26.65,26.65,43.94,72.14,80.83
23.75,23.75,41.13,72.81,74.20
16.20,16.20,46.38,73.81,74.86
17.47,17.47,55.57,74.37,77.14
20.75,20.75,55.69,73.15,79.17
21.48,21.48,53.38,75.23,80.76
18.24,18.24,45.51,74.58,80.57
20.06,20.06,38.16,75.42,81.55
21.62,21.62,34.99,75.15,82.25
18.18,18.18,47.32,76.02,80.20
10.52,10.52,52.99,75.34,74.92
5.84,5.84,64.11,74.61,74.45
13.38,13.38,80.50,69.88,76.61
11.77,11.77,89.91,70.28,78.34
12.12,12.12,88.03,68.20,80.36
10.34,10.34,78.00,70.95,83.91
7.60,7.60,71.66,71.46,83.74
10.77,10.77,65.90,70.42,82.80
15.63,15.63,62.12,71.84,83.64
17.48,17.48,57.76,68.80,81.70
14.28,14.28,57.66,70.64,80.47
11.96,11.96,60.08,68.82,80.21
13.24,13.24,66.29,66.76,77.73
8.69,8.69,78.87,67.20,77.30
6.45,6.45,90.81,68.11,76.86
16.11,16.11,88.28,70.14,77.43
20.63,20.63,74.81,70.83,77.10
22.45,22.45,80.94,69.85,77.27
22.98,22.98,72.52,69.50,74.58
22.36,22.36,71.16,69.81,74.01
17.54,17.54,67.09,69.54,73.20
11.78,11.78,65.36,70.74,73.75
10.19,10.19,65.68,69.31,76.27
8.99,8.99,69.66,68.14,77.40
8.14,8.14,63.76,70.25,80.83
9.09,9.09,65.11,70.99,79.12
11.27,11.27,62.50,70.07,79.76
12.41,12.41,60.47,68.51,80.39
17.86,17.86,59.41,67.73,81.20
22.01,22.01,60.43,66.15,79.75
15.77,15.77,55.05,63.67,77.11
15.43,15.43,53.94,66.23,77.13
12.75,12.75,58.56,67.45,76.85
11.10,11.10,52.96,69.32,75.15
10.86,10.86,54.77,66.91,76.10
11.85,11.85,51.29,68.50,75.82
15.37,15.37,47.23,69.77,75.06
16.35,16.35,45.71,70.27,75.30
16.53,16.53,45.01,69.29,74.35
19.35,19.35,49.63,67.53,75.76
11.92,11.92,56.79,68.17,75.59
7.16,7.16,62.85,67.02,75.85
15.12,15.12,85.52,67.28,78.10
11.36,11.36,90.19,66.99,79.96
14.67,14.67,81.47,66.59,79.98
17.23,17.23,82.24,64.80,80.31
18.71,18.71,78.71,66.85,81.44
19.70,19.70,69.83,66.79,81.15
21.45,21.45,67.57,68.02,80.55
19.26,19.26,65.23,67.04,79.49
19.81,19.81,64.59,64.81,73.55
19.82,19.82,67.70,63.30,75.16
18.16,18.16,66.98,63.54,79.54
20.61,20.61,57.98,66.36,79.62
19.43,19.43,60.59,64.68,79.04
19.92,19.92,58.85,62.43,74.88
20.44,20.44,59.47,64.75,76.25
23.20,23.20,53.86,65.53,76.30
25.20,25.20,50.87,65.05,76.91
21.40,21.40,53.26,67.28,78.21
12.64,12.64,56.05,67.07,77.93
11.54,11.54,63.84,66.24,77.34
4.97,4.97,70.67,62.01,79.17
3.95,3.95,68.79,63.65,81.06
6.11,6.11,68.73,65.50,80.89
8.03,8.03,66.64,65.55,81.30
11.51,11.51,64.76,64.21,82.06
15.12,15.12,62.34,64.38,80.49
17.62,17.62,62.04,65.76,79.37
16.79,16.79,64.00,63.48,75.44
13.69,13.69,66.33,65.85,76.77
12.96,12.96,65.17,62.36,80.02
18.34,18.34,64.53,62.04,81.87
18.84,18.84,64.93,64.48,81.55
20.65,20.65,63.10,60.79,83.01
23.04,23.04,61.67,62.92,83.12
22.53,22.53,59.67,62.42,83.60
25.07,25.07,59.47,62.69,82.43
19.44,19.44,59.52,60.39,77.95
9.45,9.45,64.66,60.67,76.64
5.80,5.80,68.39,52.35,78.04
7.66,7.66,89.40,57.33,80.23
7.02,7.02,89.57,54.82,81.13
11.06,11.06,79.64,58.30,81.90
6.91,6.91,73.63,59.14,81.88
9.79,9.79,68.38,60.73,82.40
16.53,16.53,61.05,60.17,82.06
24.13,24.13,61.56,60.41,79.69
21.66,21.66,55.99,60.81,77.71
15.30,15.30,62.83,62.89,79.91
16.75,16.75,64.39,61.84,79.12
17.78,17.78,57.78,60.48,77.08
13.88,13.88,48.12,59.32,76.39
17.16,17.16,47.28,59.29,75.10
18.74,18.74,47.45,61.42,75.85
17.12,17.12,44.43,61.27,76.23
16.54,16.54,44.04,61.85,77.17
19.04,19.04,42.22,59.03,76.49
17.96,17.96,44.57,58.47,75.34
15.52,15.52,45.58,58.52,74.73
12.95,12.95,49.75,60.89,75.64
9.81,9.81,66.61,63.53,80.15
9.52,9.52,67.09,60.70,80.50
11.44,11.44,61.45,58.06,80.50
13.76,13.76,53.73,60.45,80.98
15.30,15.30,46.49,57.84,81.70
14.47,14.47,46.80,58.74,81.64
14.68,14.68,43.65,56.79,80.41
15.14,15.14,49.83,54.46,73.79
13.75,13.75,57.05,52.66,76.59
9.33,9.33,60.86,50.74,74.92
8.32,8.32,86.09,45.23,77.70
10.72,10.72,91.29,41.77,75.94
15.64,15.64,84.99,45.21,74.99
15.30,15.30,80.75,46.84,73.66
16.72,16.72,79.33,50.01,73.35
17.29,17.29,72.89,52.27,73.95
18.76,18.76,68.60,52.50,74.13
15.39,15.39,78.37,55.39,75.46
11.67,11.67,82.25,63.94,73.38
12.35,12.35,71.15,68.28,79.21
7.65,7.65,68.38,75.79,78.06
8.70,8.70,65.32,80.25,77.07
12.86,12.86,58.26,78.91,77.22
14.87,14.87,65.65,70.57,77.64
15.55,15.55,66.62,78.70,78.26
15.47,15.47,66.25,77.15,78.88
15.17,15.17,69.26,75.50,78.56
13.50,13.50,66.48,78.56,80.37
13.12,13.12,68.81,76.58,76.77
11.05,11.05,66.74,74.52,77.56
17.01,17.01,64.42,76.17,80.29
17.36,17.36,61.10,77.76,80.57
17.12,17.12,60.11,77.94,81.44
16.91,16.91,60.33,77.71,82.21
18.51,18.51,58.22,77.03,82.75
20.41,20.41,55.97,76.99,81.69
16.10,16.10,52.75,78.24,76.06
7.30,7.30,62.07,78.30,75.75
6.24,6.24,72.01,77.16,77.86
10.99,10.99,89.86,75.46,80.03
12.04,12.04,90.15,76.15,81.72
17.23,17.23,80.58,77.57,81.15
21.88,21.88,81.90,77.32,82.54
25.05,25.05,77.62,77.92,82.21
25.69,25.69,68.01,78.05,77.31
23.04,23.04,70.87,77.75,72.63
20.40,20.40,61.70,77.98,74.06
16.22,16.22,65.93,78.61,73.41
14.31,14.31,64.51,77.33,75.64
11.97,11.97,71.87,77.80,80.71
12.29,12.29,63.42,77.54,81.44
14.12,14.12,57.69,76.48,82.45
15.01,15.01,61.25,77.81,78.73
13.91,13.91,55.69,78.60,74.87
13.77,13.77,54.77,77.41,76.80
12.75,12.75,53.40,77.79,75.10
9.37,9.37,57.29,77.24,74.84
3.05,3.05,64.20,77.52,72.85
7.22,7.22,84.11,77.03,77.28
6.41,6.41,91.08,75.65,80.15
7.81,7.81,83.65,74.17,81.81
9.16,9.16,72.14,73.93,83.40
16.46,16.46,65.82,70.43,82.82
20.45,20.45,60.35,73.73,82.72
18.30,18.30,54.62,77.34,83.49
15.58,15.58,52.63,76.21,83.09
14.01,14.01,53.60,74.71,76.08
17.11,17.11,62.76,72.69,77.22
11.47,11.47,73.01,73.27,76.75
3.09,3.09,85.15,76.53,73.75
10.97,10.97,90.00,75.48,73.01
21.60,21.60,80.62,75.65,73.21
26.82,26.82,81.62,74.94,75.32
28.07,28.07,79.50,77.49,76.08
25.44,25.44,68.88,76.38,75.75
22.45,22.45,68.50,77.49,76.04
17.83,17.83,63.68,77.91,75.53
11.65,11.65,62.08,76.90,74.41
11.64,11.64,72.58,76.53,77.93
11.38,11.38,65.18,75.00,80.62
13.90,13.90,62.19,74.72,80.35
19.04,19.04,60.23,76.57,81.35
20.81,20.81,61.66,75.74,80.98
20.11,20.11,52.63,75.07,80.94
21.56,21.56,56.40,76.09,80.96
22.18,22.18,56.06,75.01,75.24
19.23,19.23,57.64,74.18,77.92
16.26,16.26,55.15,76.55,76.24
13.19,13.19,51.56,75.36,74.48
13.52,13.52,48.66,75.32,76.28
12.77,12.77,45.53,74.87,75.55
14.49,14.49,45.40,75.49,73.73
16.52,16.52,45.04,74.48,75.27
17.37,17.37,42.24,75.58,74.35
16.40,16.40,44.74,75.15,73.83
15.98,15.98,54.91,73.98,74.48
8.82,8.82,68.06,69.52,74.56
7.25,7.25,76.48,58.11,75.60
6.54,6.54,87.80,56.51,77.70
10.99,10.99,89.37,62.13,80.55
17.36,17.36,77.13,70.35,81.41
19.10,19.10,82.60,72.60,79.73
18.83,18.83,71.43,74.16,79.65
17.66,17.66,71.12,73.58,80.37
17.60,17.60,68.63,74.21,81.07
18.66,18.66,61.03,75.50,80.48
17.27,17.27,58.81,74.35,77.66
16.53,16.53,62.89,74.16,76.80
19.77,19.77,63.58,74.52,81.69
17.96,17.96,53.66,73.10,82.73
16.80,16.80,58.09,72.90,82.31
16.85,16.85,59.44,73.77,83.18
17.95,17.95,59.54,72.55,83.24
18.89,18.89,51.34,73.25,82.79
18.65,18.65,54.78,74.08,80.58
13.21,13.21,55.24,72.34,77.30
7.94,7.94,56.55,72.30,76.25
10.80,10.80,67.59,72.14,76.91
8.43,8.43,69.46,71.74,81.38
9.60,9.60,67.80,72.84,81.23
11.65,11.65,67.49,71.13,81.48
16.06,16.06,65.72,70.25,79.73
19.28,19.28,62.68,71.10,80.76
16.35,16.35,61.40,73.66,81.55
16.14,16.14,60.94,72.45,81.64
16.14,16.14,61.61,72.62,76.08
14.12,14.12,63.40,71.59,75.27
14.89,14.89,65.51,71.97,79.87
16.83,16.83,62.24,72.84,81.82
15.90,15.90,63.03,72.06,83.16
13.92,13.92,61.35,71.17,82.13
15.24,15.24,60.62,72.76,82.45
16.78,16.78,59.09,71.95,84.42
14.63,14.63,59.37,71.58,82.77
10.48,10.48,60.47,72.52,77.11
4.53,4.53,65.42,71.63,78.83
14.97,14.97,78.17,70.97,79.75
19.46,19.46,92.12,71.05,79.73
12.60,12.60,85.29,69.12,81.86
10.38,10.38,77.49,70.32,82.67
4.90,4.90,68.78,71.56,82.51
8.71,8.71,66.34,69.99,76.41
13.42,13.42,62.07,71.38,76.23
17.99,17.99,56.00,72.26,77.63
19.74,19.74,49.07,71.36,78.16
20.24,20.24,55.56,71.36,76.02
20.91,20.91,58.98,72.33,77.51
19.94,19.94,47.68,70.55,75.30
18.36,18.36,45.14,71.34,76.62
22.87,22.87,46.34,71.56,76.26
21.69,21.69,45.12,71.19,77.81
22.73,22.73,42.20,70.95,76.64
23.25,23.25,41.39,71.62,74.88
20.44,20.44,46.90,70.01,74.41
13.47,13.47,53.26,70.03,74.95
7.16,7.16,62.70,68.55,74.83
11.16,11.16,86.83,71.50,77.96
9.05,9.05,88.48,72.02,81.11
13.38,13.38,84.63,70.16,82.74
17.54,17.54,75.29,67.81,83.75
19.25,19.25,63.32,70.50,83.67
17.41,17.41,60.05,69.79,82.68
15.45,15.45,50.42,69.40,83.25
18.33,18.33,48.04,70.85,82.94
22.36,22.36,56.38,70.81,77.67
18.10,18.10,65.25,69.61,74.27
15.83,15.83,75.23,67.03,76.23
11.96,11.96,90.45,62.97,76.08
10.17,10.17,87.24,65.65,73.11
9.55,9.55,82.55,70.26,72.49
14.02,14.02,70.26,69.31,72.55
16.19,16.19,59.47,69.90,71.76
13.96,13.96,60.69,71.54,72.53
17.62,17.62,61.03,68.08,70.45
13.41,13.41,67.62,62.49,70.77
6.54,6.54,78.14,58.28,75.87
4.95,4.95,90.84,58.19,74.96
5.99,5.99,88.41,68.05,78.47
12.08,12.08,80.65,69.12,79.94
14.86,14.86,81.83,75.89,78.76
17.96,17.96,72.62,77.28,80.47
19.52,19.52,70.29,76.39,79.83
19.27,19.27,69.17,77.53,80.12
16.75,16.75,58.97,73.56,79.57
16.54,16.54,61.40,74.99,80.56
13.62,13.62,68.71,71.12,78.28
13.26,13.26,65.78,76.23,77.12
11.78,11.78,61.52,76.14,81.12
13.01,13.01,55.24,75.84,81.47
11.44,11.44,60.45,76.51,81.16
10.91,10.91,58.24,73.49,81.84
12.79,12.79,55.25,77.87,81.55
14.01,14.01,57.27,75.41,80.76
14.54,14.54,59.56,77.67,81.56
13.68,13.68,53.28,73.82,77.06
10.15,10.15,65.86,77.80,77.49
10.13,10.13,68.08,73.83,80.88
15.89,15.89,62.22,75.80,82.00
22.57,22.57,54.82,75.96,81.06
27.38,27.38,47.74,76.30,81.24
27.57,27.57,45.07,76.17,82.85
24.15,24.15,42.69,71.46,82.91
23.65,23.65,43.36,77.46,83.29
20.47,20.47,38.13,74.49,79.20
13.90,13.90,42.17,77.93,77.80
9.16,9.16,54.07,76.15,78.99
5.81,5.81,56.01,77.69,83.72
7.96,7.96,53.15,77.56,82.14
8.44,8.44,44.25,77.65,83.01
8.18,8.18,38.15,77.74,84.20
10.45,10.45,31.66,77.92,85.30
12.06,12.06,40.94,77.52,85.62
9.24,9.24,54.14,76.53,84.69
4.03,4.03,63.91,77.17,78.68
5.65,5.65,72.04,74.92,79.84
9.20,9.20,89.88,75.22,80.32
10.31,10.31,88.39,76.36,81.57
9.58,9.58,78.20,77.23,82.94
8.17,8.17,69.29,75.61,82.50
10.93,10.93,65.17,74.75,82.45
23.33,23.33,55.38,74.96,81.97
30.94,30.94,52.38,74.34,82.43
23.94,23.94,45.22,73.57,79.34
10.97,10.97,53.75,74.02,79.92
9.25,9.25,63.40,73.73,80.28
7.16,7.16,77.52,72.25,80.18
4.65,4.65,88.73,68.19,78.09
13.55,13.55,88.10,68.47,77.35
15.30,15.30,78.57,71.68,77.55
14.21,14.21,82.11,74.38,76.43
14.17,14.17,73.08,76.15,77.16
12.38,12.38,70.71,75.84,77.89
9.66,9.66,62.84,76.21,76.13
6.38,6.38,59.40,75.51,76.17
6.84,6.84,68.86,73.95,78.16
7.76,7.76,69.04,73.70,82.82
6.06,6.06,64.03,74.22,82.98
10.27,10.27,59.07,74.07,83.23
13.18,13.18,60.52,72.92,83.69
14.79,14.79,59.26,72.63,84.10
12.88,12.88,57.02,74.39,84.28
13.58,13.58,54.72,74.65,82.74
13.70,13.70,57.53,74.47,78.03
11.38,11.38,52.65,74.25,77.03
9.90,9.90,56.53,73.56,76.73
8.28,8.28,56.63,73.97,77.25
11.01,11.01,53.78,74.30,75.14
11.05,11.05,50.42,73.49,75.54
13.69,13.69,46.78,74.30,75.57
13.27,13.27,45.11,74.28,75.20
12.69,12.69,45.09,74.46,73.47
13.37,13.37,49.82,75.01,74.38
7.33,7.33,56.44,74.48,74.62
2.07,2.07,61.34,73.09,75.34
9.37,9.37,84.33,70.82,77.54
19.47,19.47,90.49,70.57,78.76
22.39,22.39,81.77,71.39,79.04
15.00,15.00,82.25,74.39,79.55
17.00,17.00,78.24,72.65,79.78
17.02,17.02,72.02,73.81,80.27
14.58,14.58,66.87,73.12,78.33
21.46,21.46,67.56,73.70,80.44
27.77,27.77,57.26,74.13,80.33
29.22,29.22,68.95,74.08,80.78
24.91,24.91,70.02,73.92,79.25
16.75,16.75,57.53,74.00,80.24
13.25,13.25,57.82,73.55,80.59
12.15,12.15,56.73,72.87,79.08
9.92,9.92,59.66,74.87,80.68
11.41,11.41,56.30,73.76,80.12
12.11,12.11,51.28,75.13,80.91
9.91,9.91,53.63,74.36,81.24
7.05,7.05,54.49,74.78,76.37
7.06,7.06,62.47,74.50,78.92
6.75,6.75,71.07,72.60,81.97
7.57,7.57,68.45,70.78,83.75
8.45,8.45,67.95,71.76,83.00
10.15,10.15,66.21,70.87,82.11
11.93,11.93,64.24,72.61,83.06
13.50,13.50,61.68,71.30,82.63
15.84,15.84,60.18,73.52,83.57
18.79,18.79,62.30,71.61,79.70
21.55,21.55,65.43,71.66,79.16
25.44,25.44,63.88,70.93,78.79
24.86,24.86,64.24,69.89,82.90
19.46,19.46,63.00,70.22,82.47
16.30,16.30,61.98,68.06,83.51
18.74,18.74,60.64,70.36,83.45
22.14,22.14,59.97,66.62,79.11
17.47,17.47,59.04,68.14,77.62
10.62,10.62,60.97,66.29,77.42
3.95,3.95,65.62,70.58,77.52
5.26,5.26,70.10,71.30,78.74
9.10,9.10,88.89,70.28,77.24
7.95,7.95,89.07,69.16,80.25
13.38,13.38,80.20,68.61,80.52
18.88,18.88,73.15,70.63,81.98
22.98,22.98,65.98,70.18,83.54
24.96,24.96,59.05,69.90,83.21
24.40,24.40,57.46,70.32,83.51
21.16,21.16,47.62,69.39,77.22
17.74,17.74,59.83,70.88,80.16
17.15,17.15,62.35,69.63,79.70
18.08,18.08,55.12,71.02,79.83
15.25,15.25,47.83,70.91,77.36
14.11,14.11,46.70,70.39,77.78
16.50,16.50,47.99,70.57,74.49
16.99,16.99,42.97,70.29,77.04
15.85,15.85,43.09,69.96,75.63
18.13,18.13,41.21,70.16,76.54
18.67,18.67,43.21,69.89,75.73
14.31,14.31,45.41,70.13,76.41
10.37,10.37,47.38,70.06,75.43
9.57,9.57,65.95,69.73,80.24
6.93,6.93,66.60,68.75,79.98
10.07,10.07,60.37,70.17,81.26
18.62,18.62,52.90,69.31,80.33
22.28,22.28,45.94,66.49,81.50
21.05,21.05,40.08,55.85,80.66
18.28,18.28,37.91,43.87,82.14
14.15,14.15,47.31,40.99,82.00
11.38,11.38,58.56,33.23,78.83
7.32,7.32,61.20,18.84,76.84
7.77,7.77,84.45,12.76,75.92
8.46,8.46,91.36,17.10,77.82
13.10,13.10,86.10,21.37,76.51
12.52,12.52,78.63,28.26,75.01
13.30,13.30,79.95,24.27,75.01
13.14,13.14,73.62,29.81,74.58
12.43,12.43,69.46,35.43,74.98
11.38,11.38,77.95,43.39,75.53
10.63,10.63,82.92,51.58,76.26
13.42,13.42,72.09,57.09,77.05
11.01,11.01,66.89,66.21,78.82
11.65,11.65,63.86,67.88,78.94
15.04,15.04,58.65,73.27,75.43
16.01,16.01,58.19,78.36,72.61
14.65,14.65,54.01,79.00,74.26
13.76,13.76,57.25,79.84,75.59
11.70,11.70,55.64,77.85,75.52
12.18,12.18,59.19,75.81,76.16
14.20,14.20,54.80,74.31,76.13
8.22,8.22,51.68,75.79,77.66
7.30,7.30,55.64,74.55,80.69
8.34,8.34,53.35,74.91,81.67
13.50,13.50,45.06,75.78,81.64
14.97,14.97,38.42,74.37,81.39
16.06,16.06,39.02,75.18,81.49
20.27,20.27,41.63,74.52,81.00
17.14,17.14,49.67,73.34,81.82
9.66,9.66,61.25,73.46,80.13
7.88,7.88,72.39,71.92,77.95
6.12,6.12,88.93,68.74,79.78
5.70,5.70,90.86,71.37,80.80
10.56,10.56,78.60,69.54,80.68
10.59,10.59,81.32,72.16,81.34
11.66,11.66,79.02,74.66,80.83
15.76,15.76,68.64,73.42,81.10
19.65,19.65,68.78,74.80,80.82
19.55,19.55,63.14,73.91,74.75
18.02,18.02,66.63,72.36,76.66
14.51,14.51,66.27,72.90,76.99
12.73,12.73,73.00,72.75,79.12
14.05,14.05,61.39,72.39,80.66
15.37,15.37,54.98,72.59,80.35
13.86,13.86,60.87,72.06,82.27
20.00,20.00,56.61,72.26,84.40
24.79,24.79,56.20,71.27,84.11
24.76,24.76,54.54,72.31,84.81
19.13,19.13,55.02,71.30,77.93
6.64,6.64,65.52,70.49,77.71
4.87,4.87,82.53,69.82,81.10
6.65,6.65,90.44,67.81,81.67
12.67,12.67,83.70,61.24,83.31
7.06,7.06,71.78,58.09,82.52
9.14,9.14,66.66,61.02,82.02
19.85,19.85,58.88,62.41,83.00
28.26,28.26,56.05,62.76,82.12
29.76,29.76,50.69,61.88,83.11
21.52,21.52,55.59,59.46,76.76
13.34,13.34,62.40,58.37,77.97
9.08,9.08,69.78,60.81,79.27
2.33,2.33,85.74,60.05,78.08
8.49,8.49,89.84,56.30,75.86
13.55,13.55,80.69,60.95,75.84
14.00,14.00,81.27,64.12,76.30
14.43,14.43,79.17,63.85,77.10
15.20,15.20,72.00,63.67,75.84
13.97,13.97,67.37,65.29,75.66
8.90,8.90,65.70,66.11,74.10
5.18,5.18,65.63,60.55,74.36
9.07,9.07,71.84,64.28,79.86
6.74,6.74,65.69,66.65,82.09
9.57,9.57,61.50,65.65,82.08
11.97,11.97,58.07,63.07,83.20
13.65,13.65,60.51,63.79,83.63
16.04,16.04,55.40,65.73,83.38
19.83,19.83,56.85,63.74,81.57
19.39,19.39,56.05,60.42,82.62
16.25,16.25,57.66,59.13,82.20
14.86,14.86,53.12,57.89,79.69
13.71,13.71,52.65,57.85,79.07
11.72,11.72,50.24,56.99,77.78
15.91,15.91,48.56,55.48,78.71
19.98,19.98,46.19,55.71,79.46
20.84,20.84,44.69,56.21,78.34
19.16,19.16,45.53,54.35,78.26
15.45,15.45,45.81,56.26,75.67
14.17,14.17,52.18,53.97,76.36
9.32,9.32,59.40,51.84,76.67
6.81,6.81,71.73,54.63,79.51
7.10,7.10,89.77,58.35,80.51
6.89,6.89,88.16,57.46,79.96
11.22,11.22,80.59,60.90,81.55
14.40,14.40,81.56,60.40,78.97
17.80,17.80,72.14,61.20,79.15
17.51,17.51,70.77,62.04,80.15
17.14,17.14,67.98,60.84,80.21
16.03,16.03,59.60,62.82,80.88
14.97,14.97,61.47,61.49,80.98
18.86,18.86,61.40,60.15,81.83
18.41,18.41,63.65,62.78,81.05
16.13,16.13,56.52,63.16,82.43
13.34,13.34,58.80,62.21,81.87
12.12,12.12,58.62,62.35,83.06
12.21,12.21,57.16,62.32,82.94
12.72,12.72,53.89,61.25,82.63
14.02,14.02,54.70,61.90,79.86
12.61,12.61,56.29,61.16,78.37
11.67,11.67,57.41,62.24,78.21
15.27,15.27,67.32,58.35,80.46
16.43,16.43,70.81,52.43,81.49
12.87,12.87,68.52,56.79,82.01
14.64,14.64,67.90,59.00,82.70
20.03,20.03,65.38,60.73,83.08
24.66,24.66,63.52,60.16,81.89
27.96,27.96,62.12,55.34,80.85
24.32,24.32,60.97,57.64,77.39
17.27,17.27,62.83,61.43,76.53
9.02,9.02,63.44,59.33,78.17
8.59,8.59,64.90,58.14,82.50
13.88,13.88,63.15,57.03,82.43
19.88,19.88,63.97,56.90,82.37
22.43,22.43,61.17,56.52,82.55
20.31,20.31,60.47,55.15,82.97
19.82,19.82,59.92,54.66,81.74
17.91,17.91,59.95,56.13,81.82
15.24,15.24,61.20,55.67,78.23
8.71,8.71,68.05,48.94,77.96
8.85,8.85,78.12,45.08,79.16
8.84,8.84,90.91,48.22,77.58
6.57,6.57,85.51,55.10,80.03
7.35,7.35,78.18,52.87,79.82
3.27,3.27,69.84,51.46,80.94
15.34,15.34,65.18,52.83,81.15
25.40,25.40,58.57,53.14,81.30
29.65,29.65,60.40,52.35,81.97
28.45,28.45,48.03,52.51,79.08
24.85,24.85,54.72,56.87,79.11
23.66,23.66,58.20,55.17,77.69
25.28,25.28,48.56,56.22,77.15
19.54,19.54,43.55,56.91,76.44
22.64,22.64,45.01,54.01,77.07
18.21,18.21,44.25,55.69,76.91
26.33,26.33,40.71,53.31,76.95
27.37,27.37,39.14,50.35,77.82
27.13,27.13,42.14,50.65,77.11
19.23,19.23,52.58,48.52,76.35
6.82,6.82,63.45,55.00,76.06
10.81,10.81,82.88,65.05,79.28
9.03,9.03,87.21,64.14,81.08
10.97,10.97,84.32,72.08,80.56
9.04,9.04,76.05,74.72,82.44
11.57,11.57,62.74,75.54,83.22
16.48,16.48,55.05,75.07,83.19
16.99,16.99,45.04,74.63,82.20
20.15,20.15,47.10,74.85,82.11
22.32,22.32,56.03,72.70,78.06
15.62,15.62,66.20,72.06,76.61
10.93,10.93,77.02,70.11,77.41
13.49,13.49,89.64,67.47,77.58
13.46,13.46,87.16,61.96,77.00
8.72,8.72,82.57,60.76,76.38
14.65,14.65,71.30,61.88,76.47
16.45,16.45,59.03,60.52,74.62
13.49,13.49,57.71,59.66,74.20
17.09,17.09,58.26,56.06,76.12
16.64,16.64,65.14,52.03,76.18
3.53,3.53,76.29,63.34,76.03
5.04,5.04,89.73,72.44,77.05
7.24,7.24,86.54,77.08,79.78
13.76,13.76,82.43,77.67,79.30
17.08,17.08,80.86,79.64,80.23
18.36,18.36,73.38,78.79,80.53
18.75,18.75,70.60,78.55,80.63
20.51,20.51,71.37,78.76,81.58
21.07,21.07,68.91,79.83,81.79
22.04,22.04,65.79,80.72,81.43
19.02,19.02,67.35,81.98,78.15
18.00,18.00,67.31,81.00,79.27
13.02,13.02,64.14,81.02,80.21
12.16,12.16,55.40,80.66,79.00
12.11,12.11,59.78,80.36,81.29
12.13,12.13,60.27,80.16,80.49
15.82,15.82,54.98,81.36,80.16
18.09,18.09,57.01,80.19,79.69
15.93,15.93,61.92,79.71,76.32
13.44,13.44,55.68,79.53,75.02
12.20,12.20,64.58,78.37,77.37
9.18,9.18,68.44,78.00,80.15
7.91,7.91,62.86,77.89,81.07
12.82,12.82,55.89,76.25,81.91
16.41,16.41,47.62,74.71,81.89
18.92,18.92,43.94,75.73,82.16
20.19,20.19,40.03,75.67,81.95
22.12,22.12,45.15,76.28,78.40
18.98,18.98,38.83,76.36,77.01
14.21,14.21,45.66,76.10,75.53
10.89,10.89,52.78,76.52,77.69
9.02,9.02,55.93,77.49,80.78
11.64,11.64,54.95,76.94,80.98
12.46,12.46,46.61,77.58,82.10
12.20,12.20,41.48,77.27,82.64
13.80,13.80,36.65,77.63,83.67
11.82,11.82,39.09,77.91,84.44
8.12,8.12,49.89,78.51,77.82
3.44,3.44,60.54,76.85,76.42
5.37,5.37,73.50,72.49,78.17
12.66,12.66,89.36,72.70,80.88
16.59,16.59,88.72,68.66,83.29
13.78,13.78,79.02,74.80,83.34
17.26,17.26,68.97,75.18,83.38
20.20,20.20,63.39,74.91,83.97
32.40,32.40,56.90,75.29,83.70
40.70,40.70,51.82,75.67,83.58
36.55,36.55,50.80,75.47,83.91
26.49,26.49,56.23,74.20,80.70
13.01,13.01,64.11,73.95,77.76
7.45,7.45,77.02,74.07,78.88
5.47,5.47,88.69,72.62,76.43
14.39,14.39,89.42,73.92,76.25
16.52,16.52,74.38,73.43,75.28
16.14,16.14,82.42,74.00,74.35
18.09,18.09,71.54,72.34,74.20
17.23,17.23,71.24,71.45,73.80
13.78,13.78,67.81,72.69,75.27
8.95,8.95,63.56,71.56,73.84
5.86,5.86,66.14,71.07,76.61
4.59,4.59,69.45,73.75,81.95
4.22,4.22,63.62,72.87,83.00
8.98,8.98,59.07,72.03,82.75
10.77,10.77,60.50,73.13,83.41
7.71,7.71,57.33,72.10,83.35
6.44,6.44,57.37,71.95,83.35
6.67,6.67,49.46,71.79,83.21
9.72,9.72,56.70,70.78,80.88
10.83,10.83,52.31,72.17,80.29
8.34,8.34,54.55,72.33,79.46
7.44,7.44,55.56,70.26,79.17
10.15,10.15,52.89,70.50,78.69
10.87,10.87,50.49,70.38,78.03
10.73,10.73,48.45,69.82,78.11
9.66,9.66,45.42,70.60,78.34
9.51,9.51,46.18,70.33,78.02
9.97,9.97,48.21,68.77,78.36
6.86,6.86,57.26,68.66,76.91
3.09,3.09,61.69,66.35,77.67
9.05,9.05,83.49,63.12,81.64
4.14,4.14,90.76,62.76,81.63
7.29,7.29,83.38,61.91,81.93
13.51,13.51,82.09,64.31,82.32
15.93,15.93,78.55,68.71,82.42
17.37,17.37,69.95,69.91,80.57
17.54,17.54,67.90,69.61,80.34
15.26,15.26,64.32,68.97,79.43
16.67,16.67,65.34,65.40,78.13
15.82,15.82,65.93,62.02,78.20
13.31,13.31,67.51,64.99,79.60
16.70,16.70,58.86,67.27,82.30
14.23,14.23,59.22,66.48,82.24
13.70,13.70,58.34,66.79,82.16
10.86,10.86,59.66,66.12,83.72
12.26,12.26,56.17,65.54,82.88
14.50,14.50,51.89,67.30,81.11
16.17,16.17,53.20,67.63,78.62
17.09,17.09,55.05,66.83,78.65
15.79,15.79,62.09,67.22,78.49
9.14,9.14,69.81,66.96,81.90
5.97,5.97,67.81,65.45,83.59
10.04,10.04,67.77,66.06,84.96
14.10,14.10,66.24,65.22,84.10
19.61,19.61,63.91,66.01,84.47
24.58,24.58,61.56,65.52,83.40
25.70,25.70,61.18,65.75,84.03
25.90,25.90,62.60,65.19,80.47
22.49,22.49,64.39,66.03,80.44
19.66,19.66,64.77,64.28,80.43
19.37,19.37,63.06,64.37,83.06
21.88,21.88,62.76,64.62,84.24
22.63,22.63,61.64,63.16,82.48
25.23,25.23,59.50,64.60,84.17
30.89,30.89,59.24,64.16,83.62
33.28,33.28,59.00,62.44,83.87
27.13,27.13,58.44,61.75,80.58
18.98,18.98,64.42,59.82,81.33
10.28,10.28,66.89,54.87,80.53
8.51,8.51,88.68,57.75,79.94
11.14,11.14,89.64,57.45,82.03
6.68,6.68,80.03,57.70,82.79
6.58,6.58,73.99,60.07,81.80
8.47,8.47,66.77,58.80,82.52
13.01,13.01,61.18,59.32,82.93
15.37,15.37,60.69,58.40,82.98
14.19,14.19,54.97,56.61,79.45
14.36,14.36,60.25,62.12,79.78
16.19,16.19,62.97,63.19,80.23
15.79,15.79,55.93,60.58,79.37
12.94,12.94,46.45,61.76,79.86
15.97,15.97,47.11,59.14,77.63
18.11,18.11,47.09,60.42,79.59
18.68,18.68,44.20,58.95,78.84
14.99,14.99,43.53,61.33,79.13
24.57,24.57,41.28,59.81,79.48
22.79,22.79,42.76,59.99,78.83
19.14,19.14,45.89,59.46,78.56
20.24,20.24,47.37,60.43,78.77
8.07,8.07,64.69,60.90,79.78
6.27,6.27,66.70,59.36,83.20
9.88,9.88,60.85,58.83,84.57
14.78,14.78,53.74,56.74,83.51
16.12,16.12,46.42,57.22,83.81
13.46,13.46,42.29,57.32,81.98
9.02,9.02,40.95,58.55,83.69
8.05,8.05,47.96,55.87,82.07
9.08,9.08,60.84,52.24,80.32
5.43,5.43,63.16,49.22,78.78
7.46,7.46,82.69,47.38,79.68
9.46,9.46,91.23,45.45,79.28
16.04,16.04,87.77,45.79,77.84
15.16,15.16,78.05,47.60,77.77
16.23,16.23,80.09,48.92,75.73
17.73,17.73,72.88,50.62,78.35
17.27,17.27,68.55,55.06,76.25
17.00,17.00,78.09,57.40,77.88
13.45,13.45,82.20,66.77,77.49
9.42,9.42,72.39,71.61,78.41
5.92,5.92,67.06,75.41,79.77
8.17,8.17,65.11,81.69,79.97
11.04,11.04,60.38,81.70,80.28
15.54,15.54,58.63,79.36,80.00
19.99,19.99,53.23,77.66,80.77
22.00,22.00,52.41,79.22,80.16
23.22,23.22,52.63,80.58,81.05
21.48,21.48,54.87,81.08,78.40
18.27,18.27,54.16,76.78,78.89
12.53,12.53,49.25,75.34,76.72
14.14,14.14,53.62,77.86,81.06
11.45,11.45,51.72,77.77,81.03
12.09,12.09,45.69,77.92,81.58
12.23,12.23,39.12,78.32,83.02
15.13,15.13,39.74,77.33,82.17
17.46,17.46,38.04,75.19,81.83
13.35,13.35,49.13,76.55,78.68
7.56,7.56,60.94,76.47,75.32
7.71,7.71,72.88,75.57,76.61
7.62,7.62,86.57,69.96,78.99
7.10,7.10,91.14,73.52,80.47
12.15,12.15,78.35,76.87,80.58
14.26,14.26,81.77,78.02,82.28
15.33,15.33,79.46,79.28,81.30
16.49,16.49,69.02,78.95,81.41
19.81,19.81,69.33,80.16,81.91
20.01,20.01,64.65,79.43,81.31
18.59,18.59,67.01,79.65,74.47
14.14,14.14,63.74,78.96,74.17
10.64,10.64,73.22,79.00,78.98
10.83,10.83,61.80,77.89,79.75
13.94,13.94,60.56,79.57,79.13
14.03,14.03,59.93,78.42,80.55
19.46,19.46,57.92,78.62,81.64
17.37,17.37,54.38,78.09,80.37
11.88,11.88,51.81,78.13,76.02
7.01,7.01,56.13,77.31,76.28
13.55,13.55,61.00,76.97,76.28
27.05,27.05,80.40,74.63,77.85
31.45,31.45,90.44,75.49,81.38
25.31,25.31,83.74,75.57,83.31
12.01,12.01,73.90,71.18,84.39
13.81,13.81,65.63,69.10,83.52
23.30,23.30,57.37,74.75,82.90
19.65,19.65,55.25,71.71,84.61
32.32,32.32,50.55,72.34,84.22
16.96,16.96,49.17,74.92,81.04
12.68,12.68,63.28,73.44,81.68
6.12,6.12,66.74,70.72,81.08
5.82,5.82,85.31,70.77,80.72
11.54,11.54,90.01,72.91,79.59
16.63,16.63,79.39,71.06,78.70
18.46,18.46,82.42,72.99,77.05
19.26,19.26,78.48,74.88,77.43
21.39,21.39,71.33,74.04,77.50
19.90,19.90,67.98,73.97,76.45
15.75,15.75,64.09,73.84,75.70
8.64,8.64,63.13,74.29,75.02
7.38,7.38,71.15,74.91,78.72
7.47,7.47,66.23,75.87,81.92
10.67,10.67,61.70,74.73,80.92
13.25,13.25,61.55,71.98,81.87
13.38,13.38,65.14,70.89,81.39
16.50,16.50,50.37,74.00,80.80
19.62,19.62,57.12,73.54,81.01
18.13,18.13,58.56,72.24,80.96
15.67,15.67,57.31,74.52,79.32
14.21,14.21,54.05,74.30,78.47
14.14,14.14,51.48,73.43,77.80
12.05,12.05,50.54,73.09,78.51
12.21,12.21,47.85,74.60,78.32
14.24,14.24,46.26,74.01,76.60
15.28,15.28,42.28,72.84,75.96
17.68,17.68,47.81,73.34,77.00
17.10,17.10,51.19,74.29,76.10
14.11,14.11,51.88,72.32,76.30
8.39,8.39,58.36,71.61,76.25
5.04,5.04,70.73,69.74,79.25
5.13,5.13,89.91,67.67,78.70
6.32,6.32,87.73,69.11,80.17
13.60,13.60,81.58,71.60,78.99
15.91,15.91,81.52,71.86,80.35
17.90,17.90,72.81,72.62,82.03
19.23,19.23,69.57,73.18,80.25
21.41,21.41,70.47,72.64,80.48
22.49,22.49,60.56,73.01,81.91
22.34,22.34,60.50,73.77,78.91
22.62,22.62,63.59,71.80,77.66
25.45,25.45,63.27,71.48,81.72
20.72,20.72,55.47,73.12,81.60
16.93,16.93,59.42,70.87,80.46
17.86,17.86,59.91,70.95,81.70
21.62,21.62,57.81,72.01,81.99
26.30,26.30,51.96,72.06,81.11
24.25,24.25,54.90,73.04,79.36
18.21,18.21,56.33,73.30,77.15
9.47,9.47,56.22,72.02,77.52
12.15,12.15,65.99,72.30,79.37
15.48,15.48,69.79,72.70,82.52
16.74,16.74,67.22,71.64,80.08
15.07,15.07,66.74,70.89,79.89
13.25,13.25,64.73,71.55,80.16
20.36,20.36,61.40,71.39,81.41
18.39,18.39,60.30,72.15,81.60
13.97,13.97,59.35,73.69,78.80
19.04,19.04,60.82,71.45,76.95
18.47,18.47,62.35,69.58,77.87
14.16,14.16,63.16,71.12,78.35
14.54,14.54,61.30,70.92,78.79
13.64,13.64,60.83,72.01,79.94
15.31,15.31,57.98,72.74,81.63
14.99,14.99,58.81,70.45,82.76
19.24,19.24,57.46,71.01,83.06
18.09,18.09,58.45,72.38,82.89
11.50,11.50,59.36,71.08,78.84
5.92,5.92,64.26,71.37,76.63
8.40,8.40,75.42,72.57,79.75
9.25,9.25,91.52,71.65,78.19
7.99,7.99,85.51,70.19,80.99
11.32,11.32,77.89,71.58,81.59
18.23,18.23,69.75,70.74,80.99
21.92,21.92,66.29,70.94,81.19
23.17,23.17,60.62,72.52,81.64
30.23,30.23,57.01,71.69,82.76
31.67,31.67,50.53,71.43,82.17
26.61,26.61,52.78,72.52,76.82
21.60,21.60,58.10,71.77,77.95
23.21,23.21,46.49,71.35,78.96
21.48,21.48,43.26,71.49,77.87
17.61,17.61,46.04,70.95,75.86
17.90,17.90,44.87,70.93,75.85
21.27,21.27,41.56,72.17,76.16
25.20,25.20,41.21,70.84,75.23
27.94,27.94,42.05,70.53,75.64
25.21,25.21,51.76,70.65,76.86
11.48,11.48,60.70,68.28,74.26
6.32,6.32,82.95,67.10,80.25
7.56,7.56,87.62,67.57,82.95
8.87,8.87,84.57,65.76,83.18
9.76,9.76,75.80,62.38,84.63
11.66,11.66,62.83,62.91,83.97
12.19,12.19,60.46,61.33,82.81
10.64,10.64,48.56,60.81,82.44
10.38,10.38,45.41,61.93,82.97
15.59,15.59,57.28,59.08,82.26
16.98,16.98,67.74,50.72,83.36
12.90,12.90,75.49,47.26,79.70
11.91,11.91,90.22,46.66,77.48
12.17,12.17,87.42,44.74,78.28
11.17,11.17,82.77,46.36,77.49
15.14,15.14,71.91,46.19,76.94
16.35,16.35,58.16,39.74,77.47
12.12,12.12,58.78,47.02,77.09
13.79,13.79,56.68,42.41,73.82
13.21,13.21,64.32,48.03,75.29
3.53,3.53,74.93,59.76,78.60
4.18,4.18,90.55,70.56,78.00
7.37,7.37,86.89,74.01,78.48
11.56,11.56,82.07,81.30,76.58
12.56,12.56,80.06,84.18,76.77
16.03,16.03,75.26,84.37,76.46
20.03,20.03,69.72,83.85,76.85
19.15,19.15,70.64,83.96,78.04
18.70,18.70,62.89,83.14,77.35
18.13,18.13,57.78,82.80,78.74
14.55,14.55,66.35,80.96,77.38
12.96,12.96,67.42,81.58,79.17
10.75,10.75,59.64,81.85,80.25
8.53,8.53,55.83,81.76,81.26
6.30,6.30,60.95,82.95,80.84
6.49,6.49,54.90,83.24,80.43
7.05,7.05,54.43,82.83,80.82
5.56,5.56,54.80,83.80,81.13
4.28,4.28,58.70,82.03,80.83
3.97,3.97,53.08,82.56,80.69
6.60,6.60,64.91,81.83,80.42
5.85,5.85,68.39,83.02,79.89
10.63,10.63,63.47,80.95,81.51
16.88,16.88,56.36,82.14,82.19
21.46,21.46,48.76,81.77,82.40
24.23,24.23,42.84,81.66,82.15
28.75,28.75,40.31,81.90,81.87
16.90,16.90,39.80,80.97,80.05
14.16,14.16,37.60,80.62,79.79
10.85,10.85,41.11,79.91,76.09
10.34,10.34,50.61,80.08,77.44
9.33,9.33,56.32,79.31,80.53
11.31,11.31,53.85,79.13,80.56
10.96,10.96,45.42,79.47,79.86
12.81,12.81,39.26,79.10,79.51
9.51,9.51,31.83,80.33,80.61
5.44,5.44,40.30,79.83,80.36
4.35,4.35,50.89,79.18,76.84
3.56,3.56,62.62,79.00,78.62
5.00,5.00,72.96,78.93,77.43
9.51,9.51,88.10,77.75,78.85
6.25,6.25,87.39,77.55,81.07
5.77,5.77,79.06,77.54,82.88
7.00,7.00,69.96,78.55,84.03
9.51,9.51,63.79,79.38,83.84
12.16,12.16,59.08,79.06,83.00
10.54,10.54,52.72,79.02,81.73
8.88,8.88,44.82,78.62,82.65
10.54,10.54,51.70,78.78,80.32
12.31,12.31,64.78,78.14,77.62
8.06,8.06,77.13,76.08,78.32
3.30,3.30,88.26,75.20,75.69
13.71,13.71,87.95,75.47,77.68
16.36,16.36,79.87,77.10,76.38
17.28,17.28,81.56,78.82,76.74
18.89,18.89,73.52,79.26,77.37
18.74,18.74,70.06,79.74,77.58
14.26,14.26,66.56,78.61,77.46
8.28,8.28,57.34,79.52,75.22
6.86,6.86,68.27,79.41,74.64
6.67,6.67,69.95,78.76,83.17
6.60,6.60,64.84,76.95,80.89
10.15,10.15,59.45,77.41,81.83
12.20,12.20,57.91,76.56,82.41
13.18,13.18,58.72,76.86,82.86
12.78,12.78,56.37,76.21,82.46
14.98,14.98,51.45,75.76,82.99
16.89,16.89,54.91,77.39,83.40
16.74,16.74,47.79,77.56,81.47
14.94,14.94,51.09,77.03,78.73
11.83,11.83,53.58,76.35,77.71
11.45,11.45,53.53,76.37,77.90
9.55,9.55,48.53,76.52,77.90
9.76,9.76,45.20,76.77,78.85
9.23,9.23,40.17,77.05,78.45
11.33,11.33,39.51,76.83,77.35
14.04,14.04,44.83,76.12,78.31
10.80,10.80,55.86,75.33,78.88
2.27,2.27,64.16,73.08,77.97
7.81,7.81,81.72,65.60,79.00
3.52,3.52,90.91,65.15,81.12
4.55,4.55,84.85,62.05,82.94
7.95,7.95,81.61,70.27,83.19
10.04,10.04,78.76,72.50,83.22
10.36,10.36,71.65,74.60,82.67
12.63,12.63,67.25,74.22,82.87
12.25,12.25,63.59,74.37,82.25
16.78,16.78,62.19,74.95,83.05
15.74,15.74,65.79,73.49,83.23
14.19,14.19,69.55,74.14,81.72
17.31,17.31,60.99,73.41,81.47
14.01,14.01,57.93,74.32,81.21
13.87,13.87,58.74,74.28,81.09
11.91,11.91,58.84,74.26,81.72
12.75,12.75,55.09,73.98,82.64
13.56,13.56,49.49,73.98,82.50
15.18,15.18,54.70,73.53,80.46
12.07,12.07,52.14,73.42,77.15
7.15,7.15,61.40,73.25,78.56
3.62,3.62,70.25,75.09,82.13
3.58,3.58,68.66,75.57,83.88
8.15,8.15,67.32,75.58,83.06
12.18,12.18,66.59,74.33,84.56
18.99,18.99,64.32,74.59,81.45
25.18,25.18,61.53,72.81,82.85
26.32,26.32,60.47,71.74,82.34
21.28,21.28,62.57,69.73,79.17
16.38,16.38,64.39,69.22,79.34
15.40,15.40,64.60,68.20,79.40
13.96,13.96,63.84,68.83,81.44
13.47,13.47,62.80,70.81,82.67
15.96,15.96,62.80,70.82,83.58
21.79,21.79,61.17,71.28,84.43
19.94,19.94,60.26,70.29,83.46
22.23,22.23,59.87,70.55,85.23
21.42,21.42,58.51,70.98,81.71
12.81,12.81,66.29,69.36,79.86
4.32,4.32,67.97,68.55,78.68
9.07,9.07,87.88,67.85,79.28
7.47,7.47,90.25,68.97,79.15
9.54,9.54,81.10,69.42,81.72
5.35,5.35,74.70,69.38,81.64
7.62,7.62,65.50,70.01,82.61
13.59,13.59,58.79,70.63,82.16
26.86,26.86,57.69,71.70,82.33
31.28,31.28,46.51,70.87,83.66
22.76,22.76,57.27,71.45,81.39
20.43,20.43,59.07,70.84,78.27
16.92,16.92,55.73,71.72,77.92
19.52,19.52,46.40,71.36,77.82
24.50,24.50,46.35,71.50,77.55
28.10,28.10,46.14,71.53,77.01
26.44,26.44,42.13,71.24,78.04
22.53,22.53,42.19,71.74,78.33
20.18,20.18,40.45,71.61,77.46
18.71,18.71,42.49,71.10,76.18
13.70,13.70,46.54,70.81,77.63
7.94,7.94,48.76,70.20,76.56
7.85,7.85,64.48,71.07,80.78
6.64,6.64,68.05,72.04,81.58
6.65,6.65,61.77,70.76,81.13
10.94,10.94,54.33,69.54,81.59
13.43,13.43,47.75,69.44,82.18
16.86,16.86,40.99,68.70,81.26
17.59,17.59,37.86,64.43,81.81
15.37,15.37,45.69,54.68,82.95
16.23,16.23,57.22,51.81,82.41
11.79,11.79,61.91,43.22,78.79
9.61,9.61,81.52,31.22,76.63
8.46,8.46,91.20,17.67,76.30
14.93,14.93,88.75,23.98,77.69
17.46,17.46,77.76,28.37,77.56
19.34,19.34,81.48,29.29,76.70
19.16,19.16,72.75,33.94,76.31
18.69,18.69,70.81,41.96,77.13
13.94,13.94,77.42,45.82,76.11
7.59,7.59,81.35,57.55,76.87
10.08,10.08,74.02,59.39,77.42
9.16,9.16,66.82,69.68,80.27
10.54,10.54,63.24,73.22,79.62
12.86,12.86,57.07,79.27,80.44
14.69,14.69,56.52,79.51,79.21
15.09,15.09,58.79,80.52,80.33
15.61,15.61,55.18,78.41,80.99
14.96,14.96,48.72,77.65,80.77
15.93,15.93,55.42,77.12,81.65
15.10,15.10,55.06,76.73,81.16
11.76,11.76,44.29,73.56,82.26
12.10,12.10,53.68,72.92,82.25
12.80,12.80,52.10,71.04,82.22
15.87,15.87,46.25,74.82,82.51
18.03,18.03,42.01,74.92,82.47
19.19,19.19,36.20,76.19,83.33
20.08,20.08,39.80,77.53,83.36
17.35,17.35,53.04,76.55,83.30
9.92,9.92,63.34,75.80,82.45
9.59,9.59,72.89,76.79,79.03
8.90,8.90,88.58,74.75,80.71
7.61,7.61,90.50,74.68,82.19
12.89,12.89,77.74,75.71,82.59
15.98,15.98,82.28,76.20,83.52
16.78,16.78,80.01,76.30,82.94
17.46,17.46,70.21,75.51,82.76
18.52,18.52,67.13,75.09,82.32
16.73,16.73,62.30,73.31,77.11
16.04,16.04,65.85,73.69,76.17
13.60,13.60,65.49,73.45,76.86
12.50,12.50,73.78,74.89,80.88
10.73,10.73,61.64,74.60,80.24
11.27,11.27,56.77,71.49,80.38
11.10,11.10,58.07,72.81,81.65
13.71,13.71,59.70,72.35,82.59
17.23,17.23,55.94,73.84,83.11
17.79,17.79,51.91,71.62,82.87
10.39,10.39,56.03,71.07,76.89
2.04,2.04,61.15,70.32,76.21
4.99,4.99,79.80,68.98,79.16
5.96,5.96,89.50,62.02,81.11
8.73,8.73,84.77,59.15,83.41
6.55,6.55,72.55,56.16,83.81
7.34,7.34,64.69,57.28,83.80
14.14,14.14,58.98,57.56,83.47
16.39,16.39,52.25,58.29,83.38
15.38,15.38,47.77,60.91,81.94
12.66,12.66,49.14,64.88,78.54
15.10,15.10,63.21,66.56,78.62
11.25,11.25,72.13,65.27,79.14
6.27,6.27,84.68,57.32,77.69
7.22,7.22,90.00,54.28,75.75
13.71,13.71,82.70,61.61,74.45
14.35,14.35,81.98,64.67,75.02
16.32,16.32,79.18,66.19,75.89
18.68,18.68,71.68,67.96,75.17
17.43,17.43,66.87,68.75,76.82
13.40,13.40,63.19,67.59,74.99
7.80,7.80,63.26,63.77,73.32
9.57,9.57,70.51,57.52,79.54
9.97,9.97,66.14,51.68,82.27
10.27,10.27,61.60,53.89,82.65
14.72,14.72,57.44,58.19,81.42
17.68,17.68,61.94,63.69,83.02
19.73,19.73,53.62,64.09,82.64
19.43,19.43,57.16,64.85,82.17
19.65,19.65,56.24,62.63,82.39
18.03,18.03,54.27,63.08,81.95
15.44,15.44,54.42,58.16,78.67
12.67,12.67,51.98,52.15,77.64
11.28,11.28,48.54,51.51,79.36
14.14,14.14,46.15,48.83,78.19
17.31,17.31,43.86,48.81,77.95
20.12,20.12,42.54,50.65,77.87
21.09,21.09,42.43,54.10,77.98
19.83,19.83,44.78,55.66,76.46
15.27,15.27,50.03,55.69,78.18
9.37,9.37,58.70,55.96,77.31
8.03,8.03,68.88,49.83,78.59
11.12,11.12,89.57,46.86,80.67
13.30,13.30,88.24,46.82,79.82
16.89,16.89,81.12,54.74,80.81
18.93,18.93,81.06,60.17,78.90
21.24,21.24,73.17,61.30,79.22
21.13,21.13,66.79,61.63,79.79
20.67,20.67,70.90,60.17,80.12
20.15,20.15,63.22,57.53,80.55
20.93,20.93,62.78,54.69,81.36
17.89,17.89,63.45,55.88,79.80
18.86,18.86,64.65,58.60,81.80
17.11,17.11,53.29,55.90,79.09
11.47,11.47,59.63,57.23,80.43
14.52,14.52,61.27,57.36,80.45
16.49,16.49,57.03,57.10,81.78
17.18,17.18,54.43,58.31,81.48
14.98,14.98,53.06,60.16,81.06
19.42,19.42,56.99,58.24,78.07
14.67,14.67,55.42,55.57,77.31
9.75,9.75,65.61,55.47,78.92
5.11,5.11,70.13,56.80,83.65
4.31,4.31,67.70,56.35,83.27
7.08,7.08,67.47,56.65,81.23
8.61,8.61,65.57,58.80,83.28
15.53,15.53,62.49,60.44,82.09
22.18,22.18,59.92,58.57,82.05
22.91,22.91,59.96,59.18,81.15
21.10,21.10,60.86,60.67,77.22
17.04,17.04,62.52,59.03,78.67
13.11,13.11,62.80,57.76,82.24
12.00,12.00,61.01,56.43,82.37
11.17,11.17,60.90,54.12,83.73
14.08,14.08,59.49,55.13,84.66
21.71,21.71,59.15,53.18,83.78
25.29,25.29,57.73,53.81,83.54
21.59,21.59,58.84,54.68,79.84
10.72,10.72,61.03,52.74,77.46
1.82,1.82,66.93,52.71,78.40
4.02,4.02,75.32,52.38,79.46
4.64,4.64,91.41,50.64,79.90
9.24,9.24,86.12,52.71,81.53
12.42,12.42,77.96,49.43,81.08
15.01,15.01,70.20,50.04,82.23
19.23,19.23,65.22,50.86,82.41
22.64,22.64,58.71,49.90,83.61
28.62,28.62,60.03,52.88,80.19
30.24,30.24,47.26,53.76,78.95
25.07,25.07,51.73,52.67,79.48
18.23,18.23,57.57,51.47,78.18
17.64,17.64,47.26,48.82,78.46
16.75,16.75,41.73,53.24,78.28
19.98,19.98,44.79,52.65,77.18
17.41,17.41,43.34,52.23,76.87
23.37,23.37,40.72,51.54,78.31
26.13,26.13,39.81,51.93,77.89
26.64,26.64,41.61,48.59,77.30
23.11,23.11,50.83,48.99,77.67
10.72,10.72,61.13,46.03,75.13
9.93,9.93,82.98,45.97,79.84
7.85,7.85,89.62,59.40,80.23
15.71,15.71,84.49,62.86,84.05
11.50,11.50,76.07,52.42,82.04
10.60,10.60,62.28,55.17,83.07
16.23,16.23,57.35,52.06,83.29
18.98,18.98,46.78,54.00,83.75
17.85,17.85,44.53,55.56,84.09
17.04,17.04,54.48,51.04,82.32
12.37,12.37,62.33,53.03,82.95
5.82,5.82,75.87,59.86,82.42
11.59,11.59,89.48,69.40,81.35
11.75,11.75,87.76,72.99,78.95
11.28,11.28,82.77,75.64,76.56
15.01,15.01,70.09,75.04,78.27
17.04,17.04,57.24,75.01,79.35
15.33,15.33,52.83,76.69,77.17
15.77,15.77,59.69,75.28,77.86
13.07,13.07,66.38,72.47,77.61
4.75,4.75,75.84,65.65,76.57
5.35,5.35,90.26,64.65,78.24
4.03,4.03,88.77,71.10,81.86
9.87,9.87,81.03,76.34,83.21
14.16,14.16,80.85,76.08,81.05
17.81,17.81,76.72,77.81,83.67
26.53,26.53,71.17,77.90,81.16
31.84,31.84,66.42,79.28,84.02
32.47,32.47,70.47,79.66,78.63
26.24,26.24,67.80,78.95,79.17
12.14,12.14,66.85,77.67,80.04
4.50,4.50,61.94,78.46,82.90
3.29,3.29,67.22,78.51,83.29
6.28,6.28,65.28,77.58,82.50
13.96,13.96,59.38,74.91,82.11
18.01,18.01,54.82,75.69,82.26
20.85,20.85,51.57,75.84,81.76
20.52,20.52,49.94,74.16,80.43
20.77,20.77,51.75,78.17,79.37
17.48,17.48,53.24,77.33,78.23
9.85,9.85,62.43,76.43,81.14
8.65,8.65,70.18,67.78,82.35
13.21,13.21,66.63,64.26,82.10
13.02,13.02,60.97,62.73,81.11
18.25,18.25,54.00,62.21,81.63
22.37,22.37,49.50,62.40,82.56
24.10,24.10,42.23,62.88,83.05
25.38,25.38,40.01,61.51,83.12
22.58,22.58,42.75,63.51,80.95
14.12,14.12,47.49,64.48,80.94
6.81,6.81,53.91,63.81,81.73
4.90,4.90,67.22,62.24,83.02
5.18,5.18,67.88,63.96,84.09
5.59,5.59,60.79,59.93,83.32
9.86,9.86,53.55,61.52,83.28
12.99,12.99,47.77,65.19,83.40
15.13,15.13,47.39,66.72,84.10
11.16,11.16,55.36,66.14,79.21
3.15,3.15,62.20,63.55,79.26
7.74,7.74,74.85,56.14,80.57
10.72,10.72,88.37,52.08,81.28
9.73,9.73,88.45,52.08,82.45
11.40,11.40,79.79,54.01,84.33
6.03,6.03,70.23,59.25,84.19
5.23,5.23,65.25,58.97,81.72
11.96,11.96,59.74,58.86,80.98
15.99,15.99,54.79,60.02,80.95
16.05,16.05,52.19,61.80,79.38
15.13,15.13,60.15,58.21,78.47
8.31,8.31,69.40,57.09,79.40
2.05,2.05,77.59,49.60,79.59
3.95,3.95,90.75,45.55,79.57
9.97,9.97,88.64,50.72,79.79
13.23,13.23,76.79,57.20,79.98
18.47,18.47,81.29,62.26,78.45
21.95,21.95,72.59,65.83,78.86
22.21,22.21,70.49,67.19,77.33
20.48,20.48,69.93,68.39,76.84
14.66,14.66,54.91,73.07,76.99
4.37,4.37,65.57,75.73,76.68
2.85,2.85,71.10,76.07,82.75
2.73,2.73,66.68,78.18,82.33
3.21,3.21,61.64,81.90,83.04
2.65,2.65,56.14,83.19,81.80
6.68,6.68,56.23,83.36,83.66
9.76,9.76,52.11,81.99,83.08
12.80,12.80,47.77,80.23,81.48
14.36,14.36,43.37,81.94,78.16
12.69,12.69,45.60,82.37,78.07
4.60,4.60,49.25,82.93,78.02
1.84,1.84,54.63,82.63,77.66
4.05,4.05,66.37,80.81,77.49
3.20,3.20,61.75,81.66,77.09
5.90,5.90,56.79,81.96,76.57
10.96,10.96,54.00,82.12,77.53
12.17,12.17,50.09,81.78,78.12
9.57,9.57,49.42,80.72,77.87
7.69,7.69,60.04,80.75,78.99
8.75,8.75,67.69,79.81,78.46
6.06,6.06,81.30,78.32,79.39
9.12,9.12,90.53,75.65,78.92
8.48,8.48,84.64,68.37,79.78
10.32,10.32,78.50,60.02,78.49
14.48,14.48,78.90,61.12,79.57
14.35,14.35,72.59,60.20,78.08
15.86,15.86,66.16,60.58,78.51
20.46,20.46,64.27,59.33,79.58
22.52,22.52,64.25,58.60,77.63
20.84,20.84,61.20,56.07,79.51
17.54,17.54,66.87,56.64,82.20
17.88,17.88,68.87,56.77,82.30
17.45,17.45,64.82,57.56,82.72
16.88,16.88,60.06,58.05,77.47
20.08,20.08,59.10,58.14,78.76
20.43,20.43,56.04,57.28,79.67
18.75,18.75,50.41,55.93,79.95
15.41,15.41,55.83,56.75,80.20
14.04,14.04,55.83,56.85,80.08
7.75,7.75,67.22,53.94,80.07
2.28,2.28,69.06,50.49,82.00
4.98,4.98,68.57,53.15,84.29
10.10,10.10,68.24,54.10,83.08
9.68,9.68,67.74,56.10,84.11
17.93,17.93,64.70,54.49,82.21
19.61,19.61,61.40,55.00,82.66
19.73,19.73,60.69,54.85,82.14
17.40,17.40,59.97,57.35,80.31
15.05,15.05,63.94,55.82,80.70
11.12,11.12,64.29,53.64,80.86
13.93,13.93,64.64,54.42,82.60
16.96,16.96,69.28,58.51,83.38
15.52,15.52,66.15,59.17,83.79
14.15,14.15,63.36,57.99,83.52
13.88,13.88,62.35,57.87,83.20
14.24,14.24,60.31,56.75,82.89
12.23,12.23,60.76,58.54,83.27
8.25,8.25,64.96,54.78,79.98
7.88,7.88,71.92,60.69,81.81
14.49,14.49,87.56,75.58,81.80
8.86,8.86,90.53,78.87,84.22
11.12,11.12,80.78,80.87,83.98
5.36,5.36,73.47,80.64,83.96
1.01,1.01,67.74,79.93,82.98
4.28,4.28,62.20,78.18,84.00
7.18,7.18,57.54,78.79,82.77
14.24,14.24,55.58,77.86,79.77
18.17,18.17,55.90,77.87,82.53
14.16,14.16,60.89,78.41,82.14
9.98,9.98,64.99,77.90,82.27
7.26,7.26,64.63,77.03,79.40
11.48,11.48,58.22,76.94,82.32
16.30,16.30,55.19,76.16,80.88
23.47,23.47,51.10,76.32,82.31
29.35,29.35,48.33,76.33,80.75
25.65,25.65,46.49,74.68,82.03
20.87,20.87,45.98,74.90,81.77
18.45,18.45,51.30,74.78,80.19
9.65,9.65,53.87,74.20,79.61
3.70,3.70,69.91,73.82,84.25
12.31,12.31,68.03,73.98,84.08
27.25,27.25,62.13,72.34,83.91
33.47,33.47,56.26,67.68,84.38
34.89,34.89,48.94,59.13,83.07
33.92,33.92,43.62,50.96,83.26
30.14,30.14,42.09,45.13,83.04
26.62,26.62,47.41,42.66,80.66
21.60,21.60,62.00,36.47,79.07
9.84,9.84,69.54,42.97,80.31
4.55,4.55,83.34,48.48,81.64
6.20,6.20,90.16,51.51,81.69
16.07,16.07,90.14,51.79,81.33
19.94,19.94,77.44,54.90,81.39
21.10,21.10,80.11,63.63,80.66
22.88,22.88,73.54,63.71,79.05
20.77,20.77,73.27,62.97,78.56
14.03,14.03,74.55,67.49,76.09
7.95,7.95,74.21,76.02,77.28
5.31,5.31,71.62,70.66,78.67
3.47,3.47,68.85,82.39,83.26
10.72,10.72,65.43,72.70,86.12
12.02,12.02,58.40,79.38,84.26
19.32,19.32,54.91,72.51,83.89
22.99,22.99,49.81,76.28,84.69
24.74,24.74,44.76,77.78,83.70
21.59,21.59,40.76,75.60,84.68
18.25,18.25,39.46,79.17,84.00
15.33,15.33,45.12,77.39,81.38
12.47,12.47,49.66,75.97,79.86
15.94,15.94,61.85,76.63,83.02
13.95,13.95,68.52,73.88,82.62
14.28,14.28,60.71,75.61,82.76
16.99,16.99,56.08,75.31,81.51
19.71,19.71,49.74,75.82,81.68
19.68,19.68,46.06,75.57,83.84
17.94,17.94,52.86,74.91,79.09
13.03,13.03,62.16,71.79,79.17
7.84,7.84,71.08,71.89,80.30
11.78,11.78,88.11,71.88,82.87
11.29,11.29,89.51,69.16,83.55
10.24,10.24,83.28,71.99,84.10
18.36,18.36,78.95,75.71,83.72
24.96,24.96,75.04,76.59,84.61
27.46,27.46,69.00,76.91,81.91
26.71,26.71,72.41,78.64,78.95
22.29,22.29,65.97,77.67,78.38
18.88,18.88,66.59,77.37,80.19
15.07,15.07,66.02,77.09,80.24
8.47,8.47,72.70,77.03,82.52
8.37,8.37,66.30,77.03,81.83
13.02,13.02,67.96,76.14,82.29
14.30,14.30,61.72,75.36,82.45
15.56,15.56,60.33,76.42,75.68
16.72,16.72,55.85,76.72,76.56
13.97,13.97,53.93,76.26,76.72
8.84,8.84,57.90,76.48,78.88
3.55,3.55,67.27,75.92,74.28
7.61,7.61,83.34,72.23,81.93
8.59,8.59,90.17,69.30,83.96
9.48,9.48,84.52,69.49,84.76
8.84,8.84,73.61,64.63,86.90
15.42,15.42,66.72,68.44,86.68
28.88,28.88,60.80,70.85,86.03
35.34,35.34,57.46,68.69,86.10
38.09,38.09,52.80,68.03,85.68
33.60,33.60,54.05,70.56,84.53
21.78,21.78,61.91,68.89,83.42
6.34,6.34,71.49,63.31,81.75
0.82,0.82,81.48,55.77,82.02
3.79,3.79,89.67,54.16,81.99
13.74,13.74,84.59,60.68,81.40
20.96,20.96,80.12,66.92,81.16
25.04,25.04,78.88,69.50,79.33
25.30,25.30,71.70,72.38,79.10
23.77,23.77,67.23,73.20,78.68
19.51,19.51,60.53,74.39,78.55
10.67,10.67,58.75,75.05,76.86
6.86,6.86,74.79,80.92,80.15
3.00,3.00,71.79,83.38,82.61
3.62,3.62,64.06,80.20,82.10
13.57,13.57,58.58,75.75,82.36
15.16,15.16,53.74,75.17,84.64
17.92,17.92,51.27,76.59,84.23
19.46,19.46,50.13,74.92,83.87
18.71,18.71,46.43,72.16,79.17
13.83,13.83,50.62,73.62,80.28
3.08,3.08,55.12,73.79,80.52
1.52,1.52,61.43,71.91,78.84
0.98,0.98,67.35,68.80,77.85
2.91,2.91,63.88,77.28,77.89
9.96,9.96,58.54,77.86,76.01
16.98,16.98,53.52,76.19,77.57
19.23,19.23,48.88,76.54,77.34
18.55,18.55,48.25,77.68,76.62
13.55,13.55,56.72,74.43,75.55
9.50,9.50,67.95,72.69,77.30
3.48,3.48,74.70,71.70,77.18
4.20,4.20,87.11,67.00,78.26
3.62,3.62,88.91,56.63,80.80
11.93,11.93,77.01,59.90,83.66
19.31,19.31,80.56,65.21,81.16
22.12,22.12,74.67,67.87,81.65
22.71,22.71,68.57,69.65,82.33
20.26,20.26,70.25,70.74,82.30
20.59,20.59,60.80,70.26,81.36
18.64,18.64,59.39,71.79,79.41
12.27,12.27,58.62,72.35,77.96
6.90,6.90,62.42,71.57,79.24
6.92,6.92,67.82,72.09,81.88
9.35,9.35,63.37,71.81,81.79
11.64,11.64,60.88,71.25,80.98
15.58,15.58,57.34,71.85,82.59
19.99,19.99,54.28,73.11,82.24
16.82,16.82,55.57,71.93,82.49
16.59,16.59,57.59,72.31,78.00
14.67,14.67,55.63,71.27,77.72
10.09,10.09,64.36,70.11,77.29
6.19,6.19,71.60,70.83,80.98
6.17,6.17,68.82,68.82,81.90
9.82,9.82,67.34,66.84,81.33
13.76,13.76,65.10,67.52,82.97
14.88,14.88,61.99,70.54,81.39
16.63,16.63,59.32,71.02,82.73
18.61,18.61,58.96,71.85,82.10
19.16,19.16,59.23,69.00,79.65
16.39,16.39,62.98,69.02,78.90
14.94,14.94,64.47,70.94,80.60
12.20,12.20,68.76,69.86,82.51
13.15,13.15,66.86,68.11,82.60
22.91,22.91,63.20,68.75,83.00
12.32,12.32,60.97,69.07,82.63
16.48,16.48,59.60,70.62,81.55
17.90,17.90,59.91,71.90,81.14
13.68,13.68,60.48,68.91,77.77
5.07,5.07,66.46,65.31,78.21
8.11,8.11,81.29,63.95,84.63
10.19,10.19,90.93,75.13,85.05
7.34,7.34,86.98,80.40,85.88
11.81,11.81,76.91,79.15,85.68
4.87,4.87,68.68,78.56,84.45
2.72,2.72,67.40,79.26,84.76
9.78,9.78,61.35,78.32,82.82
16.62,16.62,56.35,77.65,81.94
17.71,17.71,51.30,77.13,84.96
15.48,15.48,51.65,76.53,83.69
11.74,11.74,55.71,75.25,83.21
6.38,6.38,58.14,73.86,84.56
7.09,7.09,64.46,75.62,83.12
8.35,8.35,60.59,75.14,83.54
11.26,11.26,55.96,75.54,85.17
14.05,14.05,51.23,74.13,81.19
15.33,15.33,48.65,73.47,83.64
16.48,16.48,49.22,73.34,80.98
13.68,13.68,59.30,70.47,81.93
7.40,7.40,66.42,70.48,82.14
7.72,7.72,82.12,69.76,81.90
9.24,9.24,88.68,70.78,82.76
14.44,14.44,84.56,69.38,84.31
12.53,12.53,78.01,70.00,83.12
9.17,9.17,67.34,69.86,85.07
12.70,12.70,59.47,71.92,84.65
13.80,13.80,50.87,69.30,81.45
13.60,13.60,53.45,69.25,83.97
9.60,9.60,60.63,64.17,79.65
8.50,8.50,74.24,63.71,80.59
10.10,10.10,81.00,70.42,80.87
13.79,13.79,89.32,77.67,80.41
10.81,10.81,87.67,78.81,79.65
8.68,8.68,82.72,77.44,76.93
9.09,9.09,74.74,75.60,79.29
3.44,3.44,62.28,75.36,79.48
4.41,4.41,59.35,76.50,78.55
5.68,5.68,62.52,68.16,81.37
4.70,4.70,67.76,62.50,79.45
0.99,0.99,75.69,63.79,79.84
1.29,1.29,86.78,71.43,82.54
5.08,5.08,90.20,77.62,82.30
15.99,15.99,83.71,73.47,85.88
22.57,22.57,81.24,71.86,81.26
23.26,23.26,78.26,72.85,84.36
22.79,22.79,67.11,71.59,81.57
22.09,22.09,70.55,70.66,83.78
21.42,21.42,59.45,71.08,80.38
18.37,18.37,56.68,67.41,85.15
10.64,10.64,58.44,71.51,81.81
2.15,2.15,60.20,71.09,83.29
1.38,1.38,64.92,65.00,84.05
9.39,9.39,62.96,67.85,85.83
14.31,14.31,57.61,69.85,83.32
20.99,20.99,52.29,71.95,84.70
21.30,21.30,49.32,72.22,82.36
20.05,20.05,44.44,67.42,84.62
17.03,17.03,46.83,69.78,81.71
8.53,8.53,51.11,72.33,82.57
7.50,7.50,60.43,73.28,79.01
7.59,7.59,69.54,72.11,83.82
9.90,9.90,65.95,73.34,82.19
10.91,10.91,59.77,71.08,83.40
19.71,19.71,53.21,70.22,83.04
24.00,24.00,46.55,71.92,83.12
26.22,26.22,40.41,73.88,83.53
26.13,26.13,39.17,69.26,83.43
25.09,25.09,41.20,71.23,80.37
18.43,18.43,43.91,68.06,79.33
7.26,7.26,52.47,53.46,79.05
1.75,1.75,65.32,51.11,81.24
1.97,1.97,68.05,43.63,81.91
3.97,3.97,61.72,35.87,81.60
9.63,9.63,54.84,40.78,81.78
14.49,14.49,49.12,32.63,82.91
13.58,13.58,47.26,36.52,82.09
12.56,12.56,53.48,38.71,82.29
6.67,6.67,61.22,37.88,81.40
8.67,8.67,75.56,35.84,83.11
11.92,11.92,87.85,46.30,81.86
8.58,8.58,87.00,45.48,83.55
13.15,13.15,78.53,50.01,85.21
9.96,9.96,72.36,49.57,83.17
5.84,5.84,63.56,45.92,83.55
14.73,14.73,57.10,43.21,84.81
24.73,24.73,54.33,31.10,83.38
24.26,24.26,50.54,34.84,81.86
17.60,17.60,54.52,31.07,81.59
10.71,10.71,64.53,23.36,81.99
1.89,1.89,72.37,26.54,82.08
1.77,1.77,89.42,21.57,80.03
7.23,7.23,88.18,20.06,79.72
12.71,12.71,77.80,10.72,79.68
16.44,16.44,80.90,11.90,80.78
21.09,21.09,73.68,20.02,79.57
19.54,19.54,67.62,35.81,77.58
16.51,16.51,70.66,44.29,78.78
14.04,14.04,56.04,63.78,77.60
6.86,6.86,62.15,73.59,77.89
4.58,4.58,69.08,73.80,80.98
1.22,1.22,66.18,76.99,84.91
0.43,0.43,62.15,81.27,84.24
0.87,0.87,56.32,81.90,82.86
2.96,2.96,51.05,83.66,83.56
6.10,6.10,49.30,83.31,84.23
10.62,10.62,46.43,84.38,84.23
12.82,12.82,46.29,83.17,81.09
13.36,13.36,48.62,83.13,81.56
8.06,8.06,50.34,83.02,82.15
5.77,5.77,53.78,81.99,81.49
4.14,4.14,65.79,82.67,81.37
2.15,2.15,61.80,78.44,82.37
2.91,2.91,56.61,76.50,82.53
6.93,6.93,52.28,73.38,79.87
10.02,10.02,49.11,75.66,80.63
7.27,7.27,50.77,73.04,80.60
4.06,4.06,60.58,75.23,80.71
4.47,4.47,68.53,71.60,80.31
3.28,3.28,79.46,70.14,80.65
1.02,1.02,90.61,70.11,82.62
0.53,0.53,85.72,71.75,82.74
0.38,0.38,75.59,66.27,83.56
1.58,1.58,76.33,63.23,84.58
4.72,4.72,66.95,67.11,83.99
7.61,7.61,61.26,65.25,84.90
12.23,12.23,59.50,68.05,83.64
14.84,14.84,56.34,63.61,85.43
12.33,12.33,54.45,69.37,84.19
10.75,10.75,57.09,70.90,82.87
8.50,8.50,68.40,62.26,83.25
5.68,5.68,64.45,49.55,82.03
3.74,3.74,61.11,50.51,83.16
5.85,5.85,58.86,47.39,81.67
8.40,8.40,57.52,43.82,83.28
11.52,11.52,51.84,47.62,82.16
9.56,9.56,55.33,47.17,82.61
7.91,7.91,54.89,50.15,78.59
3.20,3.20,66.92,50.45,79.49
2.23,2.23,69.44,46.12,81.01
2.60,2.60,69.06,44.36,81.06
4.29,4.29,67.62,43.65,81.94
9.78,9.78,66.96,43.67,81.92
17.95,17.95,63.67,47.24,82.76
19.07,19.07,60.65,44.41,81.47
16.69,16.69,58.47,41.47,82.12
15.13,15.13,58.45,41.02,82.34
13.17,13.17,61.95,41.68,78.90
7.85,7.85,61.83,39.76,81.05
7.99,7.99,62.69,39.36,81.34
10.51,10.51,67.92,43.09,81.32
12.52,12.52,65.46,41.39,82.96
15.38,15.38,61.88,40.12,81.16
16.11,16.11,61.41,37.43,81.43
13.89,13.89,59.41,42.05,80.54
12.22,12.22,59.32,46.28,80.85
6.54,6.54,66.41,51.39,77.78
4.28,4.28,71.45,57.65,82.70
11.12,11.12,88.57,74.74,80.33
7.56,7.56,90.39,77.91,82.14
7.49,7.49,82.50,80.25,81.23
5.12,5.12,73.70,78.15,82.90
1.96,1.96,68.86,79.90,82.11
6.30,6.30,64.09,77.96,81.97
12.87,12.87,58.62,79.40,82.91
14.60,14.60,53.36,77.28,80.66
13.57,13.57,55.26,76.93,78.49
12.06,12.06,60.10,77.09,80.50
4.51,4.51,64.25,75.69,78.62
5.91,5.91,65.09,76.02,77.96
7.28,7.28,58.51,76.11,78.05
12.17,12.17,55.55,75.94,78.72
15.45,15.45,51.48,74.15,77.07
18.12,18.12,49.41,76.16,79.30
20.21,20.21,47.91,73.92,76.42
18.64,18.64,47.87,75.16,76.24
17.51,17.51,50.92,73.53,77.99
8.26,8.26,53.45,74.24,76.06
2.61,2.61,69.52,72.83,79.64
3.29,3.29,69.19,72.65,83.54
4.55,4.55,63.09,71.50,82.07
7.00,7.00,57.09,73.37,82.23
12.58,12.58,51.47,73.14,82.93
18.21,18.21,46.34,64.23,82.46
20.67,20.67,44.13,53.40,83.30
20.99,20.99,46.35,48.62,82.66
19.83,19.83,58.95,48.56,80.51
6.92,6.92,65.69,60.52,77.37
1.01,1.01,82.68,65.70,78.15
1.17,1.17,89.66,71.77,79.03
8.60,8.60,89.68,76.08,77.79
15.67,15.67,76.38,76.88,77.36
18.97,18.97,82.91,72.59,76.99
19.00,19.00,70.27,74.78,76.64
19.08,19.08,73.75,72.73,75.95
13.72,13.72,70.69,68.12,74.99
10.90,10.90,71.66,78.18,76.17
5.70,5.70,64.45,76.88,78.66
1.85,1.85,69.41,84.84,80.77
4.29,4.29,65.90,80.44,83.19
7.43,7.43,60.05,82.35,84.39
14.32,14.32,53.02,75.98,84.10
19.10,19.10,46.29,74.38,85.94
20.65,20.65,43.66,70.85,86.24
19.53,19.53,39.77,73.62,85.79
18.79,18.79,40.81,70.93,84.71
16.78,16.78,42.19,75.21,85.56
17.15,17.15,46.95,73.87,84.25
23.18,23.18,60.35,71.62,83.23
19.20,19.20,68.77,69.83,83.45
17.66,17.66,61.40,70.50,84.38
21.32,21.32,56.24,71.05,84.50
18.87,18.87,49.23,73.57,83.48
23.56,23.56,45.49,74.39,83.25
22.78,22.78,51.18,73.36,82.65
17.13,17.13,62.01,69.70,80.53
8.34,8.34,72.01,70.22,80.83
5.33,5.33,86.62,68.01,82.30
1.21,1.21,90.55,64.69,81.80
3.41,3.41,80.89,61.72,82.42
5.21,5.21,81.25,65.97,82.56
9.74,9.74,80.28,72.33,82.03
12.72,12.72,66.54,72.86,81.47
16.43,16.43,62.50,72.26,80.95
16.75,16.75,57.40,72.26,79.82
14.97,14.97,58.57,72.91,79.66
8.43,8.43,64.37,77.41,79.27
3.23,3.23,68.72,74.73,82.19
5.97,5.97,63.27,71.64,83.06
8.81,8.81,67.80,73.01,82.70
12.37,12.37,62.29,70.89,82.64
15.93,15.93,58.13,71.23,82.42
16.40,16.40,54.46,71.60,81.93
12.78,12.78,53.22,72.12,82.63
9.26,9.26,60.37,70.44,78.58
4.06,4.06,67.59,69.14,77.12
9.31,9.31,82.62,66.64,78.48
7.57,7.57,91.13,67.76,80.60
7.84,7.84,84.18,66.44,81.74
5.41,5.41,74.50,68.16,82.76
6.40,6.40,68.62,68.51,82.96
10.04,10.04,62.95,69.10,82.32
17.39,17.39,58.69,69.47,81.87
20.35,20.35,55.89,68.72,80.54
20.30,20.30,56.47,67.05,79.01
15.08,15.08,63.88,64.06,76.85
3.28,3.28,68.76,61.77,77.48
2.73,2.73,81.97,53.77,78.06
9.20,9.20,90.58,47.83,77.55
14.50,14.50,84.34,53.16,75.56
18.75,18.75,81.04,60.85,76.98
21.30,21.30,78.50,65.64,75.59
22.94,22.94,73.23,68.99,75.89
20.65,20.65,68.22,70.28,76.00
15.89,15.89,64.02,72.35,76.52
9.55,9.55,62.52,70.75,74.85
5.33,5.33,70.42,76.78,78.46
1.96,1.96,69.31,84.41,81.22
5.62,5.62,63.17,82.36,81.49
7.41,7.41,58.85,77.50,82.26
9.48,9.48,53.12,72.30,83.30
9.68,9.68,49.55,72.83,82.34
10.86,10.86,45.55,68.12,82.15
9.54,9.54,45.81,70.49,81.91
7.64,7.64,47.90,70.47,82.44
1.65,1.65,53.06,65.16,81.95
3.88,3.88,60.22,65.22,78.38
5.63,5.63,67.59,65.77,80.79
6.97,6.97,64.22,67.72,79.16
11.15,11.15,58.43,65.04,79.30
15.69,15.69,51.37,63.80,76.62
19.50,19.50,46.99,63.72,75.63
17.90,17.90,46.14,68.41,78.00
12.81,12.81,50.00,67.35,77.55
8.00,8.00,63.70,62.68,77.03
0.59,0.59,71.80,66.32,77.76
1.65,1.65,87.34,64.38,79.65
1.07,1.07,90.06,59.92,78.40
8.65,8.65,80.12,63.84,79.91
16.88,16.88,80.18,64.70,80.21
21.47,21.47,76.72,66.86,80.22
23.78,23.78,67.23,68.74,79.80
22.69,22.69,64.35,70.27,80.80
17.85,17.85,53.24,68.54,80.63
15.20,15.20,58.06,70.18,80.95
8.76,8.76,60.23,67.96,82.51
6.06,6.06,60.30,70.00,82.25
6.80,6.80,68.55,68.56,81.94
8.13,8.13,62.71,70.21,82.14
10.77,10.77,57.31,68.94,81.18
15.31,15.31,51.96,72.19,82.75
19.64,19.64,46.27,72.62,81.94
21.37,21.37,42.03,69.33,81.24
18.54,18.54,43.32,70.34,76.97
10.05,10.05,48.74,66.66,77.58
2.00,2.00,63.52,69.39,79.87
5.60,5.60,71.22,71.15,83.12
7.09,7.09,69.30,68.91,83.30
8.00,8.00,67.78,68.44,83.00
10.27,10.27,66.11,48.59,83.06
13.45,13.45,63.43,47.79,83.31
14.95,14.95,61.14,39.56,82.62
11.70,11.70,61.69,45.08,80.41
7.14,7.14,60.89,46.19,80.06
2.79,2.79,64.38,46.30,81.00
2.38,2.38,64.44,44.59,79.11
11.75,11.75,68.24,40.70,81.56
18.36,18.36,66.89,36.40,80.82
16.76,16.76,64.51,30.69,82.51
17.72,17.72,62.14,30.82,84.22
16.57,16.57,60.34,31.23,84.30
16.78,16.78,60.82,34.09,83.82
10.43,10.43,60.11,50.36,80.03
2.08,2.08,65.98,57.51,79.36
6.11,6.11,80.58,64.06,81.08
8.14,8.14,90.62,77.94,79.91
4.59,4.59,86.78,80.35,82.31
11.46,11.46,76.80,77.46,81.26
6.13,6.13,70.60,80.36,81.48
8.42,8.42,64.91,77.52,82.69
12.76,12.76,62.93,79.01,82.58
19.28,19.28,55.06,79.86,82.55
19.48,19.48,53.31,78.00,81.17
18.30,18.30,52.58,77.93,79.67
14.82,14.82,56.99,77.82,78.34
5.00,5.00,57.35,77.13,78.73
3.69,3.69,64.67,77.72,78.34
7.51,7.51,61.69,76.85,78.35
14.46,14.46,54.93,75.62,78.14
21.22,21.22,50.80,76.20,77.85
22.04,22.04,48.03,75.40,77.29
20.39,20.39,46.85,75.37,78.57
14.89,14.89,54.74,76.46,78.68
7.56,7.56,63.50,72.86,75.81
5.06,5.06,81.37,73.02,76.97
12.77,12.77,88.73,71.38,79.82
8.15,8.15,85.55,71.44,80.77
10.36,10.36,79.11,73.83,81.48
12.78,12.78,66.68,72.85,81.85
15.77,15.77,65.52,69.93,82.88
17.18,17.18,58.36,71.99,82.57
13.30,13.30,58.50,73.87,83.46
12.58,12.58,61.32,71.02,78.66
8.80,8.80,71.43,72.30,75.58
6.54,6.54,82.48,77.20,76.13
12.92,12.92,89.43,75.40,76.30
12.73,12.73,87.51,77.99,76.84
6.04,6.04,82.63,76.48,76.41
8.56,8.56,74.57,74.63,74.43
11.14,11.14,62.59,75.22,75.96
14.66,14.66,62.45,77.94,75.20
13.99,13.99,61.83,72.83,73.86
8.18,8.18,64.17,57.81,73.29
1.18,1.18,73.49,62.12,77.30
2.77,2.77,88.95,68.23,77.54
1.11,1.11,90.12,67.16,79.94
3.49,3.49,81.18,74.54,83.08
12.27,12.27,80.70,74.64,82.06
16.00,16.00,79.33,76.32,83.72
16.70,16.70,72.96,77.36,82.89
17.35,17.35,70.06,78.35,83.14
14.92,14.92,67.20,78.19,83.78
15.53,15.53,67.46,78.32,83.85
12.42,12.42,62.32,78.34,83.29
6.81,6.81,63.52,75.84,80.66
4.50,4.50,66.35,77.85,82.55
9.87,9.87,64.31,79.71,83.97
16.54,16.54,58.71,79.42,83.33
20.18,20.18,56.52,77.76,82.94
19.88,19.88,52.40,76.09,81.93
20.09,20.09,48.45,77.97,82.06
18.50,18.50,51.40,78.52,81.33
11.34,11.34,51.67,78.58,79.15
3.60,3.60,59.90,76.00,79.26
4.00,4.00,70.14,73.95,81.89
8.11,8.11,67.04,72.62,83.71
17.06,17.06,61.17,73.93,83.79
21.92,21.92,53.62,73.96,84.03
22.28,22.28,47.72,74.04,83.12
20.41,20.41,40.19,71.65,82.99
23.62,23.62,39.13,71.87,79.58
23.21,23.21,41.14,73.44,78.14
18.45,18.45,43.88,73.38,79.34
13.87,13.87,51.59,70.89,81.12
12.50,12.50,64.99,72.48,84.24
14.83,14.83,67.50,71.25,83.71
14.92,14.92,61.75,70.47,83.62
11.73,11.73,54.79,69.87,83.20
15.22,15.22,47.02,70.91,83.52
18.69,18.69,46.33,72.46,83.30
15.28,15.28,56.12,67.52,79.03
7.98,7.98,63.33,61.98,76.53
6.10,6.10,74.88,53.94,77.61
9.01,9.01,88.31,52.24,79.85
3.22,3.22,89.12,47.46,81.35
11.29,11.29,79.66,52.12,83.26
5.44,5.44,70.49,50.51,82.55
4.72,4.72,65.86,53.57,81.81
10.37,10.37,60.21,56.55,83.84
14.81,14.81,53.75,56.63,84.47
15.11,15.11,52.97,56.12,82.71
14.54,14.54,58.11,56.09,81.91
11.88,11.88,67.03,51.37,78.74
4.74,4.74,75.46,45.52,78.86
0.40,0.40,88.50,45.39,77.66
2.25,2.25,88.95,49.23,78.12
7.74,7.74,77.80,53.96,78.93
12.11,12.11,80.81,57.15,78.27
17.96,17.96,75.14,57.46,78.52
18.19,18.19,70.11,55.07,78.15
14.84,14.84,70.98,58.94,78.92
10.02,10.02,59.53,65.46,76.41
4.23,4.23,65.51,75.35,78.33
4.76,4.76,71.83,83.85,81.33
0.33,0.33,66.93,82.34,83.86
2.48,2.48,62.39,81.73,82.54
4.36,4.36,57.04,78.35,82.49
8.70,8.70,55.28,75.46,82.89
11.40,11.40,51.36,74.46,83.72
15.45,15.45,45.75,71.32,84.08
14.56,14.56,41.96,68.67,80.85
11.60,11.60,45.76,64.81,79.41
3.21,3.21,49.00,64.83,79.29
0.64,0.64,53.46,64.29,79.16
2.35,2.35,64.91,67.77,76.32
3.90,3.90,61.68,66.42,75.08
1.99,1.99,55.94,67.07,75.20
5.28,5.28,52.22,65.45,74.96
6.16,6.16,49.18,66.53,74.73
6.62,6.62,50.51,66.42,75.63
6.01,6.01,60.30,63.81,76.47
5.44,5.44,67.32,62.74,76.96
3.99,3.99,79.06,61.18,79.84
3.19,3.19,90.59,58.90,81.79
1.91,1.91,86.26,58.97,81.66
0.82,0.82,75.44,64.99,82.63
3.31,3.31,80.17,69.07,83.10
8.01,8.01,75.72,71.06,83.20
13.03,13.03,66.57,72.68,83.32
18.84,18.84,61.83,73.60,83.00
19.78,19.78,58.96,72.30,83.32
18.11,18.11,59.74,68.79,79.92
11.23,11.23,64.43,65.91,79.35
8.99,8.99,69.71,71.51,80.39
1.65,1.65,64.35,73.55,80.22
5.25,5.25,58.68,72.98,80.50
13.42,13.42,56.25,72.12,82.25
16.83,16.83,53.55,70.20,83.40
19.94,19.94,45.78,70.01,83.34
18.40,18.40,49.71,70.35,78.88
14.87,14.87,54.30,71.29,77.53
4.37,4.37,66.73,71.72,78.88
3.00,3.00,68.86,70.92,81.30
3.12,3.12,68.37,69.44,80.93
4.46,4.46,68.33,69.61,82.78
6.98,6.98,66.74,70.73,82.45
9.36,9.36,64.46,71.03,83.40
12.38,12.38,61.56,72.52,82.52
16.52,16.52,58.60,64.02,82.04
19.07,19.07,59.05,51.16,77.83
17.17,17.17,62.89,42.31,79.53
11.78,11.78,62.86,46.46,79.91
7.68,7.68,64.52,41.43,82.66
15.49,15.49,68.38,41.34,82.56
17.12,17.12,66.03,37.49,83.29
15.15,15.15,62.95,30.71,82.93
17.26,17.26,60.93,30.85,83.74
17.30,17.30,60.11,26.68,81.72
19.26,19.26,59.56,42.20,77.75
15.92,15.92,64.97,52.44,78.34
7.57,7.57,69.08,52.39,76.73
11.01,11.01,88.27,77.31,80.23
8.52,8.52,90.71,80.21,81.46
10.21,10.21,81.73,79.01,84.25
7.64,7.64,73.58,79.99,83.38
10.77,10.77,68.35,80.22,84.12
14.30,14.30,61.99,80.13,83.48
14.55,14.55,56.98,79.55,84.78
14.85,14.85,57.85,77.95,78.33
10.03,10.03,55.16,76.96,79.82
3.92,3.92,59.62,76.78,80.04
4.55,4.55,63.82,76.27,79.28
5.36,5.36,65.03,78.02,79.69
11.16,11.16,58.65,76.93,77.96
17.46,17.46,54.47,75.52,79.68
21.53,21.53,50.65,75.65,80.13
21.81,21.81,47.46,75.90,80.85
20.21,20.21,44.97,75.39,78.90
17.89,17.89,45.54,74.99,78.81
11.96,11.96,50.41,71.95,78.91
7.76,7.76,51.63,55.70,78.11
4.18,4.18,67.97,50.21,81.47
1.79,1.79,69.03,51.82,83.65
4.90,4.90,63.34,50.39,84.18
8.96,8.96,57.04,49.20,84.70
11.31,11.31,49.88,44.98,82.89
14.17,14.17,45.30,43.68,83.24
14.80,14.80,45.00,32.95,83.44
11.72,11.72,55.00,36.16,83.32
6.81,6.81,65.41,36.08,80.02
8.46,8.46,77.83,44.04,78.26
2.55,2.55,81.97,58.48,78.99
0.05,0.05,89.59,59.69,78.00
2.08,2.08,91.05,59.86,76.70
9.82,9.82,80.30,61.42,75.50
15.79,15.79,79.07,65.68,76.31
19.71,19.71,77.62,70.10,77.95
17.84,17.84,72.54,72.79,78.72
13.35,13.35,71.23,71.77,79.22
8.14,8.14,71.53,78.58,79.74
9.61,9.61,69.23,79.96,79.80
8.10,8.10,68.69,71.48,82.98
3.80,3.80,65.26,78.51,85.19
11.53,11.53,58.75,81.81,85.71
20.69,20.69,53.34,84.77,85.63
24.94,24.94,47.40,84.06,85.48
27.18,27.18,44.26,83.14,86.36
21.70,21.70,41.73,83.54,85.26
18.39,18.39,38.32,84.26,84.47
17.27,17.27,42.40,83.86,84.62
14.09,14.09,45.34,83.46,83.95
13.70,13.70,58.62,84.10,83.21
4.44,4.44,68.82,83.18,82.81
5.40,5.40,61.08,82.31,83.88
11.30,11.30,55.38,82.19,84.25
17.91,17.91,48.88,82.14,84.13
20.77,20.77,43.55,82.28,83.37
18.09,18.09,55.59,83.18,83.06
11.61,11.61,60.61,81.59,81.17
6.70,6.70,72.17,78.59,80.74
5.44,5.44,85.85,71.74,82.87
0.67,0.67,90.59,72.67,82.18
3.82,3.82,84.33,72.51,83.37
11.18,11.18,82.65,72.39,83.31
18.92,18.92,79.33,72.36,85.11
20.33,20.33,71.03,69.34,83.83
19.51,19.51,60.31,70.23,84.81
20.84,20.84,62.34,70.83,83.34
20.98,20.98,59.10,72.98,81.31
16.12,16.12,62.52,71.60,80.22
5.45,5.45,67.36,72.59,80.77
0.87,0.87,65.86,72.83,83.42
2.62,2.62,67.58,72.57,82.52
7.77,7.77,59.83,72.73,83.01
11.54,11.54,53.55,72.00,83.55
16.97,16.97,49.22,71.67,84.01
17.47,17.47,51.19,70.64,80.02
14.14,14.14,59.34,71.93,79.68
5.07,5.07,64.48,69.66,78.87
9.56,9.56,81.70,68.59,81.47
6.86,6.86,89.68,66.19,82.25
11.25,11.25,85.96,62.96,84.32
5.34,5.34,74.98,63.02,85.83
4.14,4.14,68.76,66.16,84.75
14.36,14.36,62.52,67.02,83.09
27.38,27.38,59.36,66.70,84.49
34.05,34.05,57.23,67.62,83.17
29.08,29.08,52.98,68.41,81.39
19.11,19.11,63.67,67.78,80.28
5.74,5.74,67.80,64.74,80.85
1.31,1.31,80.28,57.78,82.13
5.02,5.02,90.36,56.51,81.35
11.98,11.98,84.60,63.70,80.28
16.08,16.08,77.96,67.12,80.09
19.52,19.52,79.48,68.94,77.05
20.51,20.51,72.52,71.09,77.47
18.70,18.70,68.77,70.34,77.93
15.77,15.77,63.06,72.55,77.66
8.42,8.42,60.28,71.76,78.19
6.34,6.34,63.67,76.88,80.88
10.69,10.69,67.67,77.40,83.17
12.16,12.16,62.60,81.07,83.73
12.14,12.14,56.55,82.41,83.86
13.43,13.43,53.39,83.24,84.37
15.28,15.28,48.12,83.73,83.21
15.49,15.49,46.40,83.38,83.84
14.81,14.81,49.22,83.80,82.00
15.69,15.69,48.49,83.96,82.88
12.42,12.42,51.90,83.21,76.89
6.31,6.31,59.11,82.70,77.17
2.79,2.79,66.82,82.30,78.63
6.97,6.97,64.37,78.26,77.77
12.15,12.15,58.34,73.81,77.93
16.19,16.19,52.38,73.66,77.68
19.71,19.71,48.99,74.23,77.69
17.96,17.96,46.44,70.91,77.34
12.41,12.41,50.23,72.43,77.48
8.84,8.84,59.95,73.59,78.63
4.66,4.66,68.82,71.97,77.96
5.45,5.45,86.94,72.00,81.46
4.73,4.73,91.42,72.00,80.05
14.17,14.17,81.68,71.01,80.42
20.53,20.53,81.64,65.70,82.97
23.39,23.39,78.94,64.17,82.22
21.88,21.88,68.91,65.03,80.33
20.94,20.94,63.27,69.68,81.62
20.27,20.27,61.07,69.08,81.48
18.91,18.91,50.77,69.74,80.61
12.54,12.54,50.33,71.93,77.85
7.48,7.48,57.09,72.74,79.34
2.84,2.84,66.92,72.32,82.03
2.30,2.30,61.45,69.44,82.70
8.71,8.71,54.33,69.14,82.34
13.15,13.15,50.17,69.79,81.03
17.02,17.02,46.55,67.42,81.73
18.31,18.31,42.05,67.15,79.19
15.36,15.36,42.23,68.69,76.70
11.22,11.22,47.49,69.09,77.82
14.18,14.18,61.97,68.19,78.40
16.64,16.64,70.99,67.41,83.64
14.49,14.49,68.50,67.95,82.89
22.38,22.38,67.60,67.76,82.66
21.82,21.82,66.12,66.92,83.29
20.60,20.60,62.78,67.75,83.35
22.58,22.58,59.63,68.03,82.69
24.76,24.76,58.83,69.08,81.03
20.35,20.35,59.38,66.89,77.01
10.44,10.44,63.26,64.59,78.07
4.47,4.47,64.17,65.65,79.51
4.42,4.42,68.66,63.67,80.75
10.22,10.22,67.43,58.33,81.83
18.72,18.72,64.55,53.69,82.39
21.61,21.61,62.11,42.76,82.28
28.38,28.38,59.41,40.60,82.39
27.27,27.27,59.76,37.64,83.12
21.73,21.73,60.65,48.76,80.49
8.67,8.67,65.01,60.12,77.65
6.97,6.97,77.78,66.37,85.73
9.09,9.09,89.17,76.24,84.97
6.65,6.65,85.29,79.57,84.97
8.70,8.70,77.08,79.22,85.63
2.97,2.97,72.80,78.41,82.72
6.94,6.94,69.66,79.53,83.93
12.86,12.86,61.99,79.27,85.19
15.85,15.85,56.67,78.93,82.95
18.15,18.15,53.19,78.13,85.35
18.57,18.57,51.30,79.24,83.28
15.61,15.61,56.29,77.55,80.60
20.80,20.80,57.40,77.26,82.87
21.22,21.22,64.10,76.20,81.21
18.55,18.55,61.43,75.65,81.71
17.91,17.91,55.47,76.70,83.15
16.19,16.19,51.83,75.16,80.93
14.43,14.43,49.11,74.57,83.02
15.20,15.20,50.28,75.00,81.42
13.56,13.56,55.43,75.20,82.23
10.14,10.14,60.80,74.51,82.07
6.58,6.58,80.48,73.84,81.92
10.70,10.70,88.55,72.75,84.54
15.47,15.47,85.69,73.21,81.97
8.29,8.29,77.24,72.14,86.95
9.55,9.55,64.46,72.33,86.49
19.53,19.53,60.44,72.78,86.39
23.32,23.32,57.46,73.52,85.74
19.90,19.90,53.53,72.64,84.84
15.56,15.56,62.29,71.85,84.68
10.09,10.09,71.22,74.14,84.30
7.80,7.80,81.46,78.01,84.71
9.60,9.60,89.27,70.96,82.57
10.60,10.60,87.29,78.17,84.03
11.68,11.68,83.24,78.16,83.56
9.49,9.49,75.97,77.78,84.00
9.87,9.87,62.83,76.37,83.83
9.41,9.41,59.46,75.37,81.63
5.80,5.80,60.75,76.23,82.35
7.01,7.01,65.07,74.83,82.41
11.29,11.29,74.68,67.61,81.78
9.61,9.61,86.44,76.80,84.61
5.05,5.05,89.26,74.80,86.87
6.17,6.17,83.58,81.61,86.91
10.01,10.01,82.09,82.53,86.60
10.45,10.45,81.51,83.14,86.26
12.86,12.86,69.25,76.76,85.19
12.70,12.70,63.63,80.76,84.69
11.17,11.17,61.75,81.00,84.41
9.49,9.49,58.81,81.24,85.24
8.10,8.10,52.79,78.79,86.93
3.46,3.46,55.33,76.09,85.89
15.52,15.52,63.55,80.25,83.86
30.49,30.49,63.22,74.75,83.80
33.34,33.34,57.25,77.31,82.81
29.67,29.67,50.52,78.55,84.29
23.39,23.39,47.26,75.73,83.89
16.45,16.45,46.29,75.06,84.56
16.65,16.65,47.80,73.21,84.07
15.95,15.95,51.02,74.06,83.38
6.89,6.89,58.95,75.69,83.10
1.85,1.85,69.41,71.81,82.84
1.23,1.23,66.98,74.09,82.74
2.72,2.72,61.11,75.23,84.96
7.99,7.99,54.42,73.19,85.22
10.74,10.74,47.59,71.62,84.19
13.25,13.25,42.93,74.85,84.33
18.39,18.39,39.05,74.15,84.37
22.65,22.65,41.00,69.80,84.10
23.64,23.64,45.53,70.03,82.23
17.50,17.50,51.79,75.41,80.62
11.21,11.21,64.36,72.09,84.21
12.32,12.32,67.51,69.71,83.61
11.42,11.42,62.10,71.41,83.15
13.03,13.03,55.25,64.51,83.71
16.21,16.21,49.78,60.25,85.18
15.78,15.78,48.36,57.89,84.13
10.15,10.15,54.50,56.92,83.83
2.52,2.52,63.48,57.93,82.96
3.39,3.39,71.95,62.70,84.19
11.41,11.41,88.19,56.37,81.02
12.55,12.55,89.85,58.15,82.15
12.54,12.54,79.32,59.47,87.24
6.64,6.64,69.95,58.18,84.31
3.90,3.90,66.48,60.32,84.43
11.83,11.83,59.11,62.25,86.11
17.99,17.99,58.83,66.05,85.80
19.55,19.55,52.99,67.18,85.21
18.20,18.20,59.73,65.85,83.83
9.39,9.39,67.89,63.70,82.72
1.62,1.62,75.08,57.31,83.99
0.03,0.03,88.39,46.77,82.78
1.55,1.55,90.19,40.19,81.62
6.56,6.56,82.66,47.62,82.44
11.26,11.26,80.51,59.07,82.18
17.15,17.15,77.62,65.67,82.93
18.88,18.88,65.41,67.87,82.96
16.14,16.14,71.37,68.95,81.49
11.45,11.45,59.57,73.86,82.04
4.43,4.43,62.53,71.29,80.53
3.91,3.91,68.53,81.46,82.51
0.34,0.34,65.60,76.83,86.10
1.13,1.13,61.31,74.15,85.12
4.17,4.17,55.70,75.91,84.61
8.99,8.99,51.06,79.25,85.61
11.35,11.35,46.33,77.73,84.11
12.84,12.84,43.80,79.27,86.78
14.02,14.02,41.70,81.76,86.39
15.36,15.36,43.92,80.79,86.25
10.26,10.26,47.25,77.66,85.15
2.66,2.66,51.74,78.25,82.99
5.06,5.06,64.04,82.72,83.80
12.26,12.26,61.50,77.86,83.32
14.33,14.33,56.02,75.75,83.97
11.67,11.67,53.05,76.10,83.61
4.26,4.26,48.74,82.58,83.45
3.19,3.19,48.80,75.54,82.04
3.50,3.50,56.30,72.78,80.85
4.98,4.98,68.75,75.00,80.11
3.12,3.12,75.90,72.71,81.60
4.09,4.09,91.05,70.84,79.53
3.27,3.27,87.86,71.37,83.34
8.93,8.93,77.45,69.29,81.88
19.99,19.99,80.48,68.27,83.82
21.80,21.80,71.46,70.44,81.46
16.95,16.95,68.98,73.85,83.72
15.89,15.89,59.67,72.91,83.15
15.52,15.52,58.22,66.38,83.58
14.04,14.04,53.73,63.92,82.44
9.06,9.06,57.35,68.72,81.08
5.47,5.47,64.58,70.41,82.51
3.05,3.05,64.61,66.70,81.74
5.91,5.91,59.69,69.23,80.94
5.29,5.29,56.19,69.31,82.32
8.19,8.19,49.89,68.68,82.52
10.49,10.49,49.06,69.42,80.52
9.00,9.00,46.39,73.03,80.87
7.16,7.16,52.57,70.80,76.73
3.49,3.49,67.03,67.65,78.30
3.88,3.88,68.59,69.76,82.48
8.63,8.63,68.80,71.02,83.95
9.04,9.04,68.90,70.44,82.77
8.15,8.15,67.42,68.79,83.66
8.25,8.25,64.82,72.13,82.35
15.39,15.39,61.49,68.84,82.57
21.73,21.73,59.91,64.06,81.92
18.78,18.78,60.60,63.89,81.13
22.71,22.71,63.90,56.09,79.31
21.42,21.42,63.68,46.93,82.77
7.63,7.63,65.23,44.84,82.05
3.40,3.40,68.67,42.50,84.07
6.39,6.39,67.23,41.91,83.60
10.11,10.11,63.21,35.32,83.86
8.32,8.32,60.96,41.78,83.36
11.56,11.56,59.18,37.16,82.27
7.44,7.44,59.21,41.26,83.34
7.53,7.53,64.77,53.01,79.56
4.90,4.90,68.02,62.48,79.48
11.75,11.75,86.36,65.25,80.73
8.80,8.80,91.05,80.00,82.47
10.22,10.22,81.96,77.98,83.77
6.77,6.77,74.02,81.68,82.99
0.69,0.69,67.29,78.11,82.98
2.62,2.62,62.65,78.59,82.44
8.42,8.42,57.35,78.26,83.83
14.66,14.66,53.33,75.43,84.65
12.94,12.94,53.08,76.86,83.83
9.76,9.76,57.79,78.45,83.36
11.58,11.58,62.85,76.88,82.32
10.55,10.55,65.25,72.84,81.30
7.30,7.30,58.33,76.27,83.34
10.64,10.64,55.06,75.68,81.78
13.87,13.87,51.71,76.16,81.45
15.23,15.23,48.54,74.13,81.41
16.02,16.02,47.55,75.45,81.57
15.08,15.08,47.22,73.82,82.21
11.20,11.20,51.47,71.50,80.14
4.67,4.67,52.76,74.13,82.05
2.89,2.89,68.53,74.66,81.79
2.13,2.13,70.01,73.07,83.70
1.50,1.50,63.81,70.62,83.17
0.93,0.93,57.62,74.01,84.29
3.54,3.54,51.75,72.82,85.11
7.03,7.03,47.59,66.65,84.61
9.07,9.07,45.32,53.89,83.44
8.93,8.93,46.70,49.25,81.86
10.24,10.24,59.31,53.25,81.60
3.16,3.16,64.02,63.25,81.39
1.25,1.25,79.24,63.88,81.97
0.04,0.04,90.78,70.61,79.08
0.52,0.52,88.77,75.27,81.98
4.56,4.56,78.65,74.34,81.67
9.74,9.74,81.75,68.57,80.33
14.05,14.05,75.96,69.58,79.78
13.70,13.70,73.93,73.19,80.38
11.86,11.86,69.78,74.75,80.62
7.04,7.04,69.15,79.26,78.67
3.95,3.95,67.93,74.69,79.40
4.21,4.21,69.39,78.88,79.97
2.16,2.16,66.40,74.49,82.00
4.14,4.14,60.07,70.78,83.44
8.96,8.96,52.95,78.21,84.25
13.00,13.00,46.65,78.47,83.67
14.66,14.66,42.73,76.92,84.46
15.87,15.87,39.11,78.79,84.33
21.61,21.61,40.14,81.50,84.88
26.36,26.36,44.14,78.60,83.41
26.21,26.21,47.89,79.25,84.72
22.62,22.62,58.89,80.69,82.21
20.35,20.35,69.20,79.65,82.68
18.73,18.73,62.59,81.80,82.44
18.10,18.10,56.81,79.41,82.76
15.90,15.90,50.78,79.95,82.57
15.06,15.06,46.78,76.39,82.53
15.60,15.60,49.09,73.79,81.51
12.28,12.28,60.52,71.85,82.68
5.56,5.56,69.89,72.67,81.55
5.59,5.59,85.12,71.76,81.24
2.12,2.12,90.64,68.07,83.09
3.34,3.34,83.86,70.37,81.77
8.96,8.96,81.36,68.23,82.45
11.36,11.36,79.28,69.12,82.78
14.61,14.61,74.34,69.91,82.09
16.61,16.61,66.49,70.46,82.34
16.38,16.38,65.97,71.70,80.18
16.59,16.59,59.59,63.52,78.29
11.16,11.16,56.69,62.92,80.66
2.71,2.71,68.34,60.89,81.32
3.55,3.55,65.20,71.61,83.01
6.02,6.02,67.68,70.57,82.81
7.93,7.93,60.52,70.77,81.17
12.14,12.14,53.06,68.92,81.33
16.08,16.08,50.15,70.59,82.11
13.00,13.00,53.20,68.85,83.05
11.80,11.80,59.10,53.78,79.03
7.30,7.30,64.69,56.24,78.06
9.55,9.55,81.08,49.52,81.14
12.47,12.47,89.97,53.84,82.02
11.98,11.98,86.82,49.22,81.07
9.82,9.82,75.09,55.01,82.84
3.97,3.97,67.10,50.54,83.18
8.45,8.45,63.24,46.68,84.14
11.75,11.75,59.72,41.33,81.44
17.46,17.46,55.84,46.66,83.20
18.83,18.83,54.40,37.61,81.25
13.42,13.42,63.58,45.62,79.50
3.79,3.79,69.05,46.57,78.47
0.29,0.29,80.38,52.75,80.41
1.41,1.41,90.67,41.28,79.45
6.68,6.68,85.81,38.23,80.00
13.21,13.21,78.27,37.33,78.62
18.15,18.15,80.22,43.71,76.71
18.96,18.96,73.26,42.38,75.94
18.89,18.89,68.13,50.09,76.65
15.49,15.49,61.99,61.56,77.80
8.78,8.78,56.21,67.68,76.71
5.99,5.99,66.03,76.09,78.77
4.49,4.49,70.12,86.61,81.17
5.30,5.30,64.68,83.70,81.85
9.58,9.58,58.30,79.18,82.16
11.87,11.87,52.00,76.92,82.36
15.28,15.28,48.95,75.05,82.21
16.85,16.85,45.14,70.62,81.77
16.70,16.70,45.00,73.58,81.80
20.82,20.82,48.80,73.43,81.23
19.38,19.38,54.66,63.98,78.36
15.16,15.16,60.15,68.59,80.84
18.16,18.16,67.36,68.34,78.66
20.67,20.67,64.67,68.23,81.58
19.99,19.99,58.92,68.02,77.76
19.64,19.64,52.46,70.81,80.53
23.41,23.41,48.14,69.67,76.41
23.22,23.22,44.74,69.64,80.63
21.73,21.73,51.18,67.84,76.62
15.25,15.25,60.96,74.72,81.48
4.40,4.40,65.34,71.94,77.01
5.70,5.70,84.91,71.55,81.26
4.54,4.54,90.57,63.18,81.18
9.24,9.24,79.91,57.83,82.00
14.32,14.32,79.48,61.28,81.47
16.81,16.81,77.23,67.80,81.50
20.04,20.04,63.88,67.24,80.77
20.35,20.35,59.01,69.80,80.44
21.26,21.26,60.08,69.35,82.02
22.03,22.03,55.21,70.63,80.23
20.29,20.29,59.25,66.37,81.97
22.87,22.87,59.51,66.88,82.43
19.38,19.38,68.22,68.66,82.60
11.95,11.95,62.79,72.26,81.06
11.42,11.42,57.20,71.13,82.17
17.11,17.11,52.52,73.06,80.16
24.55,24.55,45.95,70.90,81.43
26.57,26.57,42.44,69.20,78.71
25.21,25.21,42.57,70.52,79.93
23.04,23.04,48.01,69.06,78.31
16.07,16.07,62.63,69.74,80.46
10.18,10.18,72.56,71.18,80.96
18.53,18.53,69.66,71.27,80.67
13.73,13.73,68.54,72.10,81.40
21.04,21.04,66.13,70.12,80.40
21.54,21.54,63.91,69.85,82.20
18.84,18.84,60.13,71.41,81.27
18.12,18.12,59.12,58.65,80.46
18.12,18.12,58.70,50.78,80.43
20.07,20.07,63.57,45.45,78.74
23.65,23.65,63.91,43.81,79.01
26.55,26.55,67.57,38.63,81.31
29.97,29.97,67.76,38.12,81.39
31.90,31.90,64.70,38.22,79.56
37.54,37.54,62.08,33.23,80.56
33.43,33.43,60.00,34.65,80.66
32.96,32.96,59.78,38.59,80.39
31.23,31.23,62.14,44.05,76.84
26.39,26.39,69.26,48.41,77.44
14.96,14.96,78.94,66.43,77.14
10.21,10.21,90.33,77.83,75.74
6.27,6.27,88.84,81.58,76.82
12.06,12.06,80.48,78.77,76.83
6.80,6.80,74.00,78.61,75.12
5.40,5.40,68.85,80.35,73.89
7.18,7.18,65.48,77.66,74.73
13.01,13.01,61.54,78.12,72.31
14.30,14.30,55.11,79.08,72.57
12.01,12.01,54.20,77.41,74.93
9.28,9.28,57.96,78.39,74.23
1.44,1.44,56.79,76.69,73.20
3.92,3.92,64.39,76.37,77.27
8.64,8.64,61.66,77.26,75.63
14.99,14.99,57.16,75.75,77.44
20.00,20.00,51.81,75.28,75.60
22.26,22.26,49.83,76.23,74.55
21.96,21.96,47.77,74.58,75.40
16.70,16.70,57.17,74.03,75.13
7.65,7.65,63.27,74.31,72.37
6.29,6.29,79.93,70.75,76.62
10.65,10.65,88.30,72.81,76.77
13.78,13.78,84.16,70.94,76.11
9.82,9.82,76.45,70.44,76.78
10.74,10.74,65.17,73.59,76.88
16.52,16.52,64.37,71.20,73.23
18.58,18.58,59.19,70.83,71.31
20.54,20.54,56.23,72.75,72.48
16.57,16.57,64.12,70.11,73.64
8.83,8.83,70.20,71.80,68.76
7.97,7.97,84.41,72.40,72.12
11.43,11.43,90.04,74.72,71.40
11.04,11.04,88.16,80.24,71.95
7.99,7.99,82.71,78.60,72.83
8.09,8.09,75.76,77.20,73.42
7.04,7.04,66.48,77.85,69.46
14.18,14.18,63.11,75.38,68.90
18.77,18.77,64.37,75.19,66.37
14.12,14.12,67.37,76.92,64.63
10.59,10.59,73.69,73.41,68.14
11.65,11.65,89.04,67.91,70.13
17.87,17.87,90.28,68.59,70.54
27.96,27.96,83.73,73.33,77.52
24.45,24.45,79.97,76.42,79.18
20.98,20.98,80.64,75.61,78.65
21.27,21.27,74.29,77.87,81.35
23.42,23.42,67.53,79.76,80.60
25.21,25.21,66.66,80.26,81.26
24.32,24.32,65.73,79.96,80.01
24.44,24.44,67.70,79.83,82.05
20.97,20.97,62.73,77.91,81.23
20.82,20.82,66.59,78.42,81.40
19.79,19.79,65.62,78.69,81.74
20.30,20.30,60.32,79.86,82.00
23.69,23.69,55.81,79.72,81.18
25.29,25.29,50.57,78.94,77.95
25.66,25.66,49.28,78.45,79.53
23.67,23.67,51.06,77.21,79.01
20.77,20.77,53.18,79.26,79.12
12.19,12.19,60.10,79.08,80.74
13.74,13.74,70.23,79.49,79.91
21.45,21.45,68.03,77.78,80.29
22.90,22.90,61.97,72.57,81.21
21.89,21.89,56.42,73.34,80.86
21.98,21.98,51.43,73.09,82.49
23.59,23.59,43.65,73.42,81.44
26.35,26.35,40.85,73.11,82.31
27.42,27.42,41.86,72.00,80.18
24.52,24.52,47.12,72.49,80.96
19.16,19.16,53.44,72.80,80.30
14.27,14.27,64.94,74.04,81.23
1.73,1.73,68.24,74.27,81.96
0.52,0.52,62.80,73.43,81.84
5.79,5.79,55.98,72.45,82.21
11.69,11.69,50.11,71.44,82.48
16.37,16.37,49.13,71.16,82.14
15.45,15.45,56.66,71.04,81.93
10.55,10.55,67.57,70.00,81.24
4.10,4.10,72.79,62.97,79.29
8.54,8.54,87.16,61.39,80.90
9.03,9.03,90.02,61.94,80.22
9.52,9.52,80.34,52.39,82.09
8.75,8.75,72.97,46.82,83.85
5.24,5.24,68.03,52.70,81.46
8.66,8.66,61.43,47.16,80.65
13.09,13.09,57.30,44.49,78.67
15.79,15.79,57.14,40.38,79.74
16.72,16.72,61.36,35.85,80.69
13.72,13.72,69.05,46.02,77.94
4.14,4.14,75.40,44.78,77.77
0.23,0.23,84.66,33.55,77.90
1.26,1.26,91.52,42.21,78.47
6.87,6.87,78.66,48.64,77.77
15.05,15.05,81.68,51.32,79.23
20.90,20.90,77.71,50.81,78.85
22.99,22.99,67.25,44.52,79.04
21.33,21.33,70.97,53.16,77.72
19.93,19.93,58.34,64.51,78.40
17.84,17.84,59.27,72.30,78.28
13.37,13.37,69.74,77.21,80.13
10.55,10.55,68.24,81.57,81.94
10.52,10.52,63.94,84.27,80.04
12.67,12.67,61.37,84.36,80.91
13.42,13.42,58.88,83.05,80.67
17.21,17.21,56.15,81.33,80.26
21.27,21.27,52.11,81.90,79.62
22.51,22.51,49.24,82.15,78.42
23.31,23.31,50.69,81.01,78.74
22.74,22.74,51.24,80.60,79.52
22.74,22.74,55.29,79.27,77.63
21.70,21.70,64.60,80.73,79.23
22.66,22.66,62.80,79.97,78.48
18.84,18.84,56.86,80.14,79.25
20.18,20.18,54.61,80.08,78.00
26.36,26.36,51.30,78.82,77.76
24.78,24.78,50.90,79.34,79.83
20.13,20.13,59.83,79.03,79.78
13.85,13.85,67.83,78.58,78.72
9.70,9.70,76.54,77.76,78.82
6.62,6.62,89.89,73.32,78.06
8.42,8.42,87.58,68.26,78.16
8.34,8.34,76.61,67.13,78.11
13.48,13.48,82.77,69.53,78.68
17.35,17.35,72.76,74.72,77.47
22.48,22.48,69.21,75.22,77.65
23.41,23.41,65.18,72.32,77.12
23.27,23.27,54.82,67.47,77.88
20.14,20.14,56.29,69.99,80.05
13.77,13.77,64.58,73.47,79.35
10.98,10.98,67.85,74.15,78.83
1.17,1.17,65.20,72.14,77.06
3.03,3.03,59.23,72.16,75.65
9.93,9.93,57.18,71.22,78.30
14.73,14.73,53.49,71.45,78.74
18.15,18.15,47.11,70.90,78.05
15.99,15.99,49.81,72.13,79.80
16.42,16.42,53.91,71.72,79.46
15.51,15.51,65.60,69.97,76.09
8.42,8.42,67.97,68.89,79.07
5.14,5.14,68.28,70.95,79.23
6.02,6.02,69.21,72.15,82.76
7.05,7.05,67.66,70.83,78.69
8.64,8.64,65.18,67.09,81.21
11.33,11.33,61.63,49.67,80.01
13.99,13.99,59.52,48.65,81.24
14.69,14.69,60.35,39.90,79.48
14.27,14.27,64.05,38.07,79.91
10.39,10.39,64.24,32.72,80.45
7.34,7.34,66.05,35.83,78.82
7.23,7.23,68.32,31.53,81.34
7.15,7.15,67.16,28.84,77.79
12.27,12.27,64.18,34.02,80.35
16.26,16.26,62.33,29.71,77.64
19.09,19.09,60.23,31.55,79.48
23.62,23.62,60.23,44.43,78.48
20.12,20.12,65.03,47.65,79.30
7.48,7.48,68.31,52.16,79.58
14.06,14.06,87.11,73.36,80.12
11.54,11.54,90.69,79.88,79.01
8.24,8.24,82.96,80.10,80.72
7.02,7.02,75.30,80.09,80.08
4.95,4.95,69.40,79.33,79.46
4.78,4.78,64.56,79.78,80.01
10.32,10.32,59.77,79.19,79.14
9.86,9.86,59.80,78.35,80.49
9.51,9.51,58.88,78.83,78.32
8.98,8.98,60.63,76.94,81.19
7.08,7.08,64.01,76.36,77.49
7.62,7.62,66.76,77.52,81.25
12.13,12.13,59.56,76.89,78.42
16.01,16.01,54.11,76.44,80.51
18.57,18.57,51.23,76.38,79.22
21.22,21.22,47.52,75.30,79.93
20.87,20.87,46.28,75.08,78.45
20.37,20.37,44.40,75.16,78.38
19.97,19.97,49.92,74.99,79.82
10.67,10.67,51.59,75.01,77.86
6.54,6.54,67.15,69.42,75.15
3.48,3.48,69.55,54.31,78.96
6.22,6.22,65.29,55.66,79.09
13.50,13.50,58.31,49.32,79.04
19.20,19.20,52.13,38.18,78.23
21.46,21.46,47.83,41.14,77.35
23.05,23.05,44.40,33.08,78.26
22.43,22.43,45.88,36.11,77.78
22.62,22.62,60.75,30.78,76.94
16.41,16.41,66.93,32.08,76.96
12.74,12.74,81.54,41.85,76.51
9.56,9.56,90.51,40.81,76.01
14.13,14.13,89.67,41.45,76.18
22.35,22.35,81.89,47.66,76.49
24.51,24.51,75.25,49.62,75.42
26.11,26.11,78.24,53.56,75.45
26.25,26.25,73.78,55.49,75.29
21.19,21.19,70.35,65.90,75.40
18.54,18.54,70.69,80.34,74.69
14.71,14.71,66.62,79.41,77.42
8.62,8.62,69.09,81.13,76.95
14.94,14.94,66.28,86.08,82.55
20.94,20.94,60.73,84.02,78.17
27.48,27.48,54.19,83.63,81.23
30.07,30.07,48.84,81.78,79.45
30.42,30.42,44.17,81.23,79.80
36.06,36.06,40.38,81.48,77.41
37.83,37.83,39.88,80.06,80.29
31.13,31.13,42.57,79.49,79.41
26.28,26.28,48.96,76.94,78.87
21.51,21.51,57.79,76.37,78.36
13.86,13.86,69.79,74.41,79.27
14.55,14.55,62.74,77.78,79.17
29.68,29.68,56.23,75.46,78.61
29.01,29.01,51.33,75.19,76.76
27.50,27.50,47.20,74.05,78.67
20.79,20.79,51.27,74.22,77.66
14.23,14.23,60.21,75.55,78.25
10.28,10.28,69.47,72.42,77.26
7.53,7.53,86.09,68.58,77.26
11.95,11.95,91.84,70.79,74.95
15.84,15.84,84.62,68.89,75.96
18.96,18.96,78.17,69.46,76.82
21.33,21.33,80.01,69.60,76.92
20.38,20.38,77.01,70.14,75.77
24.34,24.34,68.73,70.37,76.64
23.60,23.60,63.51,67.98,77.86
22.16,22.16,57.48,71.76,77.68
12.12,12.12,68.30,73.71,75.60
6.70,6.70,69.03,73.36,77.19
4.22,4.22,67.42,71.16,75.75
10.54,10.54,68.21,70.01,76.36
15.79,15.79,64.12,68.64,77.16
18.04,18.04,61.64,68.22,77.65
18.83,18.83,55.48,67.54,76.78
15.40,15.40,54.52,67.77,76.63
9.04,9.04,58.63,67.58,75.30
3.75,3.75,66.47,69.93,73.84
7.04,7.04,79.57,69.37,76.55
8.43,8.43,90.69,68.88,76.18
7.83,7.83,87.15,65.40,79.86
7.81,7.81,76.69,61.82,84.64
3.31,3.31,68.74,62.69,85.94
5.97,5.97,64.01,65.50,84.66
12.37,12.37,57.77,64.90,85.24
14.21,14.21,54.62,62.30,82.71
12.40,12.40,54.32,64.15,82.33
9.02,9.02,62.33,63.78,83.40
0.83,0.83,68.94,60.63,80.07
0.68,0.68,79.18,55.47,80.92
4.43,4.43,90.30,52.00,79.42
13.17,13.17,87.06,58.91,79.69
16.76,16.76,77.84,65.26,80.81
21.15,21.15,80.15,65.83,76.61
20.93,20.93,72.59,64.77,78.98
18.87,18.87,69.51,66.84,76.92
14.63,14.63,62.24,70.35,77.50
9.12,9.12,59.83,70.93,78.18
4.02,4.02,63.83,75.47,75.34
2.00,2.00,69.31,80.01,77.64
2.93,2.93,63.62,84.28,80.12
8.06,8.06,59.45,84.97,78.96
12.79,12.79,53.41,84.77,78.72
13.86,13.86,46.93,84.19,79.67
11.70,11.70,41.67,84.35,78.76
11.61,11.61,41.22,82.93,78.41
10.16,10.16,44.94,82.17,77.41
11.74,11.74,52.03,80.98,79.61
8.50,8.50,58.14,80.74,77.29
2.31,2.31,65.24,80.59,77.55
3.65,3.65,63.47,77.52,79.61
4.88,4.88,58.01,74.30,77.63
6.20,6.20,50.82,74.86,78.31
7.13,7.13,44.77,75.35,78.37
6.17,6.17,42.67,75.38,77.69
2.44,2.44,51.22,75.47,77.59
1.19,1.19,66.02,74.43,78.46
0.36,0.36,72.58,71.64,76.46
5.14,5.14,85.01,72.26,76.80
3.96,3.96,90.72,73.44,74.30
8.95,8.95,79.92,72.60,77.40
11.51,11.51,82.25,68.42,76.19
16.67,16.67,80.48,66.67,75.24
17.92,17.92,71.40,65.70,77.17
21.33,21.33,66.22,66.40,78.08
19.80,19.80,60.45,70.10,76.40
13.01,13.01,53.88,71.04,77.19
8.08,8.08,53.70,70.91,76.85
9.51,9.51,58.97,71.28,75.46
15.43,15.43,67.56,73.54,77.21
16.83,16.83,63.85,65.79,76.30
16.25,16.25,57.90,66.06,76.81
15.99,15.99,52.17,64.02,76.19
16.94,16.94,47.80,66.60,77.04
17.45,17.45,45.12,67.02,76.03
16.25,16.25,48.04,65.91,75.88
7.82,7.82,53.07,66.82,75.91
9.23,9.23,63.42,69.90,73.00
8.80,8.80,71.76,70.02,76.85
5.56,5.56,69.28,69.47,77.70
7.85,7.85,68.04,71.63,78.01
15.76,15.76,66.20,70.19,77.13
18.06,18.06,63.79,67.10,78.55
20.25,20.25,62.28,65.83,78.17
18.87,18.87,60.67,67.98,77.90
20.74,20.74,60.84,69.27,77.62
19.80,19.80,64.83,70.28,78.45
16.58,16.58,65.46,63.89,78.01
16.71,16.71,68.05,57.19,78.50
17.11,17.11,68.96,42.92,80.12
18.56,18.56,66.29,36.89,79.73
21.52,21.52,64.22,32.44,78.57
18.69,18.69,62.54,36.09,78.61
14.91,14.91,62.26,37.36,77.48
9.71,9.71,63.48,42.54,77.16
6.99,6.99,68.12,52.23,77.85
10.03,10.03,77.50,66.41,80.24
13.86,13.86,90.14,78.79,79.02
12.78,12.78,89.68,79.88,79.06
14.30,14.30,79.70,79.22,77.64
10.21,10.21,72.12,78.23,78.04
9.28,9.28,69.51,78.56,76.77
12.01,12.01,65.68,79.48,75.34
13.46,13.46,63.25,78.10,76.63
17.08,17.08,59.24,77.37,76.28
20.44,20.44,59.71,76.72,75.33
22.96,22.96,61.27,76.96,75.48
20.47,20.47,61.18,77.39,75.18
15.26,15.26,65.21,77.35,75.61
10.08,10.08,63.92,75.71,75.41
11.89,11.89,60.22,75.78,75.74
20.03,20.03,57.04,75.60,75.24
22.51,22.51,57.04,73.98,75.76
20.03,20.03,55.06,73.52,75.75
20.09,20.09,58.42,73.91,76.05
13.82,13.82,64.72,73.57,74.84
4.35,4.35,79.87,71.74,73.43
9.83,9.83,88.47,71.18,77.11
12.66,12.66,85.65,73.25,76.80
14.77,14.77,80.14,74.11,80.44
19.65,19.65,69.55,72.42,77.79
19.84,19.84,63.31,72.00,78.78
17.09,17.09,59.71,72.08,78.19
14.38,14.38,58.39,69.27,78.40
11.06,11.06,61.67,70.00,77.30
7.37,7.37,71.30,69.41,75.56
8.69,8.69,82.05,73.93,76.05
11.94,11.94,87.91,74.75,78.60
10.90,10.90,88.56,78.78,80.11
13.60,13.60,84.37,79.24,78.02
16.91,16.91,79.10,80.49,76.98
14.28,14.28,67.04,80.61,78.77
14.29,14.29,62.88,79.89,78.50
11.45,11.45,63.95,73.32,77.83
8.10,8.10,67.19,59.92,78.35
2.09,2.09,72.30,62.99,78.31
2.55,2.55,87.14,74.52,78.97
3.23,3.23,89.28,75.77,79.55
8.55,8.55,82.95,77.39,80.83
14.24,14.24,80.81,78.68,82.19
18.20,18.20,81.03,84.22,80.51
16.75,16.75,68.82,81.61,81.19
16.18,16.18,65.32,83.11,80.29
15.08,15.08,59.75,83.29,78.64
14.07,14.07,58.91,83.77,78.85
14.64,14.64,57.91,79.98,77.03
18.27,18.27,59.17,81.18,77.33
22.48,22.48,65.00,80.31,75.80
19.42,19.42,66.26,82.43,78.67
16.81,16.81,60.44,82.28,75.64
16.52,16.52,55.98,81.68,78.95
19.31,19.31,50.89,81.96,76.76
20.02,20.02,49.14,79.64,78.67
23.35,23.35,50.93,78.88,75.89
21.66,21.66,55.62,73.72,78.25
15.49,15.49,61.20,73.35,75.66
15.75,15.75,70.92,70.33,77.59
17.51,17.51,68.72,73.35,78.82
16.16,16.16,62.61,72.86,79.58
16.57,16.57,56.33,73.79,80.34
20.88,20.88,52.91,71.61,76.92
19.08,19.08,46.18,71.72,79.73
20.29,20.29,45.50,72.91,78.31
21.66,21.66,47.70,70.99,80.61
15.67,15.67,51.89,71.67,78.52
8.24,8.24,56.98,70.43,79.13
11.98,11.98,64.27,72.73,81.83
15.68,15.68,69.40,69.27,80.14
16.35,16.35,64.70,71.96,80.50
14.39,14.39,59.81,70.73,78.95
16.37,16.37,54.10,71.96,81.34
18.23,18.23,52.52,70.37,79.32
17.12,17.12,56.25,70.75,81.44
9.96,9.96,63.93,71.52,77.38
4.97,4.97,72.22,69.18,77.12
10.66,10.66,86.91,70.61,79.13
9.13,9.13,88.93,66.33,78.95
9.23,9.23,80.95,58.23,86.99
7.03,7.03,73.53,57.53,81.62
2.22,2.22,67.47,42.56,83.14
4.12,4.12,62.14,51.26,80.42
12.77,12.77,60.15,45.00,80.46
15.36,15.36,55.47,48.05,77.41
14.35,14.35,57.61,42.91,78.39
10.63,10.63,65.40,47.68,77.18
5.70,5.70,70.75,47.28,77.35
3.46,3.46,86.48,41.34,76.01
6.01,6.01,91.16,34.50,76.20
11.97,11.97,76.59,29.21,77.58
18.02,18.02,80.82,22.71,76.71
23.91,23.91,79.15,34.25,77.65
28.62,28.62,66.38,43.87,77.34
27.75,27.75,69.64,51.83,78.55
21.15,21.15,60.13,61.41,77.81
12.02,12.02,61.11,72.84,75.85
10.47,10.47,68.13,81.71,76.39
15.12,15.12,67.45,81.40,78.46
15.90,15.90,64.88,79.11,75.93
18.27,18.27,60.74,72.30,75.43
20.41,20.41,56.61,77.95,77.55
18.98,18.98,53.06,70.41,76.89
18.99,18.99,50.75,69.18,77.27
22.25,22.25,50.96,65.26,78.69
19.20,19.20,52.13,58.03,78.31
14.49,14.49,55.27,63.43,76.84
13.23,13.23,58.31,56.60,75.10
16.04,16.04,64.26,58.59,78.86
12.40,12.40,64.22,68.19,76.99
9.11,9.11,60.65,74.14,79.20
10.75,10.75,58.07,75.36,78.74
13.42,13.42,54.32,74.08,77.81
11.78,11.78,53.39,74.83,79.87
9.10,9.10,60.08,72.07,77.19
5.27,5.27,66.33,73.32,77.34
7.44,7.44,76.83,71.88,76.93
10.48,10.48,89.02,69.97,76.91
12.78,12.78,88.44,62.14,75.71
13.58,13.58,77.27,66.38,77.68
10.16,10.16,82.46,71.07,77.79
10.07,10.07,74.44,66.99,78.05
10.39,10.39,70.30,70.28,77.71
14.55,14.55,64.09,72.63,77.99
14.72,14.72,56.28,74.53,77.41
14.02,14.02,57.66,72.03,76.75
15.43,15.43,60.05,72.26,77.49
19.74,19.74,63.36,65.85,78.51
19.88,19.88,64.61,73.38,78.25
24.97,24.97,59.97,69.76,76.83
20.88,20.88,57.16,70.89,78.93
20.40,20.40,54.11,70.00,77.31
20.55,20.55,52.26,71.38,77.77
19.89,19.89,51.33,71.38,78.66
15.32,15.32,56.07,70.41,79.18
11.07,11.07,65.86,72.68,78.90
12.05,12.05,67.89,69.81,76.56
25.75,25.75,69.68,70.81,79.45
31.32,31.32,68.60,70.12,78.45
29.03,29.03,67.49,72.22,78.81
24.68,24.68,65.77,68.91,78.19
22.73,22.73,62.05,69.66,80.95
23.46,23.46,61.85,69.94,76.49
25.60,25.60,61.17,71.37,79.33
23.36,23.36,63.17,69.92,77.32
19.93,19.93,65.28,66.47,79.51
21.98,21.98,65.79,56.48,78.57
27.25,27.25,68.39,45.15,81.70
25.05,25.05,67.75,43.10,78.90
21.69,21.69,65.36,34.02,79.68
22.40,22.40,63.62,35.21,78.74
22.28,22.28,61.88,36.56,78.11
16.94,16.94,60.90,40.18,78.44
7.53,7.53,65.17,50.00,78.23
3.48,3.48,67.89,55.17,76.94
11.42,11.42,86.33,71.89,78.68
10.99,10.99,91.28,79.61,78.41
8.03,8.03,84.45,79.19,78.20
9.41,9.41,75.92,80.07,79.84
5.93,5.93,70.02,78.99,77.10
8.83,8.83,66.63,77.70,78.77
14.96,14.96,60.26,79.07,76.93
18.36,18.36,56.63,78.51,78.24
21.43,21.43,58.49,77.66,77.18
20.22,20.22,60.25,74.09,76.96
20.65,20.65,63.20,77.80,76.60
22.50,22.50,65.88,75.80,78.75
19.16,19.16,60.33,76.68,75.65
17.19,17.19,57.09,75.11,77.74
24.21,24.21,54.21,76.12,77.16
25.11,25.11,51.63,74.75,76.70
26.83,26.83,49.69,73.96,76.43
26.72,26.72,50.28,74.87,76.96
24.97,24.97,52.58,74.54,77.43
16.35,16.35,55.28,74.21,76.19
9.21,9.21,67.50,72.21,74.35
5.53,5.53,70.35,74.40,76.96
4.33,4.33,66.42,73.13,80.54
5.02,5.02,59.23,73.59,77.60
12.96,12.96,56.49,72.09,77.74
15.53,15.53,52.39,73.04,77.06
19.90,19.90,51.85,72.27,75.57
21.52,21.52,54.29,72.17,75.40
21.26,21.26,57.94,72.15,73.76
14.30,14.30,66.23,70.67,72.52
3.99,3.99,79.30,71.20,72.58
6.51,6.51,90.42,60.22,70.59
11.16,11.16,89.72,64.20,72.68
15.52,15.52,78.75,67.38,75.13
19.02,19.02,83.06,61.89,75.48
24.03,24.03,79.71,64.83,74.36
23.16,23.16,73.10,70.14,73.85
20.43,20.43,68.79,70.68,73.93
12.19,12.19,66.86,79.98,73.30
6.38,6.38,62.65,82.54,76.33
8.58,8.58,68.58,77.27,76.67
12.61,12.61,66.31,86.06,80.65
12.83,12.83,62.01,84.10,83.67
18.02,18.02,57.26,82.44,82.42
22.56,22.56,53.49,82.05,81.25
26.38,26.38,50.55,82.67,80.39
26.45,26.45,48.18,78.69,79.19
26.40,26.40,50.39,73.89,81.21
22.11,22.11,52.46,79.44,79.60
17.69,17.69,52.70,79.12,80.92
17.48,17.48,59.38,75.84,80.41
16.70,16.70,69.76,77.96,79.82
18.67,18.67,63.05,73.97,79.54
16.52,16.52,58.07,78.11,79.79
19.31,19.31,55.55,77.78,79.67
19.27,19.27,50.50,74.77,78.35
23.27,23.27,54.02,76.10,78.81
17.47,17.47,62.25,75.38,78.51
12.41,12.41,70.27,73.29,78.22
8.51,8.51,84.36,70.09,79.04
6.90,6.90,91.50,68.04,74.93
11.02,11.02,83.06,59.11,75.47
15.09,15.09,75.92,63.66,78.33
19.49,19.49,78.82,61.68,77.42
22.06,22.06,68.04,65.89,76.82
24.55,24.55,59.44,70.25,77.47
23.42,23.42,57.88,70.97,75.37
20.93,20.93,57.44,74.84,75.73
14.40,14.40,57.01,73.46,77.12
9.79,9.79,66.67,71.75,75.64
14.57,14.57,62.69,69.89,78.02
14.19,14.19,69.04,70.95,77.37
8.86,8.86,62.13,74.07,75.70
14.53,14.53,55.85,72.74,78.02
20.26,20.26,52.54,71.61,76.54
23.08,23.08,52.32,69.86,75.28
19.67,19.67,58.52,69.47,75.01
7.13,7.13,66.10,71.77,74.77
7.50,7.50,80.29,69.89,75.82
8.37,8.37,90.07,66.73,76.91
4.91,4.91,86.83,70.58,78.18
6.94,6.94,77.09,68.58,78.70
7.98,7.98,70.52,66.65,79.55
10.63,10.63,66.18,59.19,79.75
15.04,15.04,59.80,40.40,78.47
17.02,17.02,56.98,51.71,79.23
17.26,17.26,55.83,42.70,77.68
12.43,12.43,63.23,44.22,74.33
5.75,5.75,67.92,42.20,75.51
4.11,4.11,79.36,44.54,76.22
5.94,5.94,90.12,31.65,74.49
9.99,9.99,87.11,34.89,71.93
14.79,14.79,78.54,37.73,71.97
21.77,21.77,80.81,36.86,72.67
24.52,24.52,74.80,45.15,74.33
26.12,26.12,70.90,53.22,73.88
22.90,22.90,60.28,53.61,76.11
15.54,15.54,57.10,67.72,73.11
6.25,6.25,63.87,76.10,73.81
7.18,7.18,69.34,83.02,77.95
7.51,7.51,65.64,85.79,78.45
8.95,8.95,60.94,83.31,75.39
15.62,15.62,57.27,83.27,76.55
21.71,21.71,53.42,81.21,77.41
19.07,19.07,51.68,79.32,76.85
15.34,15.34,51.97,79.41,77.86
15.72,15.72,52.72,76.04,79.09
17.13,17.13,56.01,73.27,77.72
13.71,13.71,59.27,76.79,77.69
16.90,16.90,66.22,76.29,78.21
23.75,23.75,64.60,73.09,77.68
14.22,14.22,59.68,76.60,76.98
7.56,7.56,54.87,72.91,76.74
8.35,8.35,52.60,75.51,76.65
5.67,5.67,50.03,76.72,75.41
5.05,5.05,52.68,73.91,76.52
3.60,3.60,65.08,71.35,76.31
4.62,4.62,71.68,73.33,74.73
5.77,5.77,84.95,73.57,72.04
6.01,6.01,91.00,66.97,74.00
9.30,9.30,78.07,61.76,75.33
11.21,11.21,78.84,62.69,75.55
13.67,13.67,76.52,66.21,73.98
14.76,14.76,63.02,64.65,74.89
15.37,15.37,62.79,71.78,74.93
12.03,12.03,62.88,73.15,76.31
8.40,8.40,56.80,71.87,74.95
8.48,8.48,61.02,71.48,76.88
13.08,13.08,59.66,65.95,76.42
15.82,15.82,66.77,67.59,75.29
14.23,14.23,64.48,72.34,76.60
11.30,11.30,57.68,73.63,76.36
9.09,9.09,53.85,74.06,77.07
12.30,12.30,47.87,72.16,76.65
14.21,14.21,42.79,69.37,78.64
13.70,13.70,41.58,70.85,77.91
11.83,11.83,50.00,70.26,76.05
4.62,4.62,61.07,66.87,77.45
3.40,3.40,70.36,72.53,80.78
5.04,5.04,68.85,71.67,79.07
4.79,4.79,68.86,71.77,79.47
10.32,10.32,65.99,70.66,80.74
14.84,14.84,63.59,70.54,78.97
12.29,12.29,60.16,71.70,79.50
12.08,12.08,58.32,70.87,78.11
12.59,12.59,58.25,69.46,79.63
11.12,11.12,62.84,71.29,79.52
4.99,4.99,64.27,70.89,79.66
5.56,5.56,67.44,68.57,79.84
8.12,8.12,68.84,57.19,78.54
12.67,12.67,65.30,50.48,79.21
16.41,16.41,62.24,35.60,81.13
15.62,15.62,60.05,40.90,80.59
13.63,13.63,60.11,39.54,77.64
9.39,9.39,61.57,47.25,77.20
4.22,4.22,67.03,47.48,79.30
6.22,6.22,76.22,62.01,76.05
10.79,10.79,89.12,77.02,76.90
6.59,6.59,89.69,81.17,75.96
10.03,10.03,79.95,78.59,76.48
7.92,7.92,73.99,80.62,78.32
7.85,7.85,67.63,78.27,79.01
13.45,13.45,63.76,78.02,77.99
18.26,18.26,59.17,79.51,79.50
18.32,18.32,54.03,77.70,78.80
16.27,16.27,52.27,76.64,77.38
17.17,17.17,57.47,78.03,77.69
21.01,21.01,56.58,76.32,79.37
23.21,23.21,63.81,76.57,77.21
24.55,24.55,61.89,77.65,78.62
21.81,21.81,56.04,75.60,78.49
20.66,20.66,51.37,75.84,77.93
17.98,17.98,48.15,74.05,78.87
16.62,16.62,45.98,74.76,77.99
11.39,11.39,53.49,75.72,77.86
6.36,6.36,64.56,72.45,76.07
3.51,3.51,78.18,70.95,73.58
11.57,11.57,88.92,71.51,73.73
16.41,16.41,85.63,71.62,76.47
13.98,13.98,80.14,72.43,77.24
8.24,8.24,67.67,73.85,74.23
9.91,9.91,65.86,71.22,75.81
11.35,11.35,60.42,72.83,77.44
9.22,9.22,60.48,72.52,75.02
4.60,4.60,60.42,71.18,74.86
4.42,4.42,65.15,73.06,75.14
6.21,6.21,82.84,70.05,78.77
8.86,8.86,89.00,76.78,75.03
7.91,7.91,87.89,79.25,73.96
10.38,10.38,82.88,78.97,72.88
6.78,6.78,77.38,78.94,74.87
5.44,5.44,65.41,79.85,72.74
6.11,6.11,63.63,76.99,73.39
7.26,7.26,64.71,77.67,74.51
5.57,5.57,65.17,71.70,73.06
1.88,1.88,73.19,66.79,72.77
2.04,2.04,88.41,70.82,74.32
6.12,6.12,89.96,69.24,73.46
15.80,15.80,83.88,75.01,74.94
21.46,21.46,77.59,79.31,74.88
18.57,18.57,77.93,80.45,73.94
16.49,16.49,77.09,79.32,74.11
17.06,17.06,70.05,78.96,74.18
15.60,15.60,68.67,79.62,73.50
14.49,14.49,69.01,77.83,73.22
11.15,11.15,63.80,78.38,75.12
8.06,8.06,62.00,79.10,77.17
10.81,10.81,65.45,80.96,77.94
13.83,13.83,65.23,81.75,77.40
13.31,13.31,60.93,80.46,77.91
12.14,12.14,56.96,80.77,78.39
13.31,13.31,52.27,80.51,77.88
12.82,12.82,48.17,80.47,77.54
8.89,8.89,48.36,79.92,75.92
4.13,4.13,52.34,80.34,76.81
1.30,1.30,58.55,79.75,77.95
1.80,1.80,68.27,74.13,78.94
3.85,3.85,67.87,73.22,78.64
8.61,8.61,61.56,71.52,75.83
7.79,7.79,56.83,70.72,77.34
14.24,14.24,51.22,71.07,78.95
15.18,15.18,45.21,70.57,76.82
14.49,14.49,42.80,71.00,78.45
16.04,16.04,43.95,71.01,76.80
11.90,11.90,47.58,69.70,77.43
5.09,5.09,51.12,59.36,76.80
1.15,1.15,62.61,52.99,79.20
3.17,3.17,67.82,48.41,79.71
2.46,2.46,63.70,43.30,79.26
4.19,4.19,56.36,46.84,79.10
10.39,10.39,52.87,44.17,79.50
16.16,16.16,49.27,39.07,80.13
12.75,12.75,56.33,45.70,78.50
3.96,3.96,66.46,35.44,76.83
2.92,2.92,73.68,51.39,76.20
7.12,7.12,88.35,54.25,79.58
7.75,7.75,90.31,57.63,77.41
9.91,9.91,83.02,54.45,81.51
9.10,9.10,72.53,45.51,81.66
4.18,4.18,70.33,41.94,79.61
3.54,3.54,66.24,44.36,77.21
7.48,7.48,61.84,37.42,77.54
9.47,9.47,59.58,41.45,78.54
6.05,6.05,65.30,35.98,76.35
3.34,3.34,70.00,44.80,76.12
1.14,1.14,74.63,36.28,75.80
0.39,0.39,87.35,29.93,73.26
2.16,2.16,90.03,34.53,75.27
5.24,5.24,79.57,39.00,76.80
9.61,9.61,81.17,45.04,76.89
16.30,16.30,79.54,43.66,75.90
17.79,17.79,70.47,40.31,75.60
16.85,16.85,68.23,49.12,76.78
10.29,10.29,62.38,61.28,76.70
3.39,3.39,61.86,73.13,76.42
3.66,3.66,68.30,77.47,77.52
1.20,1.20,67.55,79.84,81.28
4.35,4.35,62.49,84.46,78.65
9.78,9.78,58.74,85.49,79.09
10.51,10.51,57.04,85.27,79.05
7.64,7.64,55.02,83.02,79.12
12.57,12.57,54.25,83.37,78.00
11.16,11.16,52.05,83.54,78.90
9.55,9.55,51.70,83.03,78.78
7.22,7.22,52.49,83.20,77.17
4.16,4.16,55.14,82.09,76.28
5.06,5.06,62.62,81.03,77.98
7.17,7.17,62.93,81.34,78.06
7.32,7.32,60.15,81.84,77.76
4.87,4.87,57.65,81.67,77.53
3.95,3.95,55.54,81.29,77.05
4.00,4.00,53.47,80.27,77.19
0.94,0.94,59.20,80.63,77.62
0.48,0.48,66.15,80.34,76.27
0.79,0.79,75.93,78.56,76.24
4.53,4.53,88.74,75.38,75.10
3.34,3.34,88.17,68.86,75.14
8.23,8.23,80.32,66.63,76.43
11.07,11.07,82.32,71.41,76.50
14.96,14.96,72.82,71.75,76.19
15.25,15.25,70.95,73.56,74.93
16.20,16.20,64.94,72.94,75.95
17.80,17.80,59.20,65.71,76.53
13.61,13.61,55.01,70.37,77.57
9.06,9.06,66.59,73.76,76.35
13.18,13.18,67.05,72.28,76.36
16.42,16.42,66.19,71.33,76.74
14.69,14.69,60.93,68.67,77.11
11.42,11.42,58.95,68.50,75.60
13.46,13.46,55.97,68.55,76.76
14.37,14.37,49.30,69.10,77.59
17.87,17.87,50.68,71.20,76.84
12.97,12.97,54.77,70.42,76.62
4.55,4.55,65.03,69.71,76.03
2.62,2.62,66.55,69.29,74.79
4.77,4.77,68.62,69.74,76.78
8.87,8.87,68.21,71.24,75.47
11.03,11.03,66.69,70.91,77.24
12.49,12.49,64.87,70.19,75.91
16.47,16.47,62.26,69.08,76.89
16.63,16.63,61.33,70.28,76.88
17.35,17.35,61.03,70.81,76.35
13.25,13.25,63.65,70.31,76.52
9.70,9.70,63.60,70.93,76.67
5.64,5.64,65.18,70.60,77.07
5.63,5.63,66.38,68.83,76.11
9.35,9.35,68.21,57.35,78.27
13.57,13.57,64.68,44.15,75.99
16.57,16.57,62.70,42.13,77.58
17.48,17.48,61.44,38.64,76.22
16.20,16.20,61.28,40.81,75.53
10.11,10.11,66.04,50.76,74.36
5.92,5.92,69.42,53.30,73.41
12.88,12.88,85.69,73.39,75.23
10.62,10.62,91.58,80.97,74.73
9.27,9.27,84.40,79.39,76.81
13.83,13.83,75.86,80.94,74.06
9.77,9.77,70.79,80.67,75.47
8.71,8.71,65.77,79.71,75.21
11.69,11.69,60.23,79.67,77.70
16.20,16.20,59.78,78.22,75.22
16.61,16.61,59.29,77.57,75.88
15.62,15.62,59.63,78.09,73.48
9.96,9.96,64.37,76.96,75.58
11.50,11.50,67.28,76.44,75.52
11.19,11.19,60.83,76.44,75.59
11.26,11.26,56.72,75.15,74.73
14.83,14.83,54.31,75.45,73.61
20.39,20.39,52.27,75.48,75.49
20.37,20.37,50.23,75.26,73.37
19.75,19.75,51.08,75.32,76.29
15.08,15.08,55.03,74.58,72.71
12.23,12.23,56.74,73.49,74.45
7.66,7.66,65.81,73.81,73.89
5.44,5.44,68.26,73.48,79.49
6.50,6.50,63.96,74.26,77.28
7.97,7.97,57.53,74.24,76.18
8.64,8.64,51.77,72.19,75.87
10.41,10.41,49.99,73.10,77.10
8.32,8.32,50.31,72.54,77.80
5.39,5.39,56.42,72.60,77.04
4.19,4.19,65.55,71.80,77.90
9.83,9.83,76.74,68.45,79.32
4.17,4.17,80.59,61.25,79.15
3.66,3.66,89.25,55.38,77.78
4.16,4.16,90.84,49.09,75.59
9.70,9.70,82.53,47.03,76.67
14.16,14.16,76.30,54.65,76.29
18.62,18.62,80.88,61.17,77.09
20.36,20.36,75.36,66.68,76.12
15.18,15.18,66.64,70.59,76.53
11.88,11.88,74.77,74.81,76.80
4.86,4.86,67.11,81.41,76.39
2.75,2.75,68.78,77.38,78.85
1.93,1.93,66.11,77.27,82.49
1.87,1.87,61.68,79.66,81.18
7.99,7.99,56.65,84.19,81.67
18.40,18.40,53.95,84.68,78.87
22.59,22.59,50.29,84.17,80.80
23.38,23.38,46.99,84.47,80.73
22.97,22.97,48.13,84.27,80.61
20.65,20.65,50.96,84.55,79.76
14.79,14.79,53.71,83.22,80.30
11.79,11.79,58.37,82.91,79.96
10.89,10.89,68.81,82.90,79.45
8.72,8.72,63.29,82.77,81.27
9.22,9.22,57.84,83.58,80.90
13.62,13.62,55.17,82.39,80.36
17.24,17.24,51.70,81.84,80.81
21.00,21.00,54.19,82.30,80.01
15.07,15.07,63.34,81.74,78.89
5.61,5.61,71.82,79.75,76.46
6.42,6.42,84.30,75.35,77.95
5.63,5.63,91.50,70.99,77.80
6.37,6.37,87.76,70.31,75.94
10.24,10.24,81.57,73.70,78.01
15.07,15.07,81.82,74.57,77.95
20.72,20.72,73.36,75.36,78.17
20.97,20.97,67.32,74.13,76.81
19.93,19.93,65.38,73.21,78.58
18.19,18.19,60.86,72.19,76.99
11.26,11.26,66.46,72.46,75.90
6.44,6.44,69.72,73.31,76.25
7.88,7.88,67.59,74.44,77.80
14.03,14.03,68.12,71.80,78.14
15.89,15.89,63.86,71.07,77.88
17.54,17.54,59.79,71.24,77.63
20.24,20.24,55.03,69.55,78.30
20.72,20.72,54.08,69.47,78.06
17.26,17.26,58.18,71.22,77.48
8.45,8.45,67.00,71.06,76.37
6.92,6.92,78.35,71.41,77.76
8.17,8.17,88.52,69.84,75.85
9.17,9.17,88.14,67.70,77.85
9.92,9.92,77.57,66.00,81.08
7.95,7.95,70.15,68.70,80.09
7.36,7.36,66.55,69.19,80.40
10.38,10.38,60.22,67.20,82.82
15.44,15.44,58.20,66.84,80.50
17.77,17.77,57.13,69.71,80.36
11.40,11.40,62.50,69.14,80.15
6.23,6.23,66.87,65.02,78.21
3.05,3.05,78.83,59.82,79.12
7.31,7.31,89.55,54.13,78.78
9.55,9.55,88.90,56.75,76.71
15.43,15.43,77.12,60.15,76.24
23.37,23.37,81.59,57.19,74.96
26.61,26.61,74.08,49.27,76.87
25.51,25.51,70.94,46.89,75.06
20.46,20.46,63.33,61.68,76.55
13.72,13.72,55.41,67.79,77.07
7.58,7.58,60.69,80.56,77.52
7.68,7.68,68.46,86.37,77.19
6.91,6.91,65.08,83.91,81.22
5.45,5.45,58.93,80.99,79.66
10.04,10.04,56.23,76.84,79.93
18.26,18.26,52.07,74.78,79.42
25.60,25.60,48.69,74.97,79.79
28.68,28.68,48.05,72.92,77.01
22.60,22.60,48.30,71.38,77.55
17.03,17.03,52.10,70.18,76.82
11.30,11.30,59.45,70.18,77.45
7.96,7.96,66.66,71.54,77.26
7.54,7.54,64.66,75.11,76.40
10.14,10.14,61.07,75.71,77.74
10.40,10.40,56.21,75.01,77.71
12.06,12.06,53.70,74.91,76.75
13.53,13.53,52.18,73.81,76.50
15.40,15.40,55.15,74.12,76.67
11.63,11.63,62.36,73.02,77.20
5.65,5.65,67.51,72.95,76.09
6.59,6.59,84.01,71.81,75.93
5.54,5.54,90.91,69.51,72.88
8.82,8.82,79.34,66.27,75.70
12.83,12.83,79.60,67.73,75.64
17.23,17.23,76.59,70.08,76.29
21.50,21.50,74.02,71.96,74.58
24.90,24.90,66.61,71.86,75.63
25.49,25.49,58.47,69.12,73.93
27.95,27.95,49.88,68.38,74.78
24.90,24.90,54.49,67.68,75.07
20.63,20.63,58.95,71.36,75.87
17.48,17.48,66.36,68.56,76.22
16.98,16.98,64.97,70.23,76.18
12.59,12.59,58.98,71.99,75.90
14.95,14.95,55.43,72.38,75.95
20.06,20.06,51.33,71.11,74.84
22.83,22.83,47.30,70.76,75.58
21.80,21.80,48.19,70.92,75.26
17.54,17.54,50.51,71.07,77.18
10.42,10.42,60.60,69.32,75.26
6.70,6.70,70.64,70.24,79.31
14.95,14.95,69.01,68.99,78.31
24.25,24.25,68.22,67.87,76.44
26.57,26.57,66.86,68.23,78.81
25.69,25.69,64.96,68.49,75.64
17.81,17.81,62.21,69.38,75.89
15.42,15.42,62.92,69.46,76.46
14.40,14.40,63.15,69.16,75.67
16.24,16.24,64.51,62.33,76.29
20.44,20.44,64.78,51.83,76.17
18.19,18.19,66.83,44.19,78.29
21.35,21.35,69.24,42.96,79.74
25.56,25.56,65.46,42.91,78.29
28.88,28.88,63.53,33.58,78.54
29.71,29.71,61.03,37.37,77.43
23.97,23.97,60.85,35.61,78.14
12.85,12.85,62.08,47.06,77.21
12.21,12.21,66.10,60.93,75.95
13.14,13.14,74.00,67.32,76.36
11.85,11.85,89.66,77.66,77.38
7.61,7.61,88.98,79.34,76.33
9.67,9.67,80.74,80.70,76.84
5.06,5.06,76.38,79.26,77.98
1.48,1.48,67.49,79.14,76.32
3.87,3.87,64.72,79.01,76.66
10.25,10.25,65.01,79.45,76.77
12.43,12.43,55.60,78.20,76.23
13.08,13.08,56.10,77.24,74.05
12.17,12.17,57.26,77.90,75.91
9.58,9.58,59.40,76.54,76.66
10.71,10.71,63.75,75.94,75.34
12.91,12.91,62.13,76.03,74.65
13.29,13.29,57.58,75.84,74.55
17.30,17.30,52.82,76.91,75.15
19.51,19.51,51.14,75.64,75.84
23.27,23.27,50.40,74.97,75.40
18.87,18.87,57.78,75.23,76.33
8.82,8.82,63.52,74.33,75.65
2.76,2.76,77.32,73.62,77.34
8.35,8.35,89.15,73.49,78.08
9.10,9.10,86.03,74.89,77.42
8.95,8.95,78.40,73.92,77.01
6.56,6.56,68.59,72.55,76.95
8.57,8.57,68.62,72.14,76.41
10.19,10.19,60.93,72.75,76.20
9.70,9.70,53.49,73.58,76.90
5.81,5.81,62.20,72.14,75.11
3.24,3.24,68.46,73.06,75.05
5.17,5.17,82.16,73.87,76.36
11.13,11.13,87.57,75.76,78.59
11.02,11.02,88.54,80.51,76.71
11.14,11.14,83.49,81.09,76.37
8.80,8.80,79.38,81.63,76.48
10.26,10.26,67.57,80.39,75.19
13.38,13.38,62.35,77.98,75.50
13.80,13.80,62.13,75.56,75.24
7.87,7.87,65.89,75.77,74.19
2.44,2.44,70.76,66.27,74.02
3.06,3.06,85.15,71.76,76.11
2.31,2.31,89.99,79.08,80.23
7.77,7.77,84.54,77.71,82.70
11.60,11.60,83.75,80.39,81.78
13.95,13.95,79.00,81.11,79.40
15.19,15.19,69.96,77.90,79.63
15.73,15.73,57.84,74.87,78.22
14.97,14.97,61.76,76.77,78.69
12.06,12.06,56.04,72.28,77.50
6.34,6.34,59.64,71.23,79.93
4.96,4.96,58.35,69.97,78.74
7.55,7.55,62.42,72.34,80.31
14.51,14.51,64.49,67.25,78.75
18.25,18.25,58.73,72.02,78.79
18.63,18.63,56.02,72.53,78.01
19.52,19.52,54.13,71.16,78.92
18.62,18.62,45.38,72.77,77.08
18.69,18.69,49.81,72.94,76.55
14.80,14.80,50.44,76.58,76.24
5.96,5.96,55.63,77.81,75.94
4.72,4.72,67.55,73.86,77.07
9.84,9.84,67.64,73.22,77.08
17.42,17.42,61.68,77.26,77.75
23.03,23.03,56.19,75.71,78.23
21.11,21.11,51.89,71.16,77.10
21.93,21.93,47.32,71.10,77.58
18.73,18.73,43.08,74.16,77.13
16.08,16.08,41.36,67.28,77.06
12.66,12.66,43.90,65.15,77.41
3.85,3.85,47.38,70.56,77.82
2.92,2.92,58.56,69.34,76.88
12.94,12.94,66.91,64.31,78.54
20.54,20.54,61.71,65.80,77.94
20.86,20.86,54.89,73.22,78.74
15.43,15.43,46.72,68.92,77.71
14.68,14.68,43.65,63.33,76.32
15.52,15.52,50.38,70.24,75.97
10.18,10.18,60.58,73.71,75.49
3.83,3.83,68.05,71.24,76.01
11.90,11.90,86.66,69.67,77.03
7.99,7.99,91.88,63.73,79.22
9.19,9.19,82.23,57.31,83.21
9.76,9.76,71.34,54.54,81.63
7.42,7.42,67.70,49.08,80.44
10.96,10.96,61.26,49.84,82.18
17.75,17.75,57.95,54.29,80.37
22.18,22.18,53.21,56.92,78.17
22.22,22.22,58.36,59.62,77.83
15.59,15.59,66.50,59.30,75.16
6.00,6.00,74.60,57.75,75.18
3.72,3.72,87.11,42.34,73.75
9.21,9.21,89.32,32.20,73.56
14.95,14.95,85.56,41.70,74.30
17.03,17.03,79.68,46.59,73.81
21.87,21.87,79.56,52.84,74.47
21.40,21.40,70.26,55.62,76.68
17.13,17.13,69.33,57.54,76.42
14.11,14.11,61.52,69.29,76.32
7.31,7.31,58.69,72.64,75.22
6.49,6.49,65.23,75.62,76.54
4.12,4.12,65.97,84.08,79.61
1.60,1.60,62.20,86.42,78.24
3.22,3.22,57.79,80.30,79.80
7.95,7.95,51.19,84.11,78.53
11.02,11.02,46.83,81.04,77.68
11.06,11.06,44.41,78.72,77.67
12.31,12.31,42.55,78.14,77.95
13.22,13.22,45.18,80.60,77.02
7.92,7.92,49.76,76.79,78.21
4.79,4.79,54.77,76.77,77.87
6.39,6.39,61.76,77.75,77.81
9.27,9.27,63.34,76.78,75.97
7.48,7.48,57.22,75.58,76.42
4.70,4.70,53.13,75.01,76.88
5.05,5.05,48.99,78.17,76.19
5.86,5.86,48.29,75.31,76.48
7.27,7.27,57.36,74.13,76.44
8.42,8.42,64.39,73.13,75.01
5.92,5.92,76.42,73.28,76.09
4.53,4.53,89.45,72.19,72.09
2.30,2.30,87.57,64.54,75.60
2.98,2.98,76.32,67.10,75.91
3.11,3.11,80.26,69.76,74.81
7.03,7.03,74.66,70.68,73.55
9.41,9.41,62.92,69.21,74.31
11.14,11.14,59.46,68.96,75.44
10.00,10.00,51.27,74.04,74.27
14.87,14.87,56.42,73.45,73.44
22.80,22.80,59.83,73.28,72.80
29.81,29.81,63.30,76.68,73.07
32.68,32.68,65.15,72.31,73.65
33.95,33.95,60.22,70.28,75.23
30.62,30.62,57.92,73.96,74.13
25.95,25.95,53.60,73.82,73.70
23.37,23.37,47.82,72.15,74.07
21.16,21.16,46.88,71.45,74.76
24.15,24.15,51.96,72.63,73.08
19.10,19.10,65.70,72.26,74.52
6.28,6.28,67.72,71.85,75.20
3.73,3.73,69.43,71.62,77.62
10.62,10.62,68.84,72.22,74.91
15.71,15.71,66.45,68.81,79.61
13.77,13.77,65.81,65.74,77.78
8.82,8.82,62.45,72.57,78.52
8.67,8.67,61.02,71.61,78.23
11.42,11.42,61.62,71.17,77.83
20.18,20.18,63.25,70.76,78.96
24.30,24.30,64.37,67.56,78.40
16.08,16.08,64.60,61.24,77.62
10.92,10.92,67.45,52.81,79.81
11.21,11.21,69.20,50.96,79.75
8.49,8.49,65.86,45.39,77.78
14.04,14.04,63.80,47.89,79.69
15.93,15.93,61.46,45.00,79.02
14.34,14.34,61.74,47.34,79.00
8.51,8.51,65.08,60.63,76.42
1.66,1.66,70.25,67.35,77.84
9.55,9.55,83.18,74.73,76.49
11.13,11.13,91.93,76.88,75.70
11.69,11.69,84.64,78.69,76.43
10.17,10.17,76.94,81.56,77.41
5.56,5.56,70.56,75.03,75.92
4.52,4.52,66.74,76.35,77.76
8.39,8.39,62.83,77.49,76.68
12.60,12.60,58.06,79.36,76.19
13.05,13.05,57.99,75.59,76.68
10.84,10.84,61.29,76.06,75.52
8.04,8.04,64.36,77.70,76.48
7.96,7.96,67.49,75.00,76.07
7.72,7.72,61.32,74.02,77.30
7.99,7.99,58.69,75.27,75.95
10.55,10.55,55.68,76.96,76.89
13.50,13.50,51.51,72.09,77.30
15.82,15.82,49.45,73.30,77.57
16.37,16.37,49.13,74.39,76.47
13.01,13.01,51.73,75.21,78.08
4.72,4.72,54.91,70.57,74.75
3.11,3.11,65.01,74.52,74.45
3.47,3.47,70.71,74.49,78.07
2.44,2.44,65.43,71.67,74.73
0.81,0.81,60.90,70.08,77.38
1.58,1.58,54.58,72.82,75.24
4.34,4.34,49.09,72.86,75.46
5.20,5.20,47.06,70.62,78.46
4.31,4.31,46.69,70.98,78.87
4.78,4.78,60.31,70.77,78.59
1.68,1.68,65.13,70.02,77.04
0.78,0.78,76.94,72.69,77.28
0.11,0.11,89.29,70.92,76.55
0.94,0.94,91.28,70.17,76.21
3.20,3.20,77.46,66.51,74.98
6.07,6.07,82.33,64.95,75.44
10.01,10.01,79.27,62.39,75.02
12.80,12.80,70.98,68.06,75.46
12.90,12.90,71.79,71.43,75.22
11.01,11.01,67.11,80.98,74.99
6.33,6.33,62.31,81.34,76.66
14.66,14.66,69.35,79.69,78.32
19.75,19.75,67.36,85.87,82.96
22.69,22.69,63.70,81.42,83.04
22.66,22.66,59.17,79.32,82.78
21.19,21.19,52.74,81.62,81.85
19.98,19.98,48.61,79.30,81.24
22.01,22.01,46.96,75.11,80.99
21.86,21.86,45.67,74.07,79.70
20.00,20.00,48.96,73.32,79.72
14.69,14.69,54.64,68.93,76.73
12.25,12.25,60.83,73.63,78.56
12.95,12.95,70.15,69.31,79.84
15.83,15.83,65.52,72.76,78.46
19.06,19.06,59.79,74.39,79.32
21.19,21.19,56.61,69.82,78.01
23.32,23.32,54.27,73.09,77.80
20.04,20.04,53.42,74.65,78.77
15.26,15.26,60.89,74.83,75.99
8.80,8.80,67.36,69.45,74.61
6.05,6.05,82.94,69.31,74.96
4.21,4.21,92.12,69.04,73.92
8.11,8.11,86.59,62.57,72.48
14.05,14.05,75.01,63.49,73.06
16.48,16.48,78.55,63.48,73.74
18.86,18.86,72.74,68.40,76.53
21.70,21.70,61.84,65.15,76.22
20.81,20.81,58.33,70.45,74.34
18.02,18.02,58.14,73.17,74.27
14.10,14.10,58.72,76.92,74.54
9.60,9.60,62.55,74.51,75.21
4.41,4.41,63.08,74.73,76.75
1.41,1.41,68.79,72.81,75.49
6.12,6.12,63.49,72.75,76.29
12.97,12.97,57.32,72.48,75.55
14.91,14.91,53.80,73.10,75.01
14.67,14.67,53.09,69.75,75.16
10.09,10.09,59.60,72.13,75.18
6.75,6.75,65.78,70.40,73.95
8.65,8.65,77.06,59.57,74.30
8.41,8.41,90.18,54.38,74.03
9.25,9.25,87.95,53.58,74.40
7.80,7.80,77.80,59.16,78.92
4.50,4.50,70.39,50.28,81.40
4.84,4.84,66.59,50.42,80.43
9.39,9.39,60.87,40.55,81.19
11.85,11.85,57.94,41.76,78.44
10.90,10.90,56.53,41.13,78.88
8.23,8.23,62.82,41.59,78.02
2.16,2.16,67.78,36.18,77.13
1.53,1.53,78.50,32.17,76.40
6.84,6.84,88.94,23.11,74.61
16.01,16.01,88.47,25.36,75.94
21.41,21.41,78.17,36.12,74.68
23.77,23.77,82.55,41.51,73.51
26.99,26.99,73.57,38.86,74.47
27.43,27.43,72.00,48.01,73.29
25.77,25.77,63.03,52.06,72.76
19.81,19.81,57.76,67.63,73.62
10.03,10.03,63.01,77.59,73.04
5.51,5.51,69.71,70.64,76.73
3.66,3.66,66.38,81.23,78.35
4.26,4.26,61.24,82.77,77.82
10.27,10.27,55.80,84.37,76.16
17.05,17.05,51.99,85.13,77.48
20.29,20.29,50.27,83.60,76.68
17.73,17.73,49.03,83.36,78.11
12.77,12.77,50.89,84.08,77.47
13.25,13.25,54.39,81.84,75.90
9.29,9.29,59.14,83.32,74.65
6.04,6.04,66.76,83.00,76.77
8.10,8.10,66.30,81.51,77.04
10.58,10.58,60.88,83.04,77.42
12.10,12.10,55.97,81.57,77.20
16.26,16.26,52.80,81.40,77.09
15.47,15.47,49.88,82.89,77.26
11.99,11.99,52.21,77.67,74.35
9.06,9.06,59.61,73.45,75.80
4.81,4.81,66.26,73.00,73.66
5.45,5.45,81.99,71.29,75.21
4.45,4.45,90.79,72.68,75.42
8.91,8.91,82.52,70.21,75.82
11.14,11.14,78.93,65.33,75.85
14.28,14.28,77.49,67.86,75.26
16.64,16.64,71.02,68.95,75.75
17.90,17.90,63.26,74.41,75.28
16.40,16.40,60.94,75.47,76.09
17.80,17.80,57.13,74.57,75.28
15.27,15.27,58.78,73.94,76.81
9.10,9.10,56.50,74.51,76.09
7.26,7.26,64.96,71.57,76.09
10.30,10.30,64.00,73.09,74.01
11.11,11.11,57.57,72.10,76.94
14.76,14.76,53.12,71.78,75.64
16.34,16.34,45.75,72.83,76.75
18.43,18.43,42.05,71.60,76.64
15.31,15.31,43.03,72.64,75.61
9.17,9.17,48.33,73.06,75.96
7.02,7.02,59.00,72.32,76.52
13.86,13.86,70.93,70.49,75.47
16.25,16.25,68.74,58.37,77.27
17.44,17.44,68.38,41.40,77.31
17.28,17.28,66.50,40.57,76.66
18.54,18.54,63.65,39.68,75.88
18.29,18.29,61.73,41.36,75.31
21.87,21.87,60.48,36.58,75.98
20.25,20.25,59.04,34.91,74.74
15.57,15.57,62.83,33.87,75.62
7.46,7.46,63.71,33.27,72.03
2.17,2.17,65.32,34.55,74.17
5.50,5.50,68.40,31.15,74.72
15.50,15.50,65.01,24.60,77.00
20.48,20.48,62.36,28.94,75.84
21.15,21.15,59.64,25.59,73.36
21.76,21.76,59.19,29.69,77.63
17.35,17.35,61.08,42.60,74.11
9.79,9.79,65.63,53.74,75.67
10.85,10.85,75.11,58.24,76.79
12.92,12.92,89.09,78.87,74.55
10.59,10.59,90.66,78.87,75.13
12.30,12.30,81.36,79.28,75.43
7.81,7.81,75.17,81.16,75.21
5.05,5.05,70.23,77.96,74.11
15.71,15.71,64.72,78.38,74.03
26.18,26.18,62.60,79.43,70.18
28.89,28.89,55.27,77.89,69.60
25.67,25.67,53.07,78.53,72.63
15.34,15.34,58.60,77.22,75.49
7.43,7.43,57.44,76.40,73.56
7.78,7.78,62.85,78.06,76.69
9.51,9.51,62.06,76.08,74.96
12.13,12.13,58.83,76.05,77.32
14.67,14.67,55.34,76.79,76.58
17.10,17.10,52.99,75.34,75.28
17.75,17.75,50.38,75.00,75.73
17.27,17.27,56.55,75.18,75.75
11.60,11.60,65.28,72.32,72.79
6.57,6.57,76.67,73.55,73.16
15.06,15.06,88.46,70.86,74.68
19.06,19.06,85.56,70.34,74.49
13.62,13.62,80.03,73.45,74.42
11.21,11.21,67.64,70.88,75.23
15.39,15.39,66.03,71.91,73.84
16.68,16.68,63.71,72.90,70.46
13.34,13.34,58.42,70.78,70.98
9.24,9.24,63.94,71.75,73.82
4.64,4.64,67.84,71.31,69.33
7.95,7.95,83.19,73.22,73.24
12.13,12.13,88.58,73.12,72.58
12.28,12.28,89.30,78.95,72.38
10.56,10.56,83.77,78.65,71.38
7.28,7.28,77.81,80.55,73.07
6.25,6.25,67.21,79.00,70.45
7.01,7.01,63.28,78.09,69.71
12.69,12.69,61.85,80.80,70.88
9.02,9.02,65.03,76.61,67.43
4.24,4.24,68.99,74.84,69.89
4.36,4.36,86.87,76.78,72.13
3.55,3.55,92.00,75.11,71.05
6.82,6.82,89.28,79.58,73.59
17.00,17.00,80.66,81.25,80.00
22.35,22.35,74.59,81.84,78.24
23.43,23.43,74.88,80.83,78.37
25.63,25.63,74.58,81.70,80.15
25.85,25.85,71.62,83.16,79.64
26.17,26.17,70.32,83.34,79.50
24.02,24.02,70.03,82.38,78.60
17.42,17.42,66.85,80.87,78.54
12.22,12.22,66.88,80.43,79.39
14.15,14.15,66.42,82.17,80.30
15.43,15.43,60.31,83.03,79.36
18.61,18.61,57.04,83.19,78.57
22.15,22.15,56.11,81.94,79.66
23.53,23.53,47.34,81.16,79.93
21.15,21.15,49.48,81.59,80.03
13.55,13.55,53.79,82.27,79.98
8.69,8.69,57.40,81.60,78.75
8.28,8.28,67.88,80.98,80.46
5.60,5.60,67.49,79.96,80.57
6.22,6.22,61.75,75.97,81.80
7.41,7.41,54.80,71.74,81.39
13.96,13.96,50.29,72.91,81.59
15.09,15.09,43.90,73.60,81.89
17.62,17.62,40.87,72.95,82.07
17.43,17.43,40.95,72.06,80.71
13.82,13.82,47.40,72.81,81.07
12.66,12.66,52.54,72.84,80.56
11.84,11.84,60.56,72.56,80.09
7.02,7.02,67.16,72.08,81.22
9.77,9.77,62.10,70.08,81.78
11.53,11.53,56.43,73.00,81.63
11.70,11.70,48.17,71.27,81.51
10.85,10.85,45.98,71.13,81.08
11.20,11.20,53.28,71.67,81.33
8.68,8.68,65.90,71.99,80.91
1.25,1.25,72.22,72.89,78.21
6.14,6.14,85.46,70.65,80.06
10.05,10.05,89.83,71.69,80.09
11.78,11.78,83.42,66.03,82.13
12.66,12.66,73.20,59.01,83.62
8.73,8.73,71.09,58.04,81.22
8.39,8.39,64.08,55.22,82.30
10.38,10.38,58.91,47.40,79.83
9.64,9.64,57.68,45.70,80.21
8.87,8.87,62.16,45.09,78.94
7.34,7.34,65.07,50.34,78.47
2.98,2.98,76.58,48.82,77.57
1.81,1.81,81.99,40.99,79.68
6.51,6.51,90.41,42.57,77.43
9.55,9.55,81.99,50.82,78.18
13.46,13.46,81.49,54.42,80.00
18.09,18.09,78.54,53.63,78.30
19.80,19.80,69.92,54.91,78.19
17.69,17.69,67.30,61.68,78.69
13.47,13.47,61.57,67.00,78.25
9.24,9.24,60.18,74.03,77.85
5.58,5.58,67.92,75.44,76.07
5.27,5.27,68.69,83.77,79.90
9.07,9.07,64.71,83.77,78.48
10.65,10.65,61.73,84.38,77.79
8.86,8.86,61.52,84.25,77.42
8.71,8.71,59.08,81.94,76.38
10.99,10.99,57.44,82.99,77.33
11.73,11.73,53.94,81.45,77.38
10.64,10.64,52.49,82.67,78.00
8.36,8.36,53.90,82.34,77.15
10.40,10.40,54.78,82.33,77.16
12.48,12.48,62.66,81.52,74.01
12.21,12.21,64.75,80.60,73.51
8.34,8.34,59.86,81.59,74.52
7.46,7.46,56.61,81.34,75.04
8.73,8.73,52.96,81.30,72.99
11.37,11.37,52.81,81.28,73.19
12.88,12.88,58.76,80.59,74.65
8.06,8.06,68.03,78.84,72.78
5.02,5.02,75.48,79.23,72.57
4.06,4.06,89.10,77.22,72.54
5.14,5.14,87.13,72.23,72.85
9.52,9.52,79.01,70.15,73.47
9.81,9.81,81.92,70.62,75.74
9.73,9.73,73.54,72.61,76.05
12.74,12.74,70.95,74.81,74.11
13.35,13.35,67.87,71.61,74.10
13.90,13.90,58.03,70.01,74.58
12.00,12.00,55.30,70.98,73.04
8.20,8.20,66.73,73.96,75.05
10.02,10.02,66.04,73.76,77.24
5.17,5.17,64.31,73.11,76.04
5.90,5.90,59.39,73.11,75.56
10.03,10.03,57.61,72.83,76.06
12.72,12.72,54.13,70.42,75.09
14.36,14.36,49.64,71.20,75.29
12.08,12.08,49.55,71.94,75.58
8.35,8.35,50.92,70.97,77.21
6.12,6.12,63.68,69.51,73.95
4.06,4.06,66.19,71.00,76.59
4.92,4.92,67.40,70.60,81.38
6.89,6.89,66.87,70.57,81.39
6.16,6.16,65.27,71.71,80.21
7.65,7.65,63.65,71.65,81.82
11.64,11.64,60.05,71.39,79.89
13.45,13.45,57.12,71.16,81.77
16.25,16.25,55.37,70.49,81.14
17.18,17.18,58.83,70.04,80.85
12.42,12.42,60.64,70.66,78.56
3.26,3.26,62.00,70.10,79.05
2.66,2.66,64.53,70.94,81.13
10.30,10.30,68.07,63.02,79.40
18.12,18.12,63.04,52.58,80.94
21.46,21.46,61.38,46.65,79.31
22.93,22.93,59.55,35.90,81.40
18.51,18.51,59.29,38.23,77.95
11.30,11.30,63.48,51.01,81.59
4.74,4.74,67.23,52.93,76.64
6.81,6.81,81.60,69.21,80.64
6.40,6.40,90.89,79.43,77.66
8.53,8.53,85.04,79.89,82.13
8.02,8.02,76.93,80.40,78.51
4.24,4.24,70.56,80.33,80.63
1.59,1.59,64.53,79.24,78.46
4.35,4.35,59.83,77.98,79.43
6.70,6.70,58.87,79.10,79.13
4.11,4.11,58.35,77.95,80.27
2.03,2.03,59.23,76.63,82.23
0.72,0.72,62.60,78.08,79.76
0.05,0.05,66.20,77.11,81.55
0.51,0.51,59.47,76.33,79.13
6.22,6.22,53.08,75.25,82.41
10.86,10.86,49.13,76.27,79.24
18.25,18.25,45.64,76.29,80.39
20.03,20.03,44.38,75.45,78.88
14.19,14.19,44.80,74.56,80.04
9.57,9.57,50.01,74.86,80.43
6.30,6.30,54.47,74.60,79.13
2.93,2.93,64.80,73.71,77.19
3.45,3.45,68.00,72.62,80.39
7.71,7.71,64.43,72.51,80.60
8.22,8.22,58.81,73.81,80.22
7.45,7.45,53.94,72.49,78.54
14.01,14.01,50.29,72.99,77.05
13.02,13.02,43.82,73.12,75.38
10.58,10.58,47.75,73.31,78.09
10.79,10.79,56.71,72.83,77.52
11.85,11.85,68.76,71.38,77.22
5.86,5.86,78.15,66.15,79.53
3.70,3.70,88.42,56.50,79.72
9.70,9.70,91.55,51.76,79.62
16.84,16.84,80.37,57.10,79.00
15.13,15.13,77.90,65.79,79.31
13.26,13.26,81.47,67.33,77.12
19.53,19.53,70.63,69.65,78.18
21.79,21.79,69.51,73.67,77.01
15.31,15.31,72.55,80.70,77.16
8.32,8.32,68.40,82.65,77.58
11.46,11.46,69.58,77.47,78.31
14.06,14.06,70.39,81.59,80.70
19.15,19.15,69.12,83.01,81.00
25.07,25.07,61.98,85.22,81.31
22.41,22.41,54.04,84.14,80.30
17.04,17.04,50.79,84.29,79.03
15.61,15.61,49.79,84.31,81.12
14.17,14.17,48.62,83.39,80.41
17.09,17.09,50.56,82.46,78.42
14.81,14.81,53.14,80.89,79.23
17.22,17.22,57.45,70.15,79.14
17.27,17.27,67.91,72.32,78.03
13.15,13.15,65.23,71.77,79.49
12.44,12.44,60.19,71.21,79.88
15.05,15.05,58.03,74.08,77.53
18.41,18.41,57.13,74.80,78.19
17.04,17.04,56.50,74.47,78.65
15.02,15.02,61.00,75.13,78.84
8.99,8.99,72.00,72.20,78.20
8.62,8.62,81.68,70.53,79.75
5.87,5.87,91.52,69.12,79.30
6.96,6.96,88.42,69.99,80.55
15.25,15.25,79.09,67.99,79.49
23.58,23.58,82.88,68.97,79.21
23.68,23.68,73.13,68.60,79.64
14.67,14.67,69.14,69.24,79.80
14.58,14.58,61.06,67.44,78.81
13.62,13.62,57.26,70.48,78.24
11.35,11.35,63.40,73.83,78.86
7.35,7.35,64.36,67.46,78.98
2.16,2.16,63.99,67.94,79.02
2.35,2.35,67.98,68.64,79.36
8.28,8.28,63.71,68.82,78.76
18.46,18.46,59.06,66.53,78.15
24.21,24.21,55.36,67.71,78.46
25.63,25.63,53.48,69.72,79.26
22.34,22.34,58.81,69.64,77.67
12.98,12.98,66.77,67.23,78.12
5.83,5.83,78.01,64.08,77.99
7.94,7.94,89.55,53.50,79.78
7.02,7.02,89.02,55.51,81.25
9.82,9.82,78.62,59.71,84.42
6.51,6.51,70.10,54.94,86.97
2.74,2.74,64.18,48.17,85.29
4.49,4.49,60.49,43.53,86.19
8.41,8.41,57.84,43.05,84.03
9.31,9.31,54.86,40.40,82.77
7.42,7.42,65.25,40.95,83.42
3.34,3.34,70.05,40.44,81.19
1.78,1.78,76.67,41.82,81.44
3.96,3.96,88.59,37.22,81.30
7.69,7.69,88.50,38.53,80.70
15.17,15.17,79.01,44.95,82.07
18.71,18.71,81.30,45.45,79.52
21.99,21.99,73.43,44.89,78.02
19.84,19.84,70.68,55.71,80.68
19.80,19.80,65.24,60.46,76.65
16.21,16.21,57.17,65.51,79.56
16.90,16.90,61.74,70.36,76.12
16.49,16.49,67.60,83.45,79.86
14.40,14.40,64.96,84.45,78.49
14.70,14.70,58.53,84.18,77.62
16.22,16.22,54.07,82.62,79.66
22.13,22.13,50.84,81.16,78.36
23.81,23.81,51.05,79.98,78.42
20.51,20.51,49.72,77.82,79.83
12.67,12.67,51.96,78.39,78.93
8.54,8.54,54.77,78.48,78.13
12.83,12.83,57.24,73.95,79.37
15.48,15.48,64.53,72.89,79.25
17.10,17.10,65.70,71.91,79.22
25.75,25.75,60.47,73.72,76.11
31.89,31.89,56.23,74.55,77.58
34.16,34.16,53.72,72.22,76.31
30.10,30.10,53.48,74.95,77.00
24.87,24.87,52.82,74.73,76.99
23.44,23.44,63.53,72.53,76.87
20.53,20.53,71.00,74.10,76.78
9.69,9.69,81.82,72.52,76.60
8.44,8.44,91.09,71.88,76.64
10.84,10.84,84.09,66.35,76.25
12.70,12.70,78.83,67.75,76.66
16.64,16.64,78.38,69.35,77.06
15.18,15.18,74.43,70.19,77.05
22.15,22.15,67.42,68.76,76.03
25.52,25.52,61.35,70.14,77.54
29.17,29.17,53.18,72.13,76.04
21.67,21.67,54.66,72.10,75.96
16.06,16.06,59.22,70.36,75.87
4.96,4.96,65.49,70.71,76.92
6.08,6.08,64.67,72.30,74.61
16.76,16.76,59.05,70.73,75.15
24.45,24.45,56.16,70.01,75.69
25.43,25.43,52.54,69.89,75.07
24.11,24.11,49.27,70.40,77.55
23.10,23.10,47.19,69.80,77.54
19.11,19.11,51.87,69.35,75.54
8.26,8.26,57.32,69.94,76.53
5.63,5.63,68.25,73.21,79.29
10.00,10.00,67.69,72.47,80.27
15.19,15.19,66.58,69.84,79.79
15.82,15.82,65.11,72.04,80.21
15.18,15.18,63.10,69.46,80.14
18.73,18.73,60.62,69.87,78.24
16.21,16.21,60.34,67.53,79.54
15.26,15.26,59.88,70.79,77.31
12.63,12.63,62.74,62.09,77.59
10.32,10.32,63.14,49.08,79.92
7.47,7.47,65.19,46.45,79.22
4.26,4.26,67.62,43.05,81.51
6.85,6.85,64.30,39.49,78.76
12.10,12.10,62.36,35.90,78.46
17.57,17.57,60.22,38.81,76.04
21.22,21.22,60.02,33.56,78.32
21.85,21.85,61.58,41.59,77.40
19.33,19.33,65.63,48.42,76.95
10.70,10.70,72.68,61.89,77.88
7.98,7.98,87.27,76.76,78.97
6.48,6.48,89.86,80.41,77.35
8.11,8.11,78.50,79.93,76.34
3.79,3.79,73.36,80.09,77.85
4.15,4.15,70.62,79.11,77.53
12.58,12.58,67.24,79.91,76.86
18.40,18.40,59.03,78.73,77.02
20.50,20.50,56.14,78.67,77.27
19.76,19.76,52.20,79.19,77.06
15.88,15.88,55.68,78.04,75.42
16.14,16.14,57.85,77.10,76.78
13.84,13.84,63.49,76.79,75.33
7.57,7.57,62.84,74.50,75.16
9.50,9.50,58.92,76.67,75.99
15.65,15.65,54.74,74.47,75.59
17.76,17.76,53.07,73.54,75.23
18.62,18.62,52.22,74.69,76.30
17.24,17.24,56.52,75.86,76.11
10.90,10.90,63.68,73.82,76.60
5.54,5.54,75.55,73.67,76.05
11.12,11.12,88.69,74.60,72.52
9.75,9.75,87.12,73.28,75.32
11.47,11.47,82.61,72.41,77.36
10.10,10.10,69.42,72.89,79.63
17.04,17.04,59.35,73.48,78.00
21.28,21.28,56.09,73.75,78.07
19.49,19.49,57.51,71.38,77.88
14.53,14.53,58.75,73.72,77.85
6.77,6.77,67.69,71.86,78.74
10.65,10.65,81.55,72.26,79.01
12.69,12.69,86.97,78.54,76.02
12.82,12.82,90.04,74.84,73.31
12.18,12.18,85.73,72.07,77.36
9.29,9.29,80.80,72.61,77.75
9.16,9.16,66.87,70.26,76.36
10.96,10.96,64.30,70.98,78.36
11.54,11.54,65.71,71.53,77.25
8.04,8.04,66.68,67.82,76.29
4.99,4.99,70.55,67.40,73.69
4.30,4.30,85.60,74.07,77.02
9.08,9.08,89.96,77.95,76.34
16.68,16.68,85.61,76.00,82.37
23.87,23.87,79.98,68.25,81.08
27.05,27.05,78.42,70.39,82.40
27.39,27.39,68.65,69.47,78.90
30.16,30.16,63.33,71.13,81.10
28.83,28.83,61.06,72.50,78.91
25.81,25.81,55.04,74.57,80.53
21.60,21.60,59.53,75.47,78.42
13.61,13.61,55.61,75.80,79.78
10.63,10.63,59.93,72.21,77.83
14.51,14.51,65.32,74.26,77.15
17.77,17.77,59.36,76.31,78.12
16.41,16.41,54.04,74.12,78.47
15.46,15.46,47.73,74.37,78.96
13.76,13.76,45.00,70.05,76.00
12.28,12.28,46.86,75.97,79.21
7.98,7.98,51.29,72.78,75.27
5.14,5.14,55.13,74.23,77.53
3.22,3.22,67.68,74.95,76.31
3.76,3.76,67.88,71.69,79.31
7.93,7.93,62.22,71.31,76.08
13.01,13.01,55.78,72.98,79.01
17.30,17.30,50.93,73.54,78.12
19.76,19.76,46.22,72.98,79.41
20.41,20.41,43.64,70.41,79.51
21.04,21.04,43.68,72.95,80.30
20.06,20.06,46.30,71.45,79.04
17.77,17.77,51.73,72.54,78.60
6.29,6.29,60.63,71.35,80.81
2.78,2.78,68.70,72.28,79.20
7.10,7.10,64.53,72.30,80.98
13.24,13.24,57.40,70.16,79.12
21.62,21.62,53.11,70.77,77.70
20.33,20.33,49.84,70.64,79.38
15.43,15.43,53.36,67.03,78.45
12.61,12.61,59.74,49.78,77.72
8.56,8.56,69.82,47.80,75.47
10.04,10.04,84.49,55.70,80.57
6.87,6.87,89.50,58.98,79.19
8.82,8.82,83.75,51.53,84.97
7.73,7.73,74.52,52.99,81.38
6.40,6.40,67.79,48.36,80.49
12.44,12.44,60.87,45.81,82.02
19.04,19.04,57.72,38.36,80.24
17.88,17.88,55.06,42.42,79.07
18.70,18.70,54.20,40.29,79.36
16.55,16.55,62.65,39.07,77.24
11.72,11.72,67.00,41.16,75.35
4.02,4.02,84.86,41.75,77.73
4.19,4.19,90.57,38.09,76.24
7.65,7.65,78.74,29.92,77.52
14.63,14.63,81.28,36.61,75.26
22.33,22.33,78.83,40.78,77.63
19.70,19.70,70.10,43.03,77.87
19.88,19.88,64.38,47.06,76.34
14.41,14.41,63.24,54.81,77.19
9.37,9.37,58.59,67.56,77.07
7.26,7.26,66.06,76.10,78.73
4.07,4.07,67.33,79.26,80.10
1.11,1.11,63.44,71.81,76.79
1.68,1.68,58.62,69.73,78.29
5.86,5.86,55.18,67.97,80.22
6.72,6.72,52.61,71.85,80.13
9.75,9.75,47.21,67.41,78.25
13.15,13.15,47.12,74.88,76.94
9.17,9.17,47.43,72.68,77.01
4.37,4.37,47.66,75.10,75.87
4.60,4.60,52.46,70.59,79.22
12.40,12.40,60.09,73.86,78.41
21.12,21.12,63.33,76.73,77.40
24.31,24.31,59.31,75.97,76.38
20.82,20.82,54.51,73.65,75.70
16.01,16.01,52.86,76.11,76.79
13.12,13.12,47.46,74.33,76.63
9.36,9.36,55.22,75.13,76.78
3.99,3.99,63.85,72.47,76.05
1.83,1.83,72.37,72.65,75.38
3.94,3.94,88.65,66.88,74.71
2.76,2.76,88.76,68.18,76.57
5.38,5.38,82.34,72.81,75.18
6.56,6.56,81.40,72.17,75.75
9.66,9.66,75.30,70.73,76.34
12.92,12.92,70.08,71.73,75.15
17.38,17.38,66.37,75.59,74.95
19.65,19.65,57.60,72.84,75.27
23.30,23.30,60.78,68.09,75.83
24.73,24.73,58.89,62.80,76.17
13.35,13.35,62.39,66.41,76.16
10.93,10.93,64.18,70.78,75.92
13.93,13.93,59.90,72.37,76.83
21.31,21.31,56.20,70.38,75.54
24.16,24.16,50.57,69.30,76.92
20.41,20.41,45.39,71.21,76.94
16.53,16.53,44.44,70.04,77.17
11.91,11.91,47.39,72.23,76.91
11.39,11.39,61.71,71.31,75.78
4.94,4.94,64.81,70.89,75.33
2.52,2.52,67.79,69.65,79.38
6.30,6.30,66.94,71.38,79.53
15.21,15.21,65.34,69.17,77.15
19.06,19.06,65.03,70.48,78.48
19.61,19.61,60.52,69.90,77.59
17.79,17.79,57.61,70.67,78.75
15.92,15.92,56.60,69.74,79.01
19.18,19.18,59.72,67.65,78.31
19.60,19.60,61.05,67.64,79.15
24.38,24.38,62.77,56.21,78.90
26.63,26.63,64.37,46.72,78.48
25.31,25.31,68.12,39.23,78.16
21.47,21.47,62.89,35.78,79.58
21.40,21.40,59.63,42.49,76.85
20.10,20.10,57.84,42.15,78.22
11.86,11.86,56.80,41.80,76.38
7.34,7.34,61.93,47.42,78.34
12.93,12.93,67.25,53.51,76.50
19.30,19.30,80.98,67.02,79.52
15.52,15.52,91.24,78.19,77.40
10.18,10.18,85.46,79.15,79.45
8.61,8.61,76.55,79.30,78.74
2.65,2.65,70.08,80.25,78.15
3.47,3.47,67.34,78.88,78.01
4.96,4.96,59.67,78.14,77.87
10.23,10.23,55.90,76.98,79.44
12.98,12.98,55.37,78.38,76.74
14.88,14.88,57.71,75.02,76.53
10.30,10.30,60.88,77.02,75.93
11.95,11.95,65.55,75.53,76.34
14.39,14.39,59.20,77.52,76.80
18.15,18.15,53.94,75.31,78.92
19.98,19.98,50.08,75.33,76.73
23.18,23.18,44.98,75.72,78.29
24.10,24.10,42.59,74.88,76.22
24.09,24.09,42.48,74.17,78.23
22.36,22.36,47.32,73.67,76.26
18.54,18.54,50.52,75.19,77.35
14.02,14.02,61.65,71.83,72.72
9.98,9.98,68.60,72.48,75.70
5.27,5.27,64.57,69.58,76.41
8.81,8.81,57.47,74.92,76.83
12.20,12.20,51.17,71.76,75.23
15.89,15.89,45.39,73.05,75.61
18.00,18.00,42.65,70.88,75.67
18.49,18.49,44.68,70.89,76.39
17.40,17.40,55.08,72.26,76.03
9.08,9.08,62.70,70.40,75.09
2.78,2.78,75.83,69.08,76.82
7.29,7.29,88.54,65.78,75.60
13.81,13.81,90.66,77.65,72.28
14.63,14.63,80.69,75.57,71.96
12.97,12.97,83.58,76.19,73.08
16.12,16.12,79.35,73.07,74.04
18.08,18.08,75.19,76.06,74.56
17.01,17.01,72.81,66.78,74.29
10.52,10.52,70.55,77.11,74.87
1.32,1.32,63.73,81.00,76.11
3.47,3.47,67.89,77.10,77.77
12.89,12.89,65.86,77.86,81.34
22.66,22.66,61.72,83.29,81.88
24.69,24.69,54.27,81.93,83.02
19.09,19.09,46.42,81.04,82.58
18.63,18.63,43.06,84.57,80.78
15.85,15.85,40.32,82.75,80.76
16.71,16.71,38.06,84.02,80.95
15.39,15.39,39.04,83.62,80.67
12.69,12.69,46.60,81.66,79.94
9.45,9.45,54.29,82.61,79.73
6.69,6.69,68.33,81.58,79.94
8.79,8.79,64.35,81.57,80.44
12.54,12.54,57.90,83.96,80.31
19.02,19.02,53.43,81.57,79.54
21.21,21.21,46.91,80.04,78.95
18.12,18.12,48.27,81.83,78.77
9.08,9.08,60.30,79.65,78.50
1.86,1.86,69.09,76.38,78.08
3.34,3.34,78.90,70.50,79.19
6.09,6.09,90.90,63.13,77.59
11.44,11.44,87.58,66.25,75.50
10.09,10.09,78.93,56.97,76.46
12.38,12.38,81.86,62.90,76.87
12.87,12.87,71.35,65.65,77.22
12.26,12.26,72.53,70.44,76.59
12.12,12.12,67.90,70.41,76.45
11.42,11.42,62.24,69.67,77.39
6.90,6.90,59.33,72.45,75.76
2.60,2.60,68.37,69.07,76.46
8.09,8.09,64.73,67.08,78.37
12.59,12.59,67.47,64.37,74.92
14.24,14.24,63.16,68.52,76.48
16.26,16.26,56.96,68.85,75.78
17.33,17.33,51.88,71.73,75.24
14.49,14.49,50.22,73.73,75.94
10.55,10.55,57.53,68.05,75.34
4.73,4.73,65.61,63.25,74.66
6.35,6.35,74.89,62.63,77.50
7.66,7.66,88.48,61.95,77.68
8.88,8.88,89.54,58.99,75.50
9.14,9.14,78.45,60.14,79.21
5.56,5.56,70.33,48.35,80.17
0.54,0.54,66.86,47.99,76.86
3.35,3.35,61.14,43.63,78.90
9.34,9.34,59.04,42.65,78.99
11.98,11.98,56.77,45.54,76.17
13.29,13.29,62.21,43.91,76.16
8.78,8.78,68.89,53.03,74.79
2.92,2.92,77.49,46.46,75.69
2.22,2.22,88.67,34.92,74.84
3.02,3.02,86.89,38.62,73.18
5.12,5.12,81.84,40.18,73.50
7.44,7.44,81.74,46.25,75.83
9.31,9.31,73.88,42.29,74.20
11.04,11.04,72.02,49.99,75.29
12.83,12.83,66.13,50.04,74.46
9.58,9.58,61.87,68.96,74.83
7.82,7.82,64.10,71.87,74.05
6.75,6.75,68.70,78.87,76.57
3.78,3.78,65.95,72.06,79.47
2.19,2.19,60.79,73.07,78.68
3.95,3.95,57.58,75.84,79.24
2.88,2.88,51.00,79.02,79.79
4.85,4.85,46.94,78.50,78.89
6.94,6.94,46.53,79.84,78.05
5.94,5.94,48.76,81.44,77.44
5.77,5.77,55.11,79.14,78.57
3.39,3.39,55.64,79.63,77.91
5.18,5.18,65.32,80.58,78.92
6.52,6.52,66.88,78.88,77.87
9.16,9.16,61.45,82.37,78.53
10.23,10.23,59.26,79.77,78.68
13.07,13.07,55.98,79.47,78.04
15.47,15.47,51.22,80.62,77.39
13.75,13.75,51.43,78.74,78.08
7.60,7.60,60.15,79.76,77.47
1.04,1.04,70.05,78.81,77.75
4.11,4.11,81.20,71.89,76.95
2.46,2.46,91.75,69.68,76.20
2.22,2.22,85.86,72.04,76.75
4.76,4.76,79.70,68.42,75.91
10.32,10.32,80.40,67.56,75.60
11.79,11.79,75.40,67.80,75.68
12.03,12.03,67.78,65.31,75.91
11.70,11.70,60.32,69.98,76.23
13.22,13.22,57.10,65.81,77.17
13.41,13.41,59.70,71.03,75.25
14.83,14.83,59.79,75.39,77.76
13.77,13.77,65.62,73.76,76.96
13.83,13.83,65.71,69.03,77.29
9.73,9.73,61.06,63.43,76.88
12.39,12.39,57.27,67.14,76.25
16.36,16.36,54.05,69.05,76.18
16.46,16.46,50.75,70.33,76.44
14.16,14.16,51.33,69.32,76.72
8.62,8.62,55.28,71.09,77.39
2.93,2.93,59.14,69.64,76.37
2.98,2.98,69.61,69.06,79.36
4.01,4.01,70.09,70.97,79.33
4.08,4.08,69.00,70.32,79.11
3.78,3.78,66.74,70.40,78.76
5.58,5.58,64.60,70.75,79.91
11.55,11.55,62.70,70.45,79.01
15.39,15.39,62.65,70.19,79.67
22.73,22.73,61.35,71.25,80.09
21.83,21.83,63.37,69.16,79.90
20.64,20.64,63.88,67.61,79.19
13.00,13.00,66.86,56.47,77.66
16.39,16.39,68.80,53.38,77.83
20.76,20.76,66.17,45.17,78.48
22.25,22.25,64.01,41.99,80.05
20.42,20.42,61.01,42.44,80.60
19.07,19.07,61.36,41.07,80.33
17.13,17.13,61.48,46.78,80.58
9.79,9.79,64.62,56.80,78.54
9.45,9.45,72.00,60.32,77.22
6.32,6.32,87.32,73.91,76.24
6.32,6.32,90.94,79.97,75.06
12.97,12.97,82.42,79.96,76.80
8.92,8.92,75.65,78.57,76.98
3.54,3.54,70.25,79.80,78.65
2.76,2.76,65.09,79.02,79.45
6.68,6.68,64.00,77.74,77.98
9.65,9.65,59.88,79.72,78.88
9.50,9.50,56.86,78.60,78.34
9.33,9.33,59.99,77.18,77.99
8.03,8.03,59.80,77.92,78.66
9.45,9.45,64.08,75.58,78.43
11.49,11.49,62.97,77.61,77.97
16.22,16.22,59.94,76.24,77.45
15.01,15.01,54.32,76.16,76.98
17.86,17.86,55.03,76.43,77.77
15.40,15.40,52.39,74.96,77.52
14.48,14.48,56.32,74.26,77.39
13.12,13.12,62.19,75.74,76.86
9.71,9.71,73.55,73.36,73.03
9.10,9.10,89.21,71.82,71.28
10.74,10.74,85.72,73.63,74.20
10.78,10.78,80.71,71.44,75.54
6.44,6.44,68.91,73.68,75.48
6.60,6.60,62.97,71.35,76.23
14.18,14.18,62.30,74.23,72.55
15.51,15.51,59.30,72.87,74.16
13.22,13.22,61.35,70.53,74.59
2.45,2.45,64.94,70.86,71.00
1.72,1.72,80.92,76.48,72.89
6.08,6.08,87.32,74.91,72.94
11.16,11.16,88.90,70.28,71.24
11.28,11.28,84.24,72.93,74.96
9.42,9.42,78.27,77.05,72.84
8.60,8.60,65.63,76.17,74.48
9.39,9.39,61.84,75.69,73.22
11.68,11.68,64.41,78.53,72.20
6.27,6.27,64.69,73.18,71.29
2.37,2.37,69.68,67.51,72.87
1.86,1.86,84.73,68.76,70.96
3.47,3.47,91.75,77.52,72.69
7.00,7.00,88.74,78.74,79.41
9.07,9.07,82.13,74.31,80.05
6.96,6.96,77.55,76.50,77.74
10.40,10.40,75.55,75.50,77.61
12.22,12.22,66.80,74.74,78.91
12.50,12.50,66.57,74.02,78.17
11.68,11.68,69.04,74.78,79.68
13.65,13.65,67.15,74.27,79.14
12.30,12.30,65.15,76.07,78.62
13.69,13.69,66.52,74.94,79.70
13.33,13.33,67.46,72.71,79.42
12.65,12.65,61.60,70.47,78.45
14.33,14.33,58.65,72.38,79.60
13.15,13.15,54.48,71.94,79.19
13.07,13.07,55.60,72.24,79.40
13.43,13.43,52.94,70.06,80.02
10.09,10.09,54.32,69.17,77.93
5.00,5.00,58.51,69.86,78.81
4.49,4.49,68.40,72.81,79.00
9.07,9.07,68.98,72.17,78.10
13.23,13.23,64.15,73.97,79.26
15.87,15.87,58.87,74.09,78.21
15.36,15.36,53.42,74.01,76.75
15.45,15.45,52.09,73.39,77.80
19.73,19.73,50.73,72.85,77.44
20.42,20.42,48.66,73.60,78.01
17.15,17.15,51.63,72.21,77.73
8.57,8.57,54.38,71.33,77.86
2.27,2.27,59.61,71.81,77.72
3.68,3.68,67.74,72.63,78.87
3.35,3.35,64.03,71.47,77.89
3.46,3.46,58.95,71.23,75.96
12.12,12.12,54.58,71.76,79.06
14.53,14.53,50.59,72.16,79.27
10.84,10.84,54.40,71.34,78.80
5.82,5.82,62.75,65.42,76.97
1.67,1.67,69.38,56.29,75.80
8.42,8.42,84.75,55.94,78.14
6.87,6.87,91.27,60.97,77.29
11.64,11.64,85.99,52.78,79.80
9.06,9.06,74.31,49.28,81.83
1.08,1.08,69.19,48.39,79.00
2.17,2.17,64.98,48.42,79.69
7.68,7.68,60.70,36.39,78.26
11.76,11.76,58.51,35.28,77.87
12.35,12.35,60.64,32.82,76.49
9.37,9.37,66.55,37.10,75.89
1.17,1.17,71.37,38.88,75.44
0.41,0.41,84.20,36.49,75.76
2.06,2.06,90.97,32.35,76.03
4.30,4.30,82.48,37.29,76.17
6.65,6.65,79.74,41.33,77.55
10.45,10.45,78.87,40.31,77.86
14.69,14.69,71.99,41.24,77.82
13.24,13.24,68.25,48.75,76.06
9.02,9.02,64.83,61.55,74.62
2.68,2.68,64.31,67.95,77.01
3.98,3.98,69.00,78.82,77.24
0.19,0.19,68.21,74.41,81.96
0.77,0.77,63.36,77.96,80.06
1.79,1.79,61.91,80.40,80.37
1.22,1.22,61.02,81.77,79.45
0.37,0.37,60.67,81.35,79.91
0.69,0.69,58.90,80.95,78.32
1.61,1.61,58.06,80.91,77.13
5.06,5.06,56.60,82.42,76.76
4.67,4.67,55.66,82.45,76.30
1.01,1.01,56.83,82.75,74.89
0.21,0.21,61.66,81.11,76.77
0.39,0.39,64.47,80.15,75.80
0.25,0.25,59.15,80.92,75.20
0.05,0.05,58.48,81.19,75.31
0.08,0.08,55.10,81.51,75.00
0.42,0.42,54.20,81.51,75.84
1.91,1.91,57.80,80.77,76.92
0.55,0.55,63.93,79.69,76.98
0.32,0.32,73.23,78.45,76.38
5.32,5.32,87.54,75.73,75.21
9.89,9.89,90.09,73.86,74.31
9.67,9.67,81.58,68.58,74.88
18.04,18.04,80.47,65.82,75.07
19.04,19.04,76.14,67.47,75.19
13.01,13.01,69.82,70.14,76.63
11.15,11.15,67.80,70.28,76.23
12.05,12.05,57.69,71.90,75.06
11.84,11.84,55.96,73.97,75.68
10.63,10.63,64.98,74.02,74.76
9.37,9.37,67.61,71.74,75.12
12.27,12.27,66.12,69.41,76.71
10.71,10.71,62.03,69.29,73.66
16.80,16.80,58.63,69.35,75.62
11.41,11.41,56.96,71.72,75.92
7.16,7.16,52.66,72.28,76.95
6.81,6.81,49.40,71.89,76.82
6.12,6.12,53.05,70.54,77.17
2.47,2.47,63.17,69.71,76.91
0.38,0.38,67.08,68.99,75.16
1.68,1.68,69.28,68.70,76.46
6.69,6.69,68.32,70.73,74.15
12.95,12.95,67.89,71.54,76.81
13.68,13.68,65.91,71.09,75.01
14.56,14.56,64.08,69.69,77.13
16.79,16.79,61.58,68.88,77.10
19.73,19.73,59.54,70.23,76.34
21.38,21.38,62.39,70.23,75.98
22.77,22.77,63.92,70.89,75.80
20.12,20.12,64.74,70.18,78.47
17.82,17.82,66.01,69.37,77.36
18.14,18.14,70.55,70.15,79.87
17.72,17.72,64.83,62.52,78.25
16.51,16.51,62.86,51.78,79.12
16.63,16.63,61.47,46.04,77.05
14.10,14.10,61.40,40.85,76.43
8.74,8.74,63.89,50.03,74.74
3.13,3.13,67.81,49.24,73.96
5.73,5.73,79.61,66.00,75.34
8.99,8.99,91.54,79.12,77.28
10.87,10.87,85.61,81.01,78.45
9.18,9.18,76.24,79.50,77.04
8.36,8.36,70.37,77.07,78.60
9.11,9.11,65.76,79.24,77.86
11.43,11.43,60.56,79.45,79.15
13.61,13.61,57.84,78.87,75.85
8.07,8.07,57.71,78.70,77.87
4.39,4.39,59.97,76.91,77.15
1.83,1.83,61.08,77.23,78.44
1.01,1.01,66.33,76.93,76.31
4.57,4.57,60.36,76.40,77.60
7.44,7.44,56.17,76.46,77.53
10.06,10.06,53.66,76.31,79.19
12.02,12.02,50.26,74.29,78.97
15.08,15.08,49.48,75.07,77.17
17.08,17.08,47.70,75.11,79.08
18.23,18.23,51.30,74.97,79.56
13.78,13.78,54.60,74.69,77.16
9.58,9.58,62.51,73.00,78.42
4.12,4.12,68.82,73.35,81.80
6.03,6.03,65.58,71.68,80.57
11.96,11.96,59.65,71.78,81.56
17.09,17.09,52.15,72.77,80.84
17.21,17.21,50.46,72.86,78.67
17.05,17.05,51.19,72.64,78.23
22.07,22.07,55.15,72.33,78.45
21.09,21.09,64.05,73.01,77.13
11.84,11.84,72.16,70.86,78.33
3.58,3.58,79.93,69.74,78.13
0.29,0.29,87.77,68.88,77.64
4.57,4.57,91.96,62.55,77.21
14.79,14.79,84.70,55.77,77.30
19.84,19.84,79.42,54.41,75.61
27.94,27.94,77.91,55.96,76.28
26.60,26.60,74.59,63.97,76.45
16.40,16.40,72.60,67.77,76.66
11.13,11.13,72.67,75.39,76.62
4.05,4.05,67.32,79.95,79.85
8.05,8.05,67.97,75.63,80.37
10.71,10.71,67.03,83.97,82.63
10.49,10.49,62.91,86.14,83.56
10.72,10.72,56.70,84.48,82.27
11.24,11.24,54.19,84.21,81.16
16.99,16.99,51.59,83.13,81.53
18.08,18.08,50.74,82.20,81.91
17.83,17.83,48.43,79.25,81.35
19.16,19.16,49.20,76.90,79.86
18.17,18.17,52.03,79.27,80.90
16.24,16.24,55.37,78.97,80.88
20.06,20.06,67.47,77.24,80.04
22.95,22.95,65.79,78.56,78.81
14.76,14.76,59.82,80.01,76.21
16.73,16.73,55.55,79.74,78.11
15.23,15.23,55.36,79.57,79.53
13.01,13.01,53.96,79.86,78.66
10.98,10.98,59.59,80.86,78.35
4.97,4.97,70.54,78.09,77.30
2.97,2.97,80.87,74.36,79.54
2.79,2.79,90.00,74.76,80.76
5.87,5.87,88.43,72.65,80.36
8.94,8.94,79.79,71.87,80.62
21.64,21.64,82.83,71.86,78.19
24.70,24.70,73.49,71.46,79.66
20.83,20.83,71.56,72.62,78.63
20.15,20.15,63.37,71.72,80.40
20.18,20.18,57.18,71.60,80.47
17.79,17.79,63.95,75.12,79.52
13.54,13.54,65.63,73.77,78.83
7.33,7.33,65.59,72.38,80.31
3.17,3.17,66.97,73.08,79.56
11.51,11.51,64.46,70.74,79.55
18.44,18.44,58.04,71.00,78.51
19.97,19.97,54.01,70.85,78.65
18.82,18.82,51.97,70.25,78.10
14.72,14.72,58.12,69.31,80.19
7.86,7.86,64.97,69.26,78.25
16.89,16.89,75.59,73.23,77.96
23.59,23.59,87.76,70.80,80.38
20.16,20.16,89.88,70.88,79.73
13.18,13.18,79.10,70.61,80.33
6.95,6.95,70.42,65.24,84.26
6.54,6.54,64.09,54.10,80.45
9.10,9.10,59.26,44.52,83.25
13.49,13.49,57.49,44.33,79.86
14.99,14.99,55.01,46.95,80.32
10.24,10.24,63.38,47.74,81.15
4.43,4.43,65.03,44.37,77.19
4.09,4.09,77.17,44.88,80.02
9.79,9.79,88.48,52.38,78.82
10.33,10.33,87.46,57.41,79.94
17.79,17.79,78.46,63.30,79.81
23.42,23.42,80.77,59.80,79.42
24.40,24.40,75.54,57.00,76.76
22.36,22.36,70.65,55.01,77.09
14.85,14.85,68.94,59.70,75.76
10.66,10.66,55.55,67.29,74.60
5.46,5.46,56.87,69.33,75.70
7.34,7.34,69.39,82.06,77.67
8.52,8.52,66.25,84.53,78.31
9.45,9.45,62.37,83.92,78.43
10.33,10.33,59.02,81.54,78.82
10.64,10.64,55.04,79.86,77.37
11.64,11.64,53.26,77.76,77.90
14.29,14.29,52.09,80.22,79.47
13.39,13.39,52.65,80.22,77.43
6.01,6.01,54.26,78.96,77.91
5.23,5.23,58.53,77.29,76.99
12.39,12.39,64.81,76.58,77.28
13.34,13.34,66.09,76.85,77.36
14.38,14.38,61.48,73.11,77.83
22.52,22.52,57.47,73.50,76.09
27.52,27.52,54.17,72.77,78.07
22.45,22.45,52.43,74.42,76.91
14.10,14.10,52.39,72.49,77.14
10.62,10.62,58.73,73.25,78.13
4.68,4.68,66.17,72.94,76.60
4.25,4.25,79.32,72.29,76.59
8.23,8.23,91.34,71.92,76.24
16.79,16.79,85.76,66.12,76.78
21.64,21.64,76.54,68.48,76.59
21.66,21.66,80.14,71.46,76.51
15.91,15.91,75.61,71.31,75.72
18.14,18.14,69.07,70.74,76.98
19.66,19.66,62.22,69.47,74.77
18.09,18.09,48.86,69.16,77.40
15.04,15.04,53.85,69.41,77.27
9.88,9.88,59.38,69.59,77.70
4.88,4.88,63.79,69.75,75.36
8.03,8.03,64.44,70.02,77.10
12.27,12.27,57.89,71.71,76.79
16.90,16.90,53.56,69.88,76.47
18.99,18.99,49.52,69.38,76.19
18.89,18.89,49.09,70.07,75.44
17.73,17.73,46.63,69.58,75.73
13.20,13.20,52.04,69.68,75.38
7.84,7.84,58.70,70.23,75.44
5.62,5.62,69.60,69.74,78.73
3.08,3.08,68.94,72.32,79.76
3.30,3.30,67.57,70.00,78.99
6.81,6.81,65.76,71.09,79.11
14.51,14.51,63.84,71.93,80.24
18.45,18.45,61.33,70.04,79.20
22.51,22.51,62.11,70.03,78.64
15.42,15.42,59.43,68.62,76.17
10.34,10.34,62.47,69.48,77.50
5.75,5.75,62.94,67.35,77.23
2.12,2.12,66.01,69.39,78.51
4.09,4.09,67.70,61.71,79.05
5.33,5.33,65.25,52.54,78.55
6.77,6.77,63.34,45.68,77.96
16.55,16.55,60.41,44.43,78.07
18.59,18.59,60.07,41.30,76.99
19.98,19.98,61.57,48.08,76.33
16.17,16.17,63.96,61.81,76.93
6.33,6.33,70.58,65.97,77.32
8.59,8.59,88.54,75.96,77.77
6.83,6.83,91.47,79.41,77.08
8.22,8.22,82.80,78.87,77.52
10.80,10.80,72.65,77.95,77.27
1.47,1.47,70.03,78.28,74.59
1.34,1.34,66.20,77.24,75.87
6.49,6.49,61.64,77.57,76.23
11.17,11.17,56.24,77.38,75.76
13.19,13.19,53.91,77.44,76.04
15.17,15.17,54.88,74.53,75.58
12.92,12.92,56.37,75.43,76.18
14.38,14.38,60.87,75.14,76.56
15.75,15.75,62.29,75.79,75.64
16.55,16.55,58.38,76.10,75.32
13.68,13.68,54.29,75.38,75.51
11.25,11.25,49.86,73.93,75.20
10.38,10.38,45.40,73.53,74.78
11.20,11.20,54.00,71.32,75.14
6.88,6.88,61.88,69.71,74.55
4.25,4.25,72.69,71.33,77.12
11.40,11.40,88.90,72.16,77.90
9.66,9.66,86.80,70.32,77.17
9.20,9.20,82.73,67.98,77.46
11.41,11.41,71.88,68.14,77.41
12.28,12.28,65.42,70.94,76.44
13.91,13.91,58.35,71.25,76.18
15.65,15.65,58.32,70.41,75.47
15.56,15.56,59.93,70.37,75.90
8.86,8.86,67.50,69.17,75.36
3.77,3.77,79.56,71.45,74.45
5.68,5.68,85.19,76.07,77.88
12.09,12.09,89.84,79.18,76.45
10.83,10.83,85.59,80.08,76.02
10.11,10.11,80.80,80.29,76.98
10.80,10.80,68.01,79.45,76.74
11.16,11.16,62.81,79.67,75.33
14.94,14.94,60.60,80.01,74.83
11.15,11.15,64.82,78.89,74.35
6.53,6.53,69.98,72.75,73.43
6.52,6.52,82.21,71.99,76.14
8.53,8.53,89.40,73.47,80.97
12.71,12.71,86.18,74.49,83.96
15.62,15.62,80.32,75.14,80.72
14.52,14.52,80.31,75.46,80.64
13.63,13.63,76.13,81.05,79.57
13.35,13.35,63.27,84.48,79.74
12.33,12.33,64.45,79.75,78.37
11.15,11.15,56.20,77.64,80.29
10.21,10.21,59.20,81.24,77.52
4.80,4.80,53.53,79.19,78.30
1.95,1.95,60.14,74.42,78.13
6.68,6.68,64.37,78.84,77.28
12.10,12.10,57.95,84.18,77.33
13.37,13.37,55.75,73.60,75.98
18.01,18.01,50.96,74.09,75.60
26.62,26.62,46.31,80.22,76.23
29.20,29.20,49.13,73.07,77.25
27.38,27.38,50.61,68.58,77.21
19.90,19.90,53.79,74.32,76.88
18.08,18.08,66.27,75.48,75.73
22.03,22.03,67.82,72.00,77.31
17.31,17.31,62.60,71.98,75.75
17.97,17.97,55.51,76.96,77.01
14.92,14.92,49.55,75.21,76.88
16.61,16.61,41.91,71.52,77.58
18.96,18.96,37.38,73.70,77.99
20.71,20.71,36.48,76.00,78.13
23.53,23.53,43.23,73.82,75.86
22.56,22.56,51.01,72.74,75.56
12.82,12.82,58.10,74.06,76.67
3.02,3.02,66.46,74.68,77.53
7.79,7.79,63.47,72.17,78.01
14.88,14.88,57.10,70.71,78.11
17.08,17.08,50.18,74.77,76.44
19.74,19.74,47.56,70.07,77.83
20.67,20.67,51.36,69.70,79.11
11.58,11.58,60.97,70.26,77.17
4.15,4.15,67.29,68.70,76.92
7.97,7.97,82.61,67.92,78.06
10.01,10.01,91.17,66.97,78.13
12.44,12.44,84.40,65.62,82.25
9.27,9.27,74.78,64.65,82.79
3.08,3.08,69.68,62.78,81.68
2.58,2.58,64.50,60.72,81.38
3.91,3.91,59.66,66.51,80.45
5.47,5.47,56.87,67.74,78.10
5.01,5.01,54.88,68.29,77.57
5.27,5.27,66.57,67.80,75.84
5.24,5.24,70.94,65.88,74.55
2.70,2.70,84.87,58.36,73.03
3.08,3.08,90.37,50.50,72.87
5.15,5.15,85.55,55.44,73.50
6.30,6.30,80.22,62.80,75.05
7.89,7.89,80.95,66.48,75.75
6.78,6.78,72.62,68.09,76.09
6.28,6.28,65.21,68.42,76.25
10.33,10.33,63.56,73.62,75.26
7.82,7.82,64.37,74.42,73.01
6.00,6.00,65.87,81.04,76.53
1.87,1.87,68.58,74.36,79.49
0.77,0.77,64.23,80.29,77.82
0.44,0.44,59.46,79.84,75.95
0.80,0.80,54.98,80.96,78.02
0.95,0.95,53.04,79.61,77.84
1.23,1.23,50.36,83.67,80.06
3.46,3.46,49.45,83.21,79.07
5.82,5.82,49.32,82.01,79.28
5.95,5.95,50.84,80.14,77.21
4.51,4.51,54.43,83.93,78.96
0.93,0.93,61.01,81.38,78.33
0.33,0.33,64.80,81.22,77.37
2.02,2.02,59.92,82.07,78.37
6.17,6.17,57.98,82.52,77.26
11.46,11.46,57.27,79.56,77.42
13.84,13.84,54.05,73.85,76.95
12.00,12.00,58.35,76.86,78.55
3.99,3.99,64.64,71.84,77.46
2.68,2.68,71.94,70.31,79.21
7.37,7.37,86.20,71.23,77.68
7.51,7.51,91.46,73.38,76.80
9.07,9.07,77.89,69.66,78.44
8.30,8.30,79.73,70.89,77.36
10.00,10.00,76.17,72.20,78.43
12.16,12.16,63.05,71.75,78.30
9.84,9.84,64.29,67.67,78.11
12.44,12.44,65.20,70.38,78.65
14.49,14.49,58.35,70.43,77.91
12.05,12.05,52.24,73.92,78.45
10.84,10.84,62.88,66.67,76.66
12.64,12.64,66.34,72.99,80.08
12.14,12.14,63.50,71.66,78.17
11.88,11.88,61.17,68.78,77.75
12.51,12.51,58.03,68.34,76.18
12.81,12.81,55.97,74.72,76.14
13.76,13.76,54.16,72.23,76.97
13.01,13.01,55.20,69.86,76.87
13.18,13.18,63.38,70.12,76.41
12.31,12.31,68.12,72.98,76.60
6.56,6.56,68.93,69.69,77.00
4.58,4.58,67.63,67.14,75.60
13.35,13.35,68.70,69.79,77.67
18.64,18.64,67.46,69.95,78.15
21.36,21.36,65.09,68.21,78.57
22.40,22.40,62.72,69.98,77.40
21.35,21.35,61.45,72.55,77.83
21.74,21.74,63.74,69.29,77.13
18.24,18.24,65.51,65.98,77.23
12.22,12.22,65.45,63.98,77.98
12.17,12.17,65.72,60.29,77.73
17.30,17.30,70.34,58.57,79.01
18.83,18.83,65.01,55.22,78.85
18.95,18.95,63.21,55.80,79.32
24.15,24.15,61.12,54.79,77.86
20.06,20.06,60.86,59.53,79.11
15.49,15.49,63.34,63.91,77.34
6.62,6.62,66.87,68.25,77.36
8.29,8.29,79.04,65.37,75.91
11.09,11.09,91.28,76.64,75.03
8.58,8.58,87.03,81.46,76.09
12.68,12.68,78.31,79.84,76.82
4.86,4.86,71.95,80.24,75.87
1.55,1.55,67.42,78.73,77.60
3.85,3.85,61.91,74.13,76.26
10.24,10.24,60.48,75.38,76.88
12.09,12.09,58.26,79.18,76.78
11.06,11.06,60.58,75.80,77.01
4.76,4.76,63.27,72.78,76.17
3.48,3.48,67.13,76.71,76.65
2.99,2.99,60.99,74.30,77.38
5.84,5.84,58.20,73.44,76.62
6.37,6.37,54.67,73.79,77.64
10.42,10.42,52.64,76.89,76.64
13.38,13.38,51.05,71.92,76.94
11.79,11.79,49.62,70.15,75.53
13.62,13.62,52.36,72.80,77.38
8.39,8.39,56.38,74.91,76.29
2.29,2.29,63.40,70.91,74.76
3.02,3.02,71.00,71.12,77.04
1.72,1.72,66.87,70.37,78.21
3.95,3.95,61.38,73.34,76.63
5.87,5.87,57.04,72.20,77.10
10.19,10.19,53.73,72.95,77.16
14.46,14.46,49.41,73.43,77.25
15.05,15.05,49.28,69.66,78.05
12.79,12.79,54.21,62.94,75.85
6.53,6.53,64.90,71.75,73.93
1.05,1.05,73.97,66.32,72.59
4.22,4.22,88.23,74.16,72.77
5.86,5.86,90.11,73.76,74.45
12.93,12.93,83.79,74.92,75.63
16.05,16.05,84.11,69.56,74.65
15.35,15.35,75.51,68.11,73.67
15.80,15.80,74.78,69.66,74.31
12.63,12.63,68.35,72.59,73.86
7.64,7.64,71.86,74.26,74.12
3.70,3.70,65.99,79.37,74.83
2.42,2.42,68.36,79.25,77.07
1.22,1.22,69.67,84.49,81.61
5.72,5.72,63.95,82.49,82.90
9.05,9.05,59.92,82.66,82.56
15.70,15.70,54.83,81.36,82.82
19.06,19.06,53.22,78.78,82.36
18.76,18.76,49.76,79.69,79.74
21.83,21.83,49.02,79.60,81.71
20.45,20.45,50.29,73.89,78.91
15.93,15.93,53.98,76.10,79.18
10.79,10.79,57.16,72.59,79.34
12.19,12.19,68.85,72.82,76.64
19.72,19.72,66.62,76.50,78.54
22.30,22.30,61.20,73.82,77.96
21.48,21.48,58.34,72.88,75.61
20.78,20.78,55.25,72.16,76.59
16.40,16.40,54.06,73.44,74.60
9.81,9.81,57.62,72.39,74.46
4.54,4.54,67.29,69.18,75.55
4.40,4.40,79.61,72.94,75.41
6.26,6.26,91.05,68.58,75.07
5.71,5.71,88.06,65.48,74.51
6.14,6.14,75.78,64.53,73.25
10.07,10.07,80.43,66.12,76.67
14.10,14.10,72.99,68.10,74.82
18.06,18.06,61.19,69.21,73.97
24.45,24.45,59.75,67.91,73.19
23.48,23.48,61.20,71.06,72.06
13.84,13.84,59.88,75.27,73.41
2.44,2.44,63.35,74.51,74.57
2.84,2.84,66.28,73.84,75.99
3.27,3.27,67.89,72.29,74.94
4.26,4.26,65.02,70.71,76.01
7.88,7.88,58.97,73.40,74.74
10.56,10.56,56.53,71.49,75.84
12.57,12.57,52.77,71.32,76.84
9.95,9.95,56.93,71.91,73.06
2.39,2.39,63.89,70.17,73.06
10.98,10.98,70.55,66.38,70.64
20.15,20.15,88.85,64.51,76.47
14.69,14.69,90.15,67.92,75.49
8.02,8.02,82.41,73.20,79.91
5.27,5.27,72.95,68.29,80.35
6.71,6.71,70.37,68.35,81.08
7.62,7.62,64.33,69.69,78.19
8.37,8.37,62.52,57.49,78.48
8.82,8.82,58.98,51.88,77.76
6.48,6.48,61.94,44.56,78.01
1.96,1.96,67.85,44.54,76.43
3.31,3.31,74.64,35.78,76.36
5.89,5.89,88.31,28.75,74.26
9.43,9.43,88.27,27.94,74.58
13.91,13.91,81.07,22.23,75.16
18.11,18.11,81.14,17.74,74.90
20.23,20.23,76.05,27.30,74.87
18.76,18.76,69.62,41.43,73.04
15.58,15.58,68.81,52.09,74.25
9.77,9.77,61.47,66.09,71.86
5.25,5.25,57.24,68.39,74.73
1.96,1.96,63.52,78.46,74.33
0.49,0.49,61.50,73.09,80.88
0.56,0.56,56.73,71.86,79.17
2.95,2.95,52.48,73.89,79.80
7.63,7.63,49.87,75.05,78.67
9.37,9.37,46.92,77.42,78.21
11.39,11.39,46.16,81.66,78.99
13.50,13.50,47.93,79.74,78.59
13.70,13.70,52.56,79.95,79.43
9.34,9.34,56.26,81.44,78.21
9.01,9.01,65.71,79.30,78.32
13.12,13.12,66.75,79.54,78.10
15.18,15.18,62.24,81.74,79.04
13.17,13.17,56.87,79.03,77.05
12.52,12.52,53.45,79.35,78.26
8.59,8.59,52.38,80.53,75.93
11.33,11.33,53.62,77.73,77.37
12.43,12.43,53.28,74.54,76.94
10.47,10.47,52.77,76.02,76.58
9.47,9.47,51.11,74.62,74.69
13.13,13.13,46.63,74.03,76.10
18.92,18.92,44.46,74.80,75.22
21.86,21.86,43.43,73.39,76.00
24.90,24.90,44.04,74.27,75.65
26.14,26.14,44.93,73.13,75.14
26.85,26.85,46.09,72.97,74.31
26.50,26.50,47.84,74.32,73.32
22.85,22.85,48.49,72.96,71.53
18.90,18.90,49.74,72.41,70.47
20.59,20.59,51.59,73.59,72.46
12.33,12.33,52.39,71.63,68.95
15.12,15.12,52.62,72.45,69.01
17.81,17.81,53.13,72.25,70.17
16.42,16.42,53.63,72.07,70.69
14.12,14.12,54.40,69.21,72.08
13.69,13.69,54.38,53.77,73.27
14.38,14.38,56.88,54.25,75.75
14.45,14.45,52.72,46.90,75.53
17.87,17.87,50.82,47.25,74.85
18.36,18.36,51.21,47.63,75.66
21.02,21.02,53.25,46.29,75.13
18.09,18.09,55.38,49.96,74.45
18.99,18.99,57.48,46.48,73.48
20.08,20.08,56.58,47.08,76.06
21.00,21.00,57.72,43.58,74.25
20.07,20.07,59.28,49.59,73.52
10.26,10.26,62.05,52.64,73.34
6.46,6.46,73.09,45.93,73.99
4.23,4.23,69.28,43.00,74.06
8.98,8.98,69.60,46.88,74.47
16.93,16.93,66.09,47.54,73.30
18.39,18.39,73.34,45.77,75.59
11.94,11.94,70.16,42.29,73.74
12.58,12.58,69.72,41.43,71.64
15.37,15.37,68.17,33.04,69.70
13.41,13.41,77.14,24.85,73.88
7.00,7.00,70.84,23.06,71.24
15.22,15.22,73.14,12.32,70.51
25.44,25.44,84.46,13.84,67.03
22.46,22.46,80.03,10.01,72.04
7.74,7.74,74.38,15.11,72.66
5.98,5.98,71.20,26.26,72.38
8.95,8.95,67.47,32.27,70.39
9.86,9.86,65.51,31.62,67.14
4.46,4.46,65.82,25.25,64.40
3.16,3.16,76.99,15.98,66.98
2.04,2.04,71.84,16.06,67.68
7.19,7.19,68.94,17.32,68.58
3.66,3.66,68.87,11.25,68.10
10.26,10.26,68.52,6.83,69.03
23.29,23.29,81.35,9.85,75.98
15.34,15.34,79.43,11.44,75.42
13.22,13.22,73.77,12.59,72.70
7.73,7.73,67.29,11.12,71.18
11.35,11.35,64.93,14.69,72.37
14.73,14.73,66.30,23.84,72.42
14.23,14.23,66.27,26.40,70.65
9.04,9.04,66.15,29.34,71.15
3.20,3.20,68.86,25.92,70.50
6.53,6.53,69.17,20.26,69.50
13.79,13.79,82.14,19.82,76.97
14.61,14.61,73.39,22.78,73.26
10.02,10.02,71.09,20.21,71.88
7.99,7.99,67.27,13.60,69.03
5.33,5.33,65.27,13.53,70.01
1.00,1.00,64.97,18.82,70.45
3.67,3.67,69.69,15.01,70.24
19.96,19.96,82.35,12.86,70.77
10.24,10.24,75.19,8.66,68.58
2.97,2.97,71.32,5.84,71.04
8.36,8.36,69.20,5.25,72.01
17.11,17.11,69.31,2.49,68.29
12.64,12.64,78.24,2.06,63.36
9.90,9.90,72.36,0.10,60.46
6.46,6.46,73.79,2.98,58.88
3.43,3.43,74.01,10.00,57.32
3.58,3.58,70.22,22.44,61.61
2.62,2.62,67.06,31.06,62.54
4.63,4.63,70.39,33.10,69.38
13.14,13.14,65.97,34.61,69.85
20.97,20.97,60.57,39.07,71.12
22.67,22.67,55.00,34.92,71.70
23.86,23.86,51.55,33.02,71.46
27.55,27.55,52.73,37.99,72.15
31.31,31.31,54.73,38.00,70.88
27.23,27.23,52.18,39.23,55.84
17.70,17.70,52.85,39.87,51.90
15.08,15.08,55.22,41.80,67.35
16.00,16.00,62.41,41.31,71.82
20.36,20.36,69.24,38.88,74.38
23.31,23.31,62.85,40.77,72.80
28.85,28.85,57.96,40.75,73.17
30.05,30.05,53.56,39.02,72.41
30.08,30.08,54.34,41.17,72.50
27.20,27.20,50.03,36.49,60.06
25.04,25.04,51.04,37.28,52.95
18.02,18.02,54.81,35.64,56.53
22.43,22.43,60.64,34.93,72.89
25.58,25.58,67.13,37.44,77.67
25.54,25.54,62.59,35.61,76.91
21.80,21.80,56.40,37.65,76.41
24.10,24.10,52.80,35.08,75.94
26.33,26.33,49.73,38.14,75.64
29.49,29.49,51.25,38.86,74.21
27.60,27.60,49.38,34.39,71.19
21.57,21.57,48.60,40.41,69.46
16.30,16.30,51.37,38.69,71.21
10.75,10.75,55.08,39.67,74.58
7.24,7.24,67.78,42.43,76.52
7.80,7.80,65.59,31.66,77.44
8.32,8.32,58.92,37.49,77.25
12.56,12.56,53.76,39.84,77.64
16.33,16.33,50.27,40.11,76.52
17.65,17.65,47.22,40.32,76.52
18.24,18.24,52.67,31.46,73.31
12.84,12.84,58.53,36.71,68.12
12.30,12.30,69.17,44.03,74.03
5.21,5.21,70.58,41.76,75.38
3.00,3.00,65.57,35.85,73.93
6.63,6.63,65.82,40.90,75.24
11.13,11.13,64.03,40.34,73.73
19.97,19.97,58.91,38.19,70.62
23.30,23.30,57.80,37.70,66.53
24.87,24.87,57.16,41.70,70.64
21.26,21.26,54.51,43.95,72.29
19.06,19.06,55.06,39.88,69.62
15.50,15.50,57.85,41.95,68.06
11.96,11.96,59.15,37.59,71.15
14.20,14.20,65.69,40.24,72.60
17.19,17.19,63.00,35.95,71.50
24.64,24.64,58.57,41.06,71.86
30.22,30.22,56.07,41.75,67.24
32.22,32.22,54.06,40.34,65.64
29.87,29.87,52.46,42.24,65.20
25.52,25.52,50.78,42.24,65.43
20.13,20.13,52.35,43.00,65.62
16.66,16.66,57.39,42.08,71.78
16.32,16.32,67.82,41.92,73.72
19.78,19.78,62.65,39.59,73.90
19.38,19.38,60.68,40.54,73.50
19.07,19.07,56.57,41.73,74.70
20.38,20.38,51.21,42.65,73.79
23.84,23.84,50.52,46.93,74.81
28.01,28.01,50.96,47.11,63.98
31.98,31.98,51.76,47.15,55.48
32.84,32.84,53.42,48.87,59.74
32.63,32.63,53.38,47.76,57.08
31.58,31.58,60.51,43.20,51.47
32.26,32.26,67.57,49.82,48.89
35.26,35.26,62.69,43.17,43.80
37.04,37.04,58.68,49.95,49.19
37.50,37.50,55.88,46.92,41.34
37.42,37.42,54.42,45.49,46.40
34.15,34.15,53.51,48.41,55.60
24.16,24.16,56.64,44.83,59.28
21.85,21.85,66.19,35.70,62.46
18.14,18.14,58.81,36.66,72.68
14.29,14.29,49.57,35.87,71.44
11.58,11.58,56.15,42.25,70.88
10.54,10.54,57.19,40.17,71.63
10.30,10.30,51.33,39.67,71.15
13.25,13.25,47.26,38.74,71.52
17.66,17.66,46.81,44.70,71.97
19.65,19.65,42.00,40.04,71.60
19.29,19.29,42.54,38.88,58.35
15.36,15.36,44.10,44.41,68.34
21.33,21.33,54.65,41.73,73.85
26.07,26.07,67.28,41.20,74.52
26.92,26.92,62.26,38.88,72.50
24.21,24.21,56.77,43.55,55.93
23.75,23.75,52.35,41.37,53.18
25.41,25.41,46.72,41.64,51.98
24.78,24.78,44.38,43.43,50.88
30.36,30.36,44.84,39.41,50.37
29.58,29.58,60.48,40.37,60.63
22.76,22.76,55.76,37.65,68.03
5.88,5.88,47.04,47.18,71.29
1.97,1.97,53.12,41.36,72.24
6.96,6.96,60.18,42.20,71.16
10.62,10.62,54.13,39.39,71.14
13.37,13.37,46.90,40.52,70.82
18.96,18.96,41.17,41.70,70.20
21.83,21.83,37.53,38.89,62.09
23.42,23.42,35.51,36.61,53.85
18.91,18.91,39.39,41.20,56.58
10.70,10.70,43.13,34.23,69.70
7.44,7.44,54.94,33.34,71.54
10.58,10.58,69.03,39.12,73.30
11.01,11.01,63.36,35.85,73.06
20.01,20.01,57.25,35.05,72.83
20.49,20.49,51.62,29.53,72.02
20.42,20.42,47.77,31.16,70.60
18.19,18.19,46.30,34.75,57.33
16.76,16.76,53.86,34.33,49.23
26.24,26.24,60.45,40.24,59.86
25.13,25.13,74.48,48.05,73.08
21.57,21.57,66.60,38.63,74.75
23.63,23.63,65.42,41.15,75.25
25.64,25.64,64.53,40.75,73.55
27.31,27.31,62.70,45.25,74.04
30.70,30.70,57.99,42.21,74.92
35.33,35.33,55.74,44.69,70.02
35.45,35.45,54.24,43.81,52.54
38.53,38.53,57.43,45.91,48.14
39.17,39.17,61.26,46.86,42.97
44.49,44.49,70.10,45.20,40.60
41.95,41.95,65.15,47.32,35.32
41.34,41.34,60.90,46.87,32.86
39.71,39.71,57.90,43.16,33.63
40.98,40.98,55.10,43.33,32.79
39.06,39.06,55.45,44.09,32.98
37.63,37.63,54.25,40.62,37.94
31.86,31.86,52.77,42.04,44.69
22.05,22.05,53.51,40.59,48.49
21.03,21.03,61.24,37.45,62.04
23.67,23.67,67.69,38.22,74.65
22.56,22.56,61.51,40.65,73.89
24.31,24.31,56.97,38.32,74.03
28.05,28.05,53.19,45.06,73.06
28.59,28.59,49.93,44.97,74.59
32.35,32.35,46.81,41.88,74.19
30.73,30.73,49.03,48.03,73.13
31.64,31.64,50.56,46.08,62.18
26.96,26.96,52.74,44.73,64.93
22.77,22.77,54.49,41.58,60.99
22.94,22.94,68.38,45.20,63.70
20.24,20.24,66.89,45.70,65.22
22.45,22.45,62.42,48.96,64.93
28.13,28.13,58.33,48.71,64.69
29.39,29.39,54.76,42.74,65.92
31.24,31.24,51.61,48.41,64.16
30.94,30.94,51.46,45.93,65.36
25.40,25.40,51.87,50.78,65.03
17.43,17.43,54.90,40.60,63.79
15.24,15.24,67.20,41.44,71.13
13.82,13.82,66.94,39.90,71.27
22.52,22.52,63.52,37.42,72.37
28.94,28.94,58.35,37.11,71.34
30.43,30.43,52.41,40.76,72.02
28.11,28.11,47.96,37.62,72.02
32.32,32.32,43.21,43.19,72.33
32.42,32.42,40.98,39.12,72.89
27.54,27.54,40.37,39.58,72.76
20.22,20.22,42.99,43.33,67.24
19.55,19.55,49.46,43.88,71.14
23.18,23.18,68.71,44.73,71.76
26.98,26.98,67.77,44.80,71.95
31.83,31.83,60.21,44.70,71.67
32.92,32.92,55.76,38.66,73.30
35.38,35.38,50.54,38.73,75.24
33.52,33.52,46.61,40.50,73.02
28.70,28.70,44.69,38.37,57.89
25.23,25.23,46.71,40.23,58.88
22.68,22.68,52.36,41.16,62.86
23.39,23.39,63.27,42.48,71.11
24.91,24.91,65.63,36.27,71.70
25.54,25.54,60.74,37.40,72.18
27.96,27.96,55.36,37.21,73.44
30.00,30.00,49.83,43.24,72.87
31.73,31.73,48.67,42.10,63.49
27.96,27.96,47.91,42.66,48.00
28.12,28.12,48.80,43.33,48.49
27.71,27.71,51.36,40.14,51.04
24.53,24.53,48.04,38.60,65.00
21.10,21.10,49.33,39.90,71.86
26.03,26.03,68.81,39.45,73.86
26.68,26.68,67.70,36.96,73.30
28.77,28.77,60.97,36.20,65.98
28.83,28.83,56.28,40.86,46.45
28.30,28.30,53.20,39.49,40.50
26.89,26.89,51.22,34.77,40.10
20.15,20.15,56.20,36.24,42.92
18.33,18.33,55.57,36.11,48.90
26.97,26.97,71.69,43.25,72.59
29.12,29.12,68.54,40.40,73.12
24.27,24.27,65.71,39.49,74.39
21.27,21.27,62.92,37.43,75.67
17.91,17.91,61.86,35.15,74.83
20.45,20.45,57.51,40.86,75.30
24.36,24.36,54.46,34.27,74.93
24.04,24.04,53.02,40.60,73.87
20.96,20.96,56.30,40.50,58.85
19.42,19.42,59.53,42.27,54.75
18.83,18.83,63.00,37.55,53.97
23.86,23.86,68.37,41.63,54.90
26.17,26.17,63.92,39.56,51.99
28.88,28.88,59.93,40.70,50.54
30.57,30.57,56.48,40.49,50.03
31.14,31.14,54.15,43.45,49.96
29.09,29.09,52.53,42.47,51.13
28.00,28.00,49.80,39.13,50.35
25.12,25.12,50.53,36.23,51.22
17.68,17.68,53.19,39.13,58.91
7.87,7.87,62.20,42.39,73.96
9.90,9.90,65.45,41.90,75.49
11.75,11.75,60.47,41.30,75.29
13.10,13.10,54.89,47.09,75.30
12.61,12.61,50.13,43.43,74.64
15.80,15.80,48.13,48.16,73.98
17.41,17.41,46.10,49.86,72.35
18.68,18.68,46.48,47.68,55.74
21.23,21.23,52.43,46.94,59.60
18.70,18.70,54.89,40.00,59.25
19.79,19.79,67.26,44.72,58.04
23.36,23.36,69.61,43.40,53.06
23.06,23.06,64.28,46.45,51.22
30.70,30.70,59.11,47.85,55.55
31.31,31.31,55.19,42.09,56.01
30.35,30.35,53.36,46.32,51.65
34.91,34.91,52.85,45.15,55.55
30.37,30.37,52.80,48.83,58.63
22.24,22.24,50.39,43.56,57.65
11.67,11.67,60.10,40.00,66.26
6.54,6.54,63.95,39.35,69.87
11.16,11.16,67.21,37.42,70.98
14.46,14.46,62.03,38.53,70.78
21.33,21.33,54.49,40.64,71.20
24.54,24.54,49.31,38.76,70.64
23.77,23.77,45.47,42.07,71.70
26.33,26.33,43.12,42.23,70.06
28.30,28.30,43.62,43.24,70.70
21.38,21.38,45.80,41.91,61.59
12.80,12.80,46.31,41.27,65.61
15.79,15.79,63.95,42.40,73.28
19.36,19.36,68.89,37.88,74.10
21.62,21.62,61.50,42.92,73.91
26.97,26.97,57.10,43.27,74.40
28.28,28.28,49.48,39.05,74.31
25.82,25.82,45.87,42.45,73.92
24.84,24.84,43.00,43.18,69.16
23.35,23.35,43.72,43.85,50.65
21.67,21.67,49.97,44.95,50.45
26.93,26.93,60.68,40.91,70.65
23.03,23.03,66.16,45.89,76.15
21.95,21.95,60.63,41.00,75.89
25.57,25.57,56.05,46.73,76.73
31.79,31.79,48.36,40.96,75.53
36.59,36.59,43.11,47.22,75.97
32.08,32.08,43.13,44.05,76.30
32.74,32.74,42.06,42.78,74.20
31.54,31.54,44.55,40.61,58.42
26.42,26.42,47.01,40.79,55.40
28.76,28.76,52.03,37.79,72.19
32.04,32.04,67.77,34.55,76.02
31.28,31.28,64.24,32.58,77.56
32.25,32.25,57.73,35.08,77.61
36.38,36.38,51.46,32.52,76.81
35.48,35.48,47.21,33.17,76.67
38.55,38.55,45.99,38.41,67.43
35.58,35.58,50.28,35.66,55.55
28.02,28.02,53.44,37.13,51.57
31.29,31.29,65.48,45.69,67.33
28.89,28.89,71.38,42.88,73.18
24.18,24.18,65.62,37.17,75.86
25.52,25.52,65.54,39.01,74.67
30.90,30.90,64.77,41.43,72.76
30.34,30.34,62.84,39.35,61.96
35.30,35.30,59.58,39.79,55.89
36.70,36.70,56.71,40.59,54.16
34.27,34.27,56.01,46.48,54.31
34.97,34.97,57.86,43.21,49.24
33.69,33.69,60.95,42.68,47.60
33.87,33.87,65.51,46.48,49.32
39.06,39.06,68.86,43.03,46.70
37.84,37.84,62.45,43.24,46.90
38.16,38.16,58.83,42.40,43.91
39.19,39.19,57.13,43.42,39.91
40.50,40.50,54.75,44.53,39.84
38.80,38.80,53.96,42.53,43.01
35.25,35.25,52.55,40.44,46.62
28.33,28.33,50.83,37.59,50.32
22.23,22.23,53.22,38.82,65.45
18.51,18.51,65.84,36.40,73.76
18.97,18.97,61.58,41.09,73.99
21.37,21.37,55.29,42.34,75.00
21.24,21.24,49.33,40.35,74.62
22.13,22.13,47.14,39.53,74.94
21.21,21.21,44.80,46.22,74.97
20.69,20.69,45.00,47.55,75.02
24.58,24.58,45.45,47.54,66.04
28.05,28.05,47.56,43.85,59.83
28.41,28.41,48.39,42.51,58.71
29.43,29.43,59.69,47.30,52.44
31.53,31.53,70.49,50.17,50.09
35.30,35.30,63.86,48.31,53.61
36.13,36.13,59.03,48.59,55.44
34.92,34.92,55.78,44.33,53.89
37.65,37.65,60.09,46.39,53.69
36.34,36.34,59.35,45.16,58.20
26.51,26.51,54.73,47.20,58.01
16.76,16.76,60.18,42.09,61.00
14.53,14.53,70.38,33.79,70.84
12.24,12.24,65.38,41.82,69.81
16.97,16.97,59.69,34.31,70.64
22.65,22.65,53.01,40.64,71.46
26.32,26.32,47.03,39.04,70.19
27.64,27.64,43.73,43.70,71.09
27.11,27.11,39.35,39.71,71.19
25.34,25.34,39.59,40.71,70.29
21.04,21.04,45.55,43.31,70.31
18.05,18.05,49.87,39.84,66.92
17.23,17.23,62.03,43.14,70.23
25.15,25.15,69.65,43.51,75.04
26.17,26.17,63.13,40.26,75.24
30.07,30.07,57.59,43.22,75.51
29.54,29.54,50.83,37.25,75.85
25.77,25.77,49.74,41.17,75.71
25.43,25.43,45.15,41.02,75.89
25.20,25.20,49.62,42.87,73.33
21.01,21.01,52.31,41.56,54.15
20.82,20.82,57.12,43.81,55.79
22.17,22.17,68.01,40.94,70.52
24.24,24.24,64.10,37.17,73.43
27.32,27.32,56.23,42.45,73.13
29.14,29.14,50.32,43.22,74.38
32.96,32.96,47.26,41.27,73.69
34.90,34.90,42.50,36.09,74.36
33.78,33.78,45.87,40.22,74.85
27.63,27.63,45.06,42.40,58.20
23.62,23.62,49.20,40.59,49.64
20.90,20.90,51.84,41.05,62.12
18.96,18.96,69.12,36.84,71.38
22.10,22.10,67.04,31.14,71.33
23.77,23.77,60.10,36.15,71.23
24.45,24.45,54.40,34.17,72.56
28.73,28.73,51.62,34.69,72.45
26.14,26.14,46.97,33.92,74.24
29.87,29.87,50.54,30.68,71.23
28.17,28.17,53.38,37.07,51.93
31.87,31.87,66.53,47.48,64.88
30.81,30.81,70.00,44.85,74.54
28.19,28.19,64.94,40.89,75.89
29.74,29.74,64.30,43.35,76.40
32.62,32.62,63.39,42.39,75.65
33.03,33.03,57.82,44.28,75.62
29.91,29.91,56.01,43.36,75.44
38.49,38.49,54.77,42.61,73.33
36.85,36.85,54.07,49.41,58.89
34.71,34.71,55.57,45.99,49.69
33.95,33.95,57.93,46.05,47.08
35.88,35.88,60.25,45.00,43.48
40.23,40.23,67.13,47.74,41.15
37.70,37.70,63.92,42.30,38.70
40.56,40.56,59.76,43.75,40.79
39.44,39.44,57.24,42.30,38.26
41.72,41.72,54.70,40.27,38.91
37.15,37.15,54.96,43.76,41.54
29.31,29.31,52.34,37.53,45.98
24.48,24.48,52.70,38.20,53.40
23.24,23.24,57.56,36.45,71.74
23.82,23.82,69.14,37.04,74.85
21.94,21.94,63.88,39.17,75.48
23.22,23.22,60.37,36.17,75.70
25.54,25.54,53.88,38.95,74.44
27.72,27.72,49.61,44.24,74.99
33.27,33.27,49.09,47.69,75.37
32.35,32.35,49.58,48.83,75.13
32.12,32.12,47.75,46.30,62.77
32.20,32.20,49.28,43.96,61.86
29.87,29.87,51.58,42.03,60.87
33.10,33.10,58.66,45.03,56.48
31.99,31.99,67.90,49.18,51.54
34.66,34.66,62.31,46.59,49.94
38.72,38.72,57.64,47.84,55.36
41.11,41.11,54.53,43.65,55.25
40.00,40.00,52.37,48.37,55.75
37.71,37.71,52.30,48.05,57.86
28.68,28.68,56.72,45.68,58.64
27.16,27.16,67.00,40.63,64.95
27.61,27.61,64.22,34.69,74.89
21.89,21.89,51.04,33.81,73.57
24.78,24.78,56.90,39.62,74.77
28.56,28.56,59.18,38.78,75.29
31.89,31.89,54.32,42.24,75.63
31.72,31.72,49.59,39.54,76.10
30.38,30.38,46.04,46.70,74.57
29.12,29.12,42.71,40.00,74.60
29.51,29.51,41.73,40.99,74.89
23.93,23.93,44.77,41.78,73.39
21.03,21.03,56.43,44.81,72.84
26.99,26.99,69.48,40.22,75.84
29.63,29.63,64.25,37.30,76.26
27.66,27.66,58.92,43.17,75.90
24.72,24.72,54.74,37.58,75.87
26.97,26.97,50.58,34.61,75.71
25.28,25.28,48.29,40.14,74.04
25.50,25.50,47.17,37.81,70.20
19.18,19.18,63.26,41.34,58.05
17.58,17.58,60.41,43.98,71.19
21.46,21.46,49.18,44.76,75.57
27.90,27.90,54.82,35.70,75.41
31.26,31.26,61.53,37.98,74.68
36.15,36.15,56.16,38.03,74.50
37.17,37.17,50.87,38.32,74.39
34.36,34.36,46.43,37.89,74.60
31.21,31.21,46.78,39.73,74.78
29.57,29.57,44.63,38.29,64.83
23.99,23.99,45.36,36.34,48.64
22.45,22.45,45.78,33.31,68.33
27.91,27.91,54.40,29.12,75.54
33.94,33.94,70.15,33.97,77.00
34.71,34.71,64.31,31.56,78.11
33.39,33.39,59.01,29.29,75.78
32.29,32.29,53.95,34.87,57.57
30.87,30.87,50.52,27.78,44.52
26.52,26.52,47.57,31.29,43.08
25.47,25.47,53.48,32.58,47.69
30.06,30.06,58.05,35.54,57.60
32.79,32.79,73.40,48.46,72.63
36.56,36.56,66.69,39.21,74.33
35.18,35.18,64.28,38.86,75.54
34.80,34.80,63.24,40.02,75.27
37.21,37.21,61.40,40.10,75.46
38.88,38.88,57.27,38.11,76.02
35.17,35.17,54.02,39.20,75.58
31.92,31.92,53.11,43.12,60.68
34.12,34.12,56.32,43.56,53.62
33.83,33.83,60.93,43.75,52.13
38.05,38.05,69.49,39.10,49.27
34.11,34.11,65.95,46.76,46.39
33.26,33.26,61.13,42.02,45.49
34.37,34.37,58.30,43.06,45.24
36.44,36.44,55.44,43.15,44.28
37.04,37.04,55.49,43.12,44.20
34.76,34.76,55.39,43.99,43.47
31.41,31.41,53.89,40.73,46.24
28.31,28.31,54.34,40.87,47.13
24.39,24.39,60.84,41.22,60.00
24.53,24.53,69.04,41.76,75.63
20.82,20.82,62.09,45.29,76.86
27.04,27.04,57.58,41.47,76.53
29.80,29.80,52.59,40.56,76.91
23.94,23.94,51.34,37.78,77.04
27.36,27.36,48.00,45.93,76.22
27.79,27.79,50.88,49.99,76.76
23.92,23.92,51.83,46.78,77.14
24.34,24.34,51.30,43.25,69.27
23.94,23.94,51.97,40.06,60.57
30.34,30.34,67.66,42.34,56.97
30.98,30.98,67.38,41.90,49.71
33.57,33.57,61.84,50.50,52.12
35.90,35.90,57.68,48.75,56.08
35.36,35.36,55.81,42.43,55.54
36.76,36.76,52.72,47.53,52.11
37.40,37.40,51.35,48.46,56.49
31.12,31.12,50.45,49.34,57.63
20.51,20.51,52.16,41.40,56.52
22.32,22.32,65.14,41.00,72.34
25.98,25.98,66.60,41.09,74.31
27.26,27.26,62.86,40.35,75.33
25.09,25.09,57.41,36.86,74.62
23.01,23.01,51.06,39.86,74.43
21.91,21.91,48.77,40.77,74.60
25.94,25.94,44.26,44.90,73.11
32.83,32.83,41.74,37.44,73.23
34.40,34.40,42.81,38.81,73.37
29.09,29.09,44.55,43.13,73.06
19.90,19.90,50.38,39.11,72.43
16.46,16.46,68.66,42.44,75.58
12.63,12.63,68.55,41.86,75.70
15.30,15.30,60.16,42.63,75.96
20.88,20.88,55.88,41.76,76.50
24.26,24.26,50.25,38.70,77.02
21.67,21.67,45.72,40.43,76.40
19.80,19.80,44.80,42.46,77.07
16.43,16.43,43.28,41.95,67.65
15.87,15.87,51.34,43.58,67.08
24.64,24.64,62.02,47.68,75.24
27.46,27.46,66.30,38.04,75.54
26.64,26.64,61.40,36.54,76.70
31.77,31.77,55.46,41.81,77.36
29.06,29.06,50.11,42.21,77.63
28.56,28.56,45.73,41.29,76.79
26.35,26.35,46.45,41.87,76.50
24.79,24.79,46.73,44.09,57.49
26.44,26.44,49.28,43.82,51.71
27.40,27.40,48.21,36.93,65.77
29.72,29.72,49.28,36.31,75.42
28.55,28.55,69.13,38.06,75.92
27.95,27.95,67.92,31.93,76.80
27.92,27.92,60.11,35.45,76.76
30.57,30.57,55.40,29.34,76.11
28.78,28.78,52.08,32.86,76.10
26.16,26.16,49.44,33.93,74.30
19.95,19.95,54.69,36.05,55.32
17.15,17.15,55.35,39.43,50.62
24.01,24.01,71.27,47.65,73.89
25.39,25.39,69.20,37.99,75.60
25.02,25.02,66.22,40.97,75.32
29.98,29.98,63.17,41.90,75.34
28.51,28.51,63.19,41.33,75.22
29.45,29.45,60.46,46.90,76.95
29.70,29.70,57.25,42.64,77.91
34.23,34.23,54.58,42.29,77.77
32.82,32.82,58.50,47.48,59.33
35.27,35.27,60.21,46.35,51.68
38.26,38.26,62.61,43.11,48.17
42.86,42.86,68.79,48.50,45.70
39.79,39.79,64.66,44.24,42.36
40.86,40.86,60.74,42.41,42.45
39.23,39.23,58.21,42.05,45.58
37.46,37.46,55.95,45.33,45.11
35.95,35.95,54.87,43.46,42.59
29.26,29.26,52.58,43.31,45.22
25.76,25.76,53.49,41.08,46.92
22.57,22.57,53.40,38.00,59.22
22.93,22.93,61.98,43.13,75.03
28.35,28.35,65.99,40.36,76.40
24.78,24.78,61.17,39.57,76.82
25.79,25.79,56.23,41.91,77.06
27.36,27.36,51.56,36.06,76.43
26.37,26.37,49.54,43.49,76.39
23.01,23.01,49.10,48.12,76.65
16.47,16.47,48.10,43.94,76.45
17.56,17.56,53.84,47.30,77.26
22.52,22.52,53.75,43.49,64.98
25.66,25.66,66.74,44.30,56.74
33.94,33.94,70.35,39.49,48.45
33.60,33.60,64.54,49.68,43.63
37.35,37.35,60.36,52.26,48.47
34.58,34.58,57.53,51.20,46.15
33.53,33.53,56.10,50.20,44.90
34.96,34.96,54.91,48.55,52.75
27.26,27.26,53.76,52.65,57.06
16.56,16.56,49.38,44.46,59.46
8.15,8.15,58.46,37.43,70.02
4.19,4.19,62.77,39.62,75.44
9.66,9.66,66.73,38.24,74.93
15.17,15.17,61.21,37.66,75.16
19.44,19.44,54.59,34.67,74.59
26.06,26.06,48.64,43.43,74.11
29.99,29.99,45.15,40.37,74.93
26.69,26.69,42.90,36.88,74.65
18.21,18.21,43.93,41.21,75.04
22.02,22.02,46.23,42.71,74.02
17.49,17.49,46.39,37.01,76.36
7.25,7.25,62.35,36.82,75.14
7.70,7.70,68.82,36.76,76.12
12.06,12.06,62.75,42.17,75.78
13.95,13.95,57.03,36.00,75.94
15.58,15.58,50.64,33.97,75.47
19.13,19.13,47.58,41.05,75.86
17.25,17.25,45.10,35.09,68.11
15.59,15.59,44.81,41.22,50.45
14.94,14.94,49.40,43.56,60.59
20.82,20.82,59.96,46.87,75.68
25.39,25.39,66.56,46.18,76.18
22.74,22.74,61.55,33.10,76.19
22.02,22.02,58.01,48.48,75.27
22.95,22.95,49.67,42.51,74.38
22.92,22.92,46.67,44.45,74.85
23.15,23.15,45.80,47.63,68.00
20.55,20.55,45.11,41.90,51.64
19.25,19.25,48.22,38.70,50.56
14.38,14.38,50.65,37.31,57.54
19.56,19.56,52.34,32.24,73.68
22.99,22.99,67.76,34.46,75.09
23.50,23.50,64.15,26.22,75.53
24.14,24.14,58.17,33.49,74.86
23.87,23.87,52.21,30.00,73.40
25.97,25.97,49.00,28.17,72.68
24.21,24.21,45.68,35.37,69.94
18.62,18.62,49.42,31.01,54.39
9.75,9.75,53.45,35.62,47.53
18.42,18.42,64.52,44.10,67.09
25.24,25.24,71.69,43.40,76.01
26.76,26.76,65.15,38.58,76.70
27.04,27.04,64.53,40.36,76.59
29.23,29.23,65.28,37.75,76.61
32.79,32.79,62.36,44.25,74.96
26.80,26.80,58.52,39.27,75.11
25.89,25.89,55.00,43.24,76.04
28.38,28.38,53.86,47.41,62.82
29.28,29.28,56.01,44.52,50.26
29.16,29.16,60.34,42.63,48.39
31.92,31.92,64.78,44.65,45.47
34.01,34.01,68.79,42.82,42.12
33.94,33.94,62.72,44.75,38.94
34.42,34.42,57.29,42.47,40.14
32.88,32.88,57.16,40.64,39.44
32.65,32.65,54.59,42.83,44.67
30.79,30.79,54.03,40.11,44.80
23.06,23.06,51.94,36.58,46.83
19.40,19.40,51.07,42.60,49.13
16.34,16.34,54.03,41.39,72.78
21.63,21.63,66.67,44.52,77.35
23.08,23.08,62.67,39.85,78.10
30.45,30.45,56.79,41.53,78.48
31.91,31.91,51.92,41.80,78.70
28.06,28.06,50.81,44.26,78.49
31.09,31.09,49.91,42.42,77.52
26.85,26.85,47.48,46.43,78.01
28.01,28.01,47.35,44.69,66.38
27.47,27.47,50.13,43.86,59.92
27.07,27.07,49.20,46.60,57.70
27.39,27.39,59.07,44.00,49.23
27.75,27.75,69.81,50.59,47.75
28.71,28.71,64.69,46.48,48.65
31.41,31.41,60.67,48.11,51.77
31.33,31.33,58.22,41.76,52.14
32.88,32.88,60.43,37.95,49.88
30.01,30.01,60.50,39.32,59.18
10.30,10.30,55.30,36.50,58.29
0.13,0.13,59.66,37.16,69.98
5.58,5.58,69.55,34.36,79.27
14.95,14.95,65.85,37.23,79.84
17.49,17.49,59.33,30.57,80.23
20.21,20.21,52.54,33.61,81.19
19.30,19.30,46.05,27.94,79.92
23.37,23.37,42.47,32.57,81.50
21.49,21.49,39.15,33.40,81.30
25.49,25.49,38.77,48.22,80.69
28.43,28.43,44.11,68.35,80.43
20.03,20.03,48.72,74.25,77.78
20.45,20.45,61.51,75.26,78.06
24.92,24.92,69.90,75.42,80.69
18.65,18.65,63.22,75.64,81.41
27.10,27.10,58.47,75.67,80.44
32.75,32.75,50.68,64.23,79.14
29.63,29.63,48.63,43.19,79.31
25.42,25.42,43.38,40.44,79.43
25.06,25.06,48.10,35.69,77.04
15.23,15.23,51.35,41.99,62.35
5.37,5.37,56.32,40.92,74.97
4.98,4.98,67.99,31.84,79.19
10.95,10.95,64.25,37.88,80.09
16.16,16.16,56.85,42.84,80.30
17.33,17.33,51.18,40.03,80.49
18.19,18.19,45.85,41.96,79.00
20.42,20.42,40.46,41.85,80.34
20.91,20.91,41.81,34.34,70.34
15.82,15.82,43.44,30.43,62.68
6.41,6.41,44.43,43.26,66.06
2.59,2.59,50.13,35.94,77.65
5.81,5.81,67.97,29.94,79.42
9.02,9.02,67.79,28.67,80.34
7.50,7.50,59.74,32.31,80.24
6.23,6.23,54.09,34.14,80.36
7.30,7.30,50.08,33.00,80.17
9.49,9.49,46.92,29.96,79.62
5.32,5.32,49.85,34.87,64.95
0.69,0.69,51.51,36.01,62.39
2.87,2.87,63.29,36.43,70.15
0.14,0.14,69.72,30.16,81.44
0.46,0.46,63.86,32.21,82.74
2.99,2.99,63.76,37.21,81.57
3.18,3.18,62.14,40.12,81.22
6.52,6.52,56.64,38.26,81.51
8.94,8.94,55.50,38.79,80.38
9.36,9.36,53.13,41.77,79.98
12.31,12.31,51.82,46.87,80.97
11.34,11.34,51.92,38.88,75.37
10.42,10.42,56.37,40.95,63.74
16.59,16.59,58.93,40.70,65.06
24.64,24.64,67.40,40.81,65.78
29.03,29.03,63.53,41.99,64.40
27.39,27.39,59.59,43.93,56.92
24.61,24.61,57.13,44.73,53.97
20.87,20.87,55.57,42.62,54.80
17.42,17.42,54.59,37.45,62.01
17.34,17.34,50.87,30.21,64.98
13.15,13.15,53.34,16.64,65.67
8.66,8.66,63.59,6.12,79.10
11.78,11.78,70.68,0.56,80.33
19.50,19.50,64.44,3.08,81.53
22.46,22.46,60.21,4.24,80.78
22.93,22.93,52.59,7.26,81.25
20.29,20.29,47.90,10.76,80.00
17.32,17.32,44.42,8.35,80.04
20.69,20.69,42.95,5.77,80.36
20.93,20.93,44.90,7.86,75.07
17.05,17.05,48.82,19.32,75.62
20.23,20.23,51.69,23.49,69.69
24.15,24.15,58.23,24.93,65.65
23.40,23.40,67.79,35.71,58.34
20.14,20.14,63.18,35.48,59.71
15.03,15.03,58.84,36.02,62.08
10.35,10.35,56.30,33.97,63.22
11.87,11.87,52.81,30.95,65.09
11.86,11.86,51.17,32.24,66.21
5.43,5.43,54.52,24.26,66.29
5.53,5.53,66.16,11.14,68.00
5.60,5.60,59.69,2.42,76.94
3.14,3.14,48.15,2.94,77.27
5.51,5.51,54.44,4.43,78.52
5.44,5.44,58.45,5.07,79.62
7.39,7.39,53.50,7.72,79.28
14.12,14.12,48.60,13.67,80.34
18.30,18.30,44.34,10.76,80.84
18.71,18.71,40.58,9.60,79.41
17.50,17.50,41.04,2.45,79.55
11.31,11.31,44.73,0.09,76.22
9.94,9.94,54.88,2.23,78.94
10.28,10.28,68.74,12.77,82.42
14.92,14.92,63.86,22.34,82.70
22.82,22.82,59.07,28.57,81.98
24.58,24.58,53.92,26.60,81.86
24.46,24.46,49.95,24.53,82.23
23.41,23.41,47.82,27.26,80.31
17.17,17.17,47.72,23.59,66.17
7.13,7.13,61.87,18.77,64.29
5.34,5.34,61.85,27.31,74.37
3.51,3.51,48.62,32.07,81.79
8.23,8.23,54.03,30.06,82.72
21.47,21.47,61.90,29.25,81.75
27.56,27.56,56.14,29.31,82.01
26.52,26.52,49.71,27.28,82.36
18.21,18.21,45.08,33.84,81.55
14.03,14.03,41.14,33.77,82.01
14.49,14.49,41.64,30.79,70.93
10.15,10.15,42.95,34.98,64.34
5.03,5.03,45.68,30.49,76.16
3.58,3.58,53.14,18.69,81.63
8.70,8.70,69.66,22.99,80.20
7.56,7.56,64.13,23.81,81.53
8.76,8.76,58.53,26.73,81.77
9.36,9.36,52.70,29.58,81.00
10.61,10.61,48.79,26.99,73.53
7.41,7.41,47.88,29.52,59.90
3.25,3.25,51.72,30.61,62.99
3.86,3.86,56.28,33.98,67.37
8.96,8.96,72.68,33.36,78.88
9.05,9.05,66.77,20.55,82.96
10.07,10.07,64.11,26.70,81.65
6.94,6.94,62.60,32.03,80.56
5.33,5.33,61.44,27.02,79.11
10.97,10.97,56.80,30.32,80.31
13.91,13.91,54.16,30.31,79.91
14.39,14.39,53.48,36.73,66.09
15.63,15.63,55.76,38.10,63.22
19.78,19.78,61.10,39.90,67.18
21.47,21.47,69.62,40.18,66.44
19.35,19.35,65.74,34.83,67.03
20.63,20.63,61.79,37.08,64.53
21.21,21.21,57.97,40.97,55.06
21.17,21.17,56.40,39.40,56.82
18.01,18.01,56.70,42.75,56.88
15.62,15.62,54.38,35.59,60.06
14.95,14.95,52.99,35.00,65.84
8.01,8.01,54.64,24.26,67.09
7.44,7.44,59.77,21.24,70.44
16.10,16.10,69.19,12.84,79.70
24.28,24.28,62.04,13.50,80.80
25.03,25.03,57.09,11.82,81.97
21.29,21.29,51.93,17.12,81.86
25.82,25.82,49.63,15.29,81.61
21.14,21.14,50.60,12.87,80.97
21.24,21.24,52.80,10.56,81.21
22.04,22.04,51.69,16.24,80.31
22.71,22.71,50.82,20.68,76.83
24.18,24.18,50.69,26.90,64.66
27.29,27.29,66.49,35.18,57.74
26.49,26.49,67.86,39.14,53.86
27.81,27.81,62.66,46.96,53.91
28.36,28.36,59.63,49.06,58.22
25.51,25.51,58.48,40.64,62.16
24.49,24.49,54.83,37.14,61.19
22.86,22.86,53.09,32.88,64.48
16.73,16.73,52.21,34.07,66.51
9.28,9.28,56.17,25.84,68.74
11.19,11.19,69.92,36.52,73.68
14.82,14.82,75.06,36.04,79.22
20.06,20.06,76.11,41.00,79.57
29.12,29.12,76.15,41.47,81.32
31.69,31.69,77.21,38.41,79.31
32.71,32.71,74.19,32.24,81.09
29.66,29.66,76.78,33.39,79.10
26.72,26.72,73.21,39.94,79.39
28.98,28.98,72.44,43.89,80.15
33.38,33.38,60.46,51.14,78.82
39.70,39.70,50.46,48.07,77.30
39.69,39.69,67.26,42.42,81.52
35.88,35.88,68.77,40.80,81.87
31.15,31.15,60.71,38.92,82.01
27.18,27.18,54.60,34.30,82.41
26.44,26.44,49.22,32.56,81.16
31.52,31.52,43.84,34.29,80.91
30.01,30.01,42.17,43.11,75.93
22.85,22.85,43.77,61.16,66.35
12.78,12.78,50.44,69.68,71.14
8.52,8.52,60.29,65.95,78.36
6.41,6.41,65.83,63.60,81.51
9.51,9.51,59.91,50.39,80.19
14.47,14.47,53.59,42.26,80.47
17.40,17.40,46.62,38.65,80.48
16.51,16.51,40.46,38.20,79.37
14.98,14.98,39.27,44.91,80.49
15.41,15.41,41.22,38.11,79.71
11.75,11.75,46.03,32.83,68.29
4.41,4.41,45.84,33.49,68.81
1.61,1.61,48.67,31.48,78.31
9.04,9.04,68.00,33.91,79.19
11.61,11.61,68.63,30.35,78.66
8.22,8.22,61.15,33.22,79.95
7.93,7.93,55.29,28.37,79.38
10.42,10.42,52.14,30.11,77.87
8.78,8.78,49.58,29.07,62.46
4.76,4.76,55.44,26.33,66.93
0.91,0.91,54.61,33.99,68.78
9.32,9.32,69.20,41.69,72.86
4.16,4.16,69.04,30.70,79.42
2.60,2.60,64.48,34.00,80.33
4.50,4.50,62.37,36.75,81.47
10.64,10.64,60.78,37.38,81.09
12.81,12.81,58.50,38.14,78.84
16.03,16.03,56.59,35.80,78.62
20.01,20.01,52.48,38.29,76.11
21.84,21.84,56.94,41.19,66.74
24.67,24.67,60.50,45.71,68.85
23.32,23.32,62.73,41.71,68.36
20.96,20.96,69.35,40.02,68.66
19.96,19.96,64.67,39.16,68.32
23.18,23.18,60.74,36.91,61.18
27.34,27.34,57.98,39.71,59.15
25.94,25.94,56.38,39.23,61.77
23.75,23.75,53.75,38.35,62.94
18.81,18.81,51.67,38.15,66.06
16.01,16.01,52.28,32.55,68.21
14.70,14.70,55.52,27.58,69.49
14.36,14.36,75.60,17.74,78.44
16.44,16.44,76.63,11.91,79.24
19.50,19.50,76.95,13.26,81.40
25.67,25.67,76.66,21.11,81.62
29.17,29.17,75.24,23.11,81.15
29.81,29.81,76.88,16.08,80.99
26.27,26.27,74.51,27.74,81.57
26.34,26.34,77.38,25.03,80.54
23.09,23.09,74.80,22.18,77.09
14.61,14.61,77.57,24.72,65.71
18.22,18.22,75.33,24.83,56.59
25.80,25.80,75.86,33.47,56.21
24.08,24.08,73.26,29.20,57.98
22.34,22.34,70.77,35.73,56.73
21.02,21.02,65.50,39.32,59.73
17.99,17.99,59.34,33.49,64.06
20.11,20.11,55.75,24.96,70.97
24.86,24.86,59.35,14.93,73.08
17.38,17.38,50.91,12.57,70.02
13.58,13.58,58.80,2.26,74.79
12.27,12.27,63.51,3.33,78.00
13.02,13.02,67.58,8.33,79.28
15.95,15.95,61.68,16.45,77.99
16.68,16.68,55.14,20.96,78.00
17.47,17.47,49.20,10.72,78.16
18.16,18.16,45.54,21.04,79.27
18.86,18.86,42.36,28.12,77.94
20.45,20.45,44.11,30.42,78.60
19.86,19.86,46.79,32.77,75.47
24.52,24.52,46.19,35.54,67.23
35.60,35.60,62.67,32.97,78.05
40.62,40.62,70.11,35.46,78.66
40.43,40.43,64.14,41.65,79.28
34.67,34.67,58.09,42.30,79.05
27.45,27.45,52.51,41.46,80.29
25.81,25.81,47.50,35.44,79.41
23.89,23.89,44.68,38.26,72.49
20.54,20.54,45.35,28.01,66.38
18.98,18.98,49.75,21.70,68.12
14.14,14.14,58.69,23.42,78.44
6.61,6.61,66.92,27.26,79.73
3.03,3.03,61.56,28.50,79.73
4.43,4.43,57.76,32.57,80.16
8.13,8.13,49.56,36.77,80.50
10.58,10.58,44.90,35.65,80.01
16.05,16.05,44.32,36.74,79.91
16.14,16.14,42.53,30.69,72.99
12.98,12.98,44.96,29.59,66.49
7.99,7.99,46.43,27.35,68.84
15.58,15.58,50.53,22.23,75.03
16.51,16.51,68.55,23.63,79.90
15.57,15.57,64.57,27.12,79.61
13.77,13.77,59.12,36.50,80.57
20.42,20.42,51.39,38.67,79.41
23.70,23.70,47.72,39.41,78.94
22.85,22.85,44.53,35.69,79.09
14.55,14.55,47.75,35.11,67.91
3.48,3.48,52.57,32.90,65.64
0.92,0.92,62.54,41.47,72.56
1.38,1.38,71.72,35.82,77.99
1.84,1.84,64.10,25.03,79.82
3.87,3.87,64.46,32.75,78.70
9.26,9.26,63.72,38.24,79.68
14.01,14.01,60.19,37.89,79.02
12.32,12.32,57.39,36.53,79.22
12.03,12.03,52.46,37.29,79.79
9.72,9.72,50.69,39.47,78.24
12.05,12.05,52.97,36.88,66.31
23.00,23.00,59.55,40.29,67.16
30.94,30.94,62.38,36.99,67.14
34.79,34.79,69.09,33.24,68.46
31.36,31.36,62.65,33.04,66.19
26.00,26.00,57.26,29.66,64.62
18.30,18.30,55.52,32.10,58.75
16.93,16.93,54.28,28.67,59.09
17.12,17.12,53.97,29.65,64.07
16.24,16.24,51.21,28.92,68.69
12.63,12.63,49.68,29.45,69.37
11.58,11.58,52.14,18.22,77.79
14.41,14.41,64.85,8.56,80.71
20.20,20.20,62.34,11.79,80.72
19.91,19.91,56.43,13.07,81.72
29.07,29.07,52.48,13.79,81.24
31.53,31.53,49.58,27.00,81.44
31.01,31.01,52.61,25.55,81.81
28.80,28.80,55.95,22.27,81.59
24.24,24.24,53.36,17.11,82.14
27.92,27.92,51.05,11.69,82.42
24.75,24.75,50.34,16.69,73.03
19.30,19.30,57.79,25.71,57.42
17.69,17.69,69.81,34.15,56.15
21.69,21.69,64.95,36.15,56.63
20.14,20.14,59.54,34.22,63.89
16.75,16.75,56.36,29.71,61.81
13.89,13.89,59.73,30.87,64.53
7.16,7.16,60.09,28.63,68.90
1.86,1.86,56.75,28.35,69.10
0.31,0.31,61.89,35.10,72.76
5.32,5.32,78.48,39.63,77.00
15.65,15.65,75.86,36.45,77.92
17.71,17.71,77.80,32.99,76.66
18.59,18.59,76.81,39.07,79.09
19.11,19.11,76.35,36.85,78.84
18.60,18.60,76.33,37.73,78.55
16.76,16.76,76.84,42.06,77.46
15.76,15.76,75.45,41.50,76.16
10.90,10.90,75.81,40.35,75.67
7.57,7.57,76.63,49.09,77.35
5.25,5.25,73.87,54.49,79.47
8.86,8.86,76.56,53.66,77.93
12.48,12.48,76.60,54.48,78.74
16.01,16.01,74.06,52.10,79.35
21.15,21.15,76.87,48.75,79.66
21.44,21.44,75.08,48.09,79.45
19.73,19.73,74.60,53.05,80.22
17.32,17.32,77.35,47.38,78.70
18.96,18.96,73.99,48.78,80.19
30.63,30.63,70.43,60.88,77.07
36.08,36.08,67.99,51.39,79.65
37.37,37.37,63.95,37.47,81.94
34.92,34.92,56.77,40.29,79.83
27.75,27.75,50.91,41.92,78.52
28.39,28.39,50.43,43.23,78.76
27.33,27.33,47.76,49.53,80.92
25.89,25.89,49.54,48.99,81.15
37.82,37.82,43.18,50.47,78.83
34.58,34.58,47.88,39.49,66.58
20.14,20.14,49.94,36.53,74.56
6.59,6.59,67.04,28.46,78.42
0.22,0.22,67.09,27.49,81.18
0.37,0.37,59.72,26.50,82.35
5.44,5.44,53.04,28.98,80.95
15.13,15.13,48.81,31.61,80.67
17.53,17.53,44.54,33.69,76.71
19.05,19.05,49.67,37.67,64.44
18.06,18.06,52.27,41.54,66.71
23.57,23.57,62.45,42.76,73.41
25.01,25.01,69.59,35.91,77.82
21.32,21.32,63.28,37.26,80.51
24.33,24.33,63.68,35.75,80.27
25.39,25.39,63.49,43.38,81.00
25.75,25.75,56.39,37.28,80.20
25.42,25.42,56.36,34.75,80.21
23.26,23.26,53.14,32.86,79.93
26.15,26.15,52.33,29.56,81.16
21.38,21.38,53.08,31.87,68.13
12.95,12.95,57.50,35.40,68.27
14.13,14.13,59.03,32.20,68.21
15.33,15.33,66.47,31.47,67.09
14.40,14.40,64.24,40.05,65.09
17.69,17.69,59.34,38.59,59.00
18.23,18.23,56.75,41.40,58.94
20.91,20.91,55.11,44.13,59.26
19.26,19.26,54.88,37.73,61.95
20.21,20.21,52.66,29.96,66.89
21.02,21.02,55.32,28.74,68.44
14.34,14.34,66.24,41.72,74.40
3.19,3.19,78.69,46.50,77.81
1.57,1.57,77.49,50.47,80.07
3.14,3.14,75.93,46.60,80.68
3.93,3.93,76.11,38.43,80.60
6.46,6.46,78.25,44.37,80.35
10.93,10.93,75.86,48.11,80.19
12.21,12.21,75.27,44.65,81.02
12.56,12.56,77.25,47.99,80.52
12.65,12.65,75.25,46.08,77.53
12.03,12.03,74.34,42.72,62.52
16.72,16.72,77.32,45.25,56.23
21.12,21.12,75.30,44.64,56.64
26.04,26.04,75.55,38.70,60.56
22.74,22.74,77.26,35.31,59.31
25.60,25.60,74.86,39.98,60.37
22.45,22.45,76.01,43.41,62.64
18.09,18.09,76.17,43.76,66.29
10.01,10.01,74.42,44.20,68.55
3.44,3.44,75.56,48.30,71.86
7.84,7.84,63.29,48.25,76.77
11.70,11.70,50.32,50.80,78.89
15.30,15.30,54.34,44.15,78.09
12.92,12.92,58.82,35.60,77.54
12.02,12.02,53.81,36.23,78.07
12.53,12.53,49.13,42.45,78.53
14.84,14.84,47.05,38.05,77.67
21.88,21.88,41.81,44.13,77.43
24.11,24.11,40.40,46.28,76.13
20.17,20.17,44.98,48.41,76.26
15.11,15.11,53.83,41.34,76.42
16.50,16.50,69.05,45.54,79.10
19.54,19.54,64.42,36.67,79.51
20.16,20.16,59.72,37.71,79.75
21.09,21.09,55.43,34.82,79.56
20.64,20.64,50.71,39.58,79.10
15.82,15.82,48.56,43.93,80.06
9.57,9.57,47.69,49.97,76.61
4.66,4.66,59.96,44.10,64.00
13.15,13.15,61.60,49.53,74.64
21.40,21.40,49.68,51.90,77.37
26.03,26.03,52.42,46.30,79.73
28.65,28.65,61.84,40.51,79.85
21.82,21.82,56.64,42.72,79.57
20.42,20.42,49.65,42.44,78.90
25.65,25.65,43.21,50.40,79.54
20.25,20.25,43.13,45.97,75.77
9.45,9.45,40.06,41.47,64.71
6.79,6.79,40.42,41.39,68.31
5.14,5.14,44.60,35.33,74.23
2.17,2.17,51.45,35.25,79.92
0.38,0.38,69.57,35.54,79.32
1.38,1.38,64.24,36.97,79.98
8.67,8.67,58.40,37.49,79.65
12.78,12.78,53.06,37.48,80.02
15.23,15.23,48.20,30.48,80.77
14.68,14.68,45.92,31.35,69.01
16.41,16.41,51.15,35.20,65.10
17.81,17.81,56.03,38.07,67.02
13.34,13.34,72.17,44.36,76.98
10.28,10.28,67.54,30.71,79.78
12.17,12.17,64.56,40.74,80.79
13.92,13.92,64.07,38.42,81.78
10.93,10.93,62.37,40.56,81.07
16.10,16.10,57.97,37.03,81.67
19.31,19.31,53.29,28.20,80.78
16.64,16.64,51.64,31.66,81.34
9.44,9.44,53.47,29.19,75.91
10.44,10.44,58.57,33.70,65.64
17.87,17.87,68.24,27.17,67.60
24.10,24.10,65.36,31.29,68.34
14.20,14.20,61.87,30.63,67.55
16.60,16.60,57.75,31.04,63.01
13.80,13.80,54.68,33.20,57.61
10.06,10.06,55.34,29.79,56.34
11.49,11.49,54.68,32.58,61.74
8.25,8.25,52.30,24.96,66.58
2.44,2.44,53.22,31.60,68.97
0.02,0.02,59.06,36.87,71.86
0.62,0.62,68.79,35.06,78.73
5.14,5.14,62.35,30.60,79.68
6.99,6.99,56.25,27.58,79.49
9.18,9.18,50.45,29.77,77.96
14.59,14.59,50.95,25.89,79.39
14.99,14.99,52.12,29.11,79.51
13.54,13.54,54.22,27.51,80.13
13.19,13.19,55.21,21.12,80.63
9.67,9.67,51.61,21.32,81.20
2.88,2.88,50.84,33.52,66.05
5.07,5.07,65.37,37.99,58.39
12.71,12.71,67.39,31.36,57.10
16.50,16.50,62.02,34.76,56.37
18.73,18.73,59.79,34.94,61.86
20.89,20.89,54.76,31.22,61.76
21.84,21.84,52.58,30.96,63.02
21.59,21.59,50.03,36.07,68.26
15.36,15.36,48.98,43.53,70.44
7.90,7.90,53.05,40.05,67.39
11.14,11.14,67.15,51.70,75.29
11.60,11.60,75.67,57.94,77.61
8.16,8.16,76.05,54.69,78.57
12.37,12.37,77.87,54.75,79.47
16.52,16.52,74.99,59.56,80.20
18.87,18.87,77.39,58.22,79.00
18.47,18.47,74.82,57.35,79.69
21.91,21.91,76.16,57.21,79.09
26.12,26.12,76.09,57.74,78.61
27.50,27.50,73.59,55.84,79.19
25.34,25.34,77.12,56.42,80.61
21.48,21.48,73.28,49.20,80.06
25.66,25.66,74.80,45.82,81.47
28.26,28.26,76.25,47.35,79.65
31.08,31.08,73.62,47.20,79.33
34.90,34.90,76.23,50.15,79.55
31.52,31.52,75.13,50.69,80.35
26.67,26.67,73.90,49.16,80.57
25.73,25.73,76.14,57.81,79.57
16.05,16.05,73.07,54.78,73.49
17.54,17.54,75.02,50.49,78.94
17.75,17.75,75.51,51.29,80.68
19.64,19.64,72.33,50.97,80.18
23.04,23.04,58.52,50.65,81.12
25.41,25.41,49.48,45.11,80.30
26.78,26.78,46.27,42.36,79.58
25.49,25.49,42.71,42.04,81.33
19.92,19.92,43.44,42.26,66.87
10.91,10.91,44.87,35.15,66.91
7.23,7.23,47.07,35.10,70.38
4.60,4.60,47.35,37.10,79.95
5.50,5.50,66.79,38.28,82.37
6.62,6.62,67.58,30.42,81.89
8.72,8.72,59.96,35.80,80.55
12.88,12.88,53.42,35.06,80.68
18.01,18.01,49.42,36.39,82.37
17.59,17.59,47.02,32.46,81.13
15.63,15.63,53.44,30.71,68.40
19.59,19.59,54.21,38.91,67.74
21.47,21.47,68.75,42.79,74.87
13.57,13.57,69.38,41.94,82.39
9.10,9.10,64.11,35.06,83.68
11.45,11.45,63.21,40.29,82.61
17.10,17.10,62.75,43.08,84.51
25.33,25.33,59.48,39.30,83.76
23.81,23.81,56.26,36.75,83.87
19.59,19.59,53.01,31.49,83.20
17.77,17.77,56.18,26.64,72.62
15.64,15.64,59.19,32.49,66.41
21.22,21.22,61.54,36.69,69.35
26.18,26.18,68.55,40.70,68.91
27.31,27.31,65.19,40.68,67.51
27.10,27.10,60.79,37.05,67.28
25.24,25.24,58.51,30.97,64.22
20.70,20.70,55.96,34.84,60.77
18.28,18.28,54.86,39.11,60.89
14.58,14.58,52.22,38.77,67.45
11.66,11.66,51.59,40.98,68.13
5.62,5.62,55.71,46.25,72.33
12.35,12.35,71.96,58.56,80.89
25.44,25.44,74.99,62.51,82.29
32.12,32.12,73.89,68.88,81.59
34.07,34.07,71.70,67.87,82.17
32.24,32.24,72.61,69.46,81.21
26.80,26.80,71.27,68.89,81.23
17.31,17.31,72.62,70.33,82.45
11.82,11.82,72.27,70.56,81.87
16.20,16.20,70.08,69.47,81.44
15.40,15.40,69.41,70.43,68.98
10.37,10.37,68.94,68.88,59.25
15.19,15.19,71.30,70.96,55.50
17.64,17.64,69.59,71.14,54.41
23.77,23.77,68.45,69.80,56.77
29.05,29.05,70.32,70.35,61.09
30.96,30.96,69.77,69.35,62.06
28.80,28.80,69.82,69.14,65.22
21.85,21.85,70.64,70.40,67.82
8.88,8.88,67.39,67.29,68.78
7.08,7.08,70.80,69.72,76.23
5.43,5.43,70.93,68.32,80.13
9.60,9.60,70.07,65.02,79.04
12.09,12.09,72.23,68.18,81.58
15.48,15.48,70.64,66.86,80.66
14.52,14.52,71.74,64.87,80.41
19.53,19.53,73.47,67.26,82.21
18.45,18.45,71.01,65.20,79.25
19.38,19.38,58.88,57.12,80.35
14.10,14.10,52.41,56.02,81.65
9.41,9.41,49.91,54.02,81.72
10.31,10.31,62.11,54.44,84.21
14.46,14.46,69.35,54.06,82.42
17.14,17.14,63.84,47.92,81.76
19.24,19.24,58.35,43.82,83.39
22.31,22.31,52.62,45.01,82.33
19.52,19.52,46.38,42.23,83.50
16.77,16.77,43.58,49.01,83.46
14.66,14.66,43.62,47.92,75.02
9.41,9.41,48.94,52.56,65.94
7.39,7.39,56.63,53.38,78.19
7.57,7.57,65.55,46.64,81.01
10.30,10.30,60.13,39.41,81.47
12.01,12.01,56.27,41.56,81.58
12.00,12.00,47.94,44.58,80.75
12.36,12.36,44.09,43.90,80.58
14.78,14.78,43.60,47.88,80.90
11.39,11.39,42.88,46.32,76.32
11.90,11.90,43.70,45.22,68.34
15.13,15.13,45.36,37.60,71.24
20.37,20.37,49.03,38.62,80.75
21.31,21.31,67.76,40.43,83.15
18.00,18.00,64.36,35.48,81.39
22.38,22.38,58.92,37.01,82.08
21.35,21.35,51.56,36.15,81.84
23.47,23.47,46.89,38.14,82.31
23.56,23.56,52.93,37.98,74.72
15.58,15.58,54.91,32.05,61.37
1.65,1.65,64.48,29.75,62.97
0.38,0.38,86.05,46.51,75.74
0.53,0.53,83.13,52.95,80.94
0.00,0.00,77.42,51.54,81.49
0.08,0.08,73.98,57.02,82.02
0.13,0.13,71.12,59.05,80.91
4.83,4.83,72.35,59.85,82.25
10.60,10.60,71.91,60.71,81.55
9.72,9.72,73.12,56.30,75.18
7.37,7.37,70.78,49.01,64.29
10.11,10.11,68.64,44.86,69.29
9.30,9.30,68.18,42.04,68.55
2.58,2.58,72.08,50.46,69.92
4.00,4.00,73.48,46.94,68.70
14.56,14.56,75.40,42.43,66.61
18.02,18.02,71.91,37.88,61.52
16.76,16.76,76.09,37.74,58.72
16.90,16.90,72.63,37.57,58.91
16.14,16.14,72.75,37.22,65.71
9.25,9.25,74.04,49.68,69.04
2.73,2.73,70.43,54.28,70.61
1.69,1.69,83.87,61.41,79.03
3.02,3.02,89.98,68.59,80.16
7.42,7.42,89.69,72.09,80.26
12.28,12.28,86.42,72.98,80.35
15.02,15.02,87.45,71.99,80.96
13.93,13.93,87.53,71.53,81.69
13.55,13.55,89.04,71.51,81.24
11.50,11.50,88.73,70.37,82.27
9.90,9.90,85.66,67.61,76.26
11.46,11.46,85.80,62.38,70.76
3.88,3.88,88.10,64.87,71.41
0.03,0.03,89.50,67.27,68.69
0.45,0.45,87.49,69.15,74.76
2.44,2.44,82.73,67.98,76.14
4.64,4.64,81.54,66.07,72.96
5.68,5.68,85.06,68.66,74.77
10.82,10.82,88.97,72.09,75.01
13.62,13.62,87.30,71.17,74.99
7.39,7.39,87.47,65.78,73.51
4.52,4.52,89.27,65.86,75.99
4.99,4.99,91.99,67.82,76.59
10.22,10.22,81.49,69.08,79.15
12.56,12.56,84.94,74.89,82.00
10.77,10.77,89.05,73.84,79.74
19.50,19.50,84.37,72.57,80.83
27.52,27.52,82.13,73.62,79.83
27.75,27.75,80.86,75.02,79.26
24.23,24.23,73.56,73.64,80.79
20.25,20.25,77.92,74.81,80.86
9.87,9.87,84.04,76.63,78.98
3.55,3.55,70.38,76.44,80.87
5.21,5.21,74.59,78.04,83.00
10.91,10.91,77.06,80.68,84.09
14.48,14.48,66.95,81.02,83.76
13.70,13.70,69.33,79.56,84.70
12.77,12.77,65.47,82.15,84.90
6.84,6.84,78.75,81.99,84.46
1.78,1.78,78.38,79.17,79.21
0.04,0.04,78.79,78.26,74.29
1.12,1.12,80.50,81.99,79.10
3.83,3.83,78.13,83.20,80.94
6.68,6.68,71.35,81.24,81.52
13.64,13.64,74.13,81.71,81.38
14.29,14.29,68.24,81.36,81.70
15.16,15.16,70.77,79.04,82.44
16.03,16.03,76.66,77.40,81.94
18.58,18.58,74.80,75.64,78.51
17.07,17.07,71.34,77.60,71.44
14.29,14.29,70.31,77.50,75.63
20.52,20.52,67.17,80.03,80.43
18.73,18.73,70.33,78.25,81.28
5.34,5.34,70.67,72.86,84.09
0.78,0.78,70.12,77.36,80.68
3.15,3.15,74.42,79.95,83.15
2.05,2.05,73.18,74.46,81.39
1.83,1.83,68.75,74.74,81.34
2.67,2.67,69.35,74.46,73.44
0.78,0.78,69.97,74.15,74.00
3.33,3.33,74.49,77.19,75.52
9.96,9.96,89.70,76.99,80.95
12.51,12.51,83.18,77.62,82.61
14.92,14.92,79.88,75.70,84.46
11.22,11.22,75.96,74.85,83.23
4.10,4.10,74.02,77.45,86.47
4.52,4.52,69.97,77.00,84.25
4.49,4.49,67.93,75.80,85.39
7.04,7.04,70.25,71.60,85.08
6.90,6.90,68.48,71.30,81.31
6.92,6.92,74.30,77.09,73.28
15.39,15.39,81.64,78.25,75.27
28.25,28.25,89.09,77.82,74.03
29.77,29.77,89.10,74.31,73.93
35.26,35.26,79.83,74.27,72.82
36.49,36.49,79.95,74.75,70.11
33.21,33.21,69.25,74.29,70.04
27.46,27.46,68.04,74.08,73.61
21.17,21.17,61.20,74.24,74.68
8.61,8.61,63.75,75.45,76.26
3.56,3.56,75.04,80.07,79.64
1.79,1.79,80.47,81.05,80.93
2.98,2.98,72.04,80.74,80.59
9.27,9.27,66.35,79.77,82.12
11.86,11.86,58.24,78.26,81.52
13.49,13.49,53.63,76.47,82.99
17.85,17.85,46.96,76.52,82.63
21.01,21.01,45.99,74.88,80.83
22.59,22.59,47.91,75.38,75.56
27.66,27.66,52.61,75.01,70.60
27.89,27.89,52.14,72.54,73.70
25.12,25.12,58.47,70.83,74.41
16.83,16.83,66.25,71.98,73.24
15.28,15.28,61.50,72.08,74.12
14.31,14.31,57.53,68.89,73.40
18.89,18.89,53.00,68.23,75.21
24.86,24.86,51.46,68.71,77.31
20.22,20.22,55.90,70.84,74.19
18.47,18.47,61.60,64.55,76.72
7.27,7.27,71.63,66.22,74.97
4.37,4.37,82.54,64.80,78.83
7.66,7.66,89.49,62.50,80.21
13.36,13.36,86.03,66.57,81.57
14.51,14.51,84.50,72.95,82.31
9.84,9.84,81.21,75.83,80.24
13.39,13.39,71.02,74.79,81.11
16.37,16.37,67.44,74.91,82.65
16.37,16.37,62.31,76.18,81.32
14.72,14.72,60.60,74.84,81.61
11.96,11.96,62.38,77.60,78.23
8.50,8.50,64.98,76.21,77.74
10.15,10.15,70.21,80.02,81.27
8.54,8.54,63.51,81.81,81.55
6.33,6.33,58.84,80.92,82.99
7.94,7.94,54.09,79.49,81.64
11.15,11.15,59.67,77.90,81.61
12.15,12.15,57.81,72.55,81.47
11.64,11.64,62.06,63.15,75.03
11.30,11.30,69.74,62.09,71.45
4.65,4.65,84.38,61.55,79.83
3.33,3.33,89.50,62.10,79.43
4.93,4.93,88.44,67.79,80.68
6.49,6.49,91.53,69.87,81.81
11.47,11.47,91.91,71.84,80.26
17.91,17.91,90.42,72.69,81.19
22.06,22.06,88.88,71.96,81.99
23.43,23.43,79.39,72.43,81.78
22.67,22.67,80.50,75.95,76.13
16.28,16.28,84.44,76.37,75.79
7.96,7.96,81.35,74.55,78.55
13.95,13.95,77.97,74.78,81.93
12.70,12.70,76.12,73.72,83.02
13.56,13.56,74.44,73.16,82.22
20.15,20.15,72.20,74.18,82.29
20.44,20.44,71.26,76.65,82.85
15.52,15.52,62.02,76.22,79.87
6.67,6.67,60.19,75.55,73.14
5.55,5.55,68.69,71.67,72.90
1.38,1.38,73.08,69.90,75.60
5.50,5.50,86.94,69.10,79.85
13.80,13.80,84.47,72.79,82.99
14.58,14.58,80.50,70.65,82.90
9.54,9.54,77.52,70.84,84.31
2.62,2.62,74.20,72.23,86.44
4.55,4.55,73.15,71.65,82.82
3.68,3.68,70.50,69.81,84.11
3.14,3.14,71.75,68.57,77.53
5.27,5.27,72.33,67.11,74.70
5.51,5.51,74.45,70.05,75.10
5.59,5.59,91.38,67.88,71.40
16.36,16.36,86.53,63.92,74.12
27.15,27.15,84.37,66.43,73.94
31.95,31.95,88.78,67.72,72.57
29.07,29.07,85.20,65.98,71.49
24.98,24.98,83.79,67.91,71.07
22.84,22.84,81.99,69.07,73.10
19.41,19.41,82.61,68.73,74.22
13.46,13.46,80.14,70.07,76.47
5.81,5.81,81.89,74.48,78.38
1.96,1.96,83.07,79.77,82.57
4.50,4.50,78.88,79.34,83.38
9.29,9.29,74.67,80.09,84.49
16.54,16.54,73.02,79.95,84.42
17.81,17.81,68.75,78.52,83.96
16.40,16.40,64.21,77.69,84.45
13.92,13.92,62.53,79.16,85.01
11.92,11.92,57.60,78.53,85.11
9.40,9.40,67.86,78.67,82.56
5.10,5.10,70.79,78.12,74.17
12.99,12.99,84.87,75.96,73.25
14.32,14.32,91.28,70.96,72.02
13.24,13.24,82.21,64.21,74.30
20.00,20.00,71.99,64.59,73.31
21.67,21.67,76.56,70.93,70.49
19.40,19.40,73.54,71.73,73.53
17.65,17.65,71.31,75.33,73.50
16.46,16.46,75.89,77.32,75.30
8.73,8.73,78.58,77.24,76.01
5.83,5.83,88.36,71.11,79.49
2.48,2.48,90.28,63.44,80.04
7.13,7.13,86.32,66.58,79.80
9.28,9.28,92.36,71.40,80.54
13.26,13.26,91.45,67.13,78.82
13.70,13.70,88.43,72.53,80.88
13.42,13.42,82.59,73.40,81.48
11.66,11.66,80.55,74.10,81.00
10.24,10.24,85.16,75.96,80.49
13.89,13.89,81.50,75.67,78.82
11.22,11.22,76.22,72.92,77.86
17.30,17.30,76.69,71.69,81.19
9.00,9.00,76.06,68.94,81.84
11.36,11.36,75.47,74.65,82.01
14.02,14.02,74.68,76.44,79.77
16.79,16.79,66.63,74.65,80.16
11.38,11.38,60.92,72.98,81.71
5.10,5.10,64.62,70.33,78.60
4.07,4.07,66.34,72.41,75.72
3.02,3.02,74.73,73.48,78.09
4.95,4.95,88.17,71.04,79.72
1.33,1.33,91.04,68.63,80.88
3.37,3.37,84.39,74.90,81.11
6.99,6.99,82.76,72.97,82.04
11.10,11.10,81.88,74.61,82.48
14.27,14.27,71.26,72.58,82.05
16.46,16.46,73.82,78.54,82.94
16.06,16.06,63.96,74.08,81.93
15.76,15.76,60.24,74.42,77.92
8.69,8.69,60.37,76.40,74.67
2.44,2.44,62.14,75.80,80.43
1.08,1.08,66.38,76.36,81.21
-0.00,-0.00,66.54,70.31,81.02
0.77,0.77,58.05,76.12,82.03
4.24,4.24,51.71,73.44,82.47
7.71,7.71,50.19,74.45,80.39
6.44,6.44,52.61,73.69,72.86
5.07,5.07,60.16,79.69,71.96
0.94,0.94,67.61,75.21,73.76
9.10,9.10,83.57,77.08,78.94
19.56,19.56,88.64,75.03,81.20
17.23,17.23,79.55,75.88,81.37
9.03,9.03,78.48,66.11,83.03
3.16,3.16,75.17,66.33,82.03
12.78,12.78,72.76,67.42,83.82
14.42,14.42,69.33,68.79,83.50
11.32,11.32,70.56,70.64,80.82
10.19,10.19,71.10,65.56,75.04
3.90,3.90,70.80,71.44,73.83
18.31,18.31,73.55,70.52,74.21
25.99,25.99,81.95,68.21,75.60
22.45,22.45,90.06,69.13,72.58
13.90,13.90,77.33,62.95,74.95
12.20,12.20,74.62,60.83,70.71
13.77,13.77,78.66,62.86,74.56
13.59,13.59,72.17,60.95,74.36
11.68,11.68,73.50,64.27,75.05
7.33,7.33,69.29,64.47,76.27
4.30,4.30,68.09,64.79,76.69
2.83,2.83,73.68,72.01,80.95
0.64,0.64,76.92,75.44,83.51
3.61,3.61,74.55,78.70,83.38
7.15,7.15,66.11,74.15,83.88
9.21,9.21,62.26,74.05,85.21
12.84,12.84,55.12,69.67,84.19
13.52,13.52,52.09,70.78,84.46
11.00,11.00,42.73,63.51,83.57
9.17,9.17,46.00,61.57,82.21
9.19,9.19,52.66,62.00,73.27
17.96,17.96,61.55,65.04,72.54
26.55,26.55,66.55,65.01,75.72
31.10,31.10,62.83,64.76,73.66
33.61,33.61,56.22,63.61,74.14
33.41,33.41,51.48,66.96,74.48
30.94,30.94,48.94,65.99,73.07
25.71,25.71,47.41,64.82,76.89
21.37,21.37,55.13,68.15,75.75
11.67,11.67,67.32,62.66,74.45
17.27,17.27,71.53,62.14,76.96
24.82,24.82,89.39,60.62,78.59
23.95,23.95,87.20,61.76,79.31
14.26,14.26,79.75,65.92,80.83
7.62,7.62,82.13,71.28,81.12
12.54,12.54,73.42,70.28,82.10
15.66,15.66,67.20,74.95,81.34
16.19,16.19,62.13,71.87,81.45
17.63,17.63,55.36,71.15,80.31
14.52,14.52,60.09,71.96,78.28
7.02,7.02,67.51,78.61,75.88
2.46,2.46,69.96,78.87,81.75
2.77,2.77,67.26,80.13,83.92
5.92,5.92,62.37,78.86,83.13
13.18,13.18,58.70,80.35,82.84
18.19,18.19,57.43,76.74,83.32
18.00,18.00,53.76,73.54,84.67
18.26,18.26,57.81,74.13,80.13
14.03,14.03,66.24,71.74,76.49
11.35,11.35,70.18,73.46,75.53
4.47,4.47,89.76,74.62,81.73
1.53,1.53,92.32,70.30,78.61
3.52,3.52,83.05,69.02,82.26
11.22,11.22,91.29,67.06,83.51
18.44,18.44,90.99,72.95,80.64
21.52,21.52,91.03,76.49,81.09
24.88,24.88,84.26,75.20,81.90
20.81,20.81,84.84,75.88,78.73
15.31,15.31,83.64,76.43,75.90
5.81,5.81,79.14,73.57,76.95
0.16,0.16,75.64,73.74,79.54
-0.00,-0.00,71.41,71.75,81.85
-0.00,-0.00,71.30,70.41,82.84
-0.00,-0.00,75.84,75.58,82.42
0.00,0.00,73.47,70.85,83.33
0.48,0.48,67.58,75.20,82.73
3.45,3.45,62.07,76.98,81.91
3.41,3.41,59.71,75.84,77.95
9.46,9.46,68.01,76.29,75.87
11.94,11.94,77.46,74.40,79.19
13.16,13.16,88.55,77.08,80.86
16.77,16.77,82.43,71.31,84.28
7.99,7.99,77.42,71.61,83.81
1.91,1.91,74.05,69.45,83.19
1.32,1.32,73.03,69.67,83.99
3.21,3.21,69.21,66.21,83.21
2.24,2.24,68.86,66.34,83.10
1.34,1.34,70.55,68.12,82.31
0.59,0.59,69.43,58.33,77.81
0.34,0.34,84.95,64.61,77.52
1.55,1.55,93.57,65.27,74.32
6.65,6.65,84.39,68.01,75.67
11.63,11.63,91.21,68.06,76.36
16.64,16.64,91.00,67.03,74.13
19.67,19.67,90.38,69.75,73.90
17.91,17.91,87.00,66.07,71.19
14.61,14.61,80.04,66.70,74.04
7.00,7.00,81.38,65.93,76.50
1.76,1.76,81.76,68.15,72.07
6.80,6.80,84.01,61.31,80.92
8.22,8.22,85.60,70.78,81.60
10.66,10.66,81.70,70.41,81.56
7.08,7.08,76.17,75.89,81.91
8.68,8.68,75.37,77.85,80.88
10.73,10.73,63.85,75.60,80.93
11.09,11.09,53.48,74.78,81.88
8.02,8.02,53.79,71.19,81.52
8.09,8.09,61.46,74.50,82.18
7.38,7.38,64.83,69.09,81.08
6.47,6.47,75.39,71.65,77.30
9.36,9.36,88.93,68.57,76.22
10.68,10.68,86.99,70.10,78.04
9.69,9.69,82.71,70.99,75.53
10.50,10.50,70.78,69.10,74.67
11.10,11.10,66.72,71.38,72.13
8.31,8.31,62.29,70.09,76.03
5.26,5.26,62.03,70.10,77.22
4.30,4.30,69.18,68.07,76.46
1.55,1.55,78.14,67.24,78.54
7.38,7.38,89.05,64.85,77.04
15.82,15.82,86.93,63.10,79.08
18.69,18.69,87.85,66.37,80.39
24.83,24.83,88.68,64.61,81.46
21.13,21.13,88.69,69.73,78.67
18.97,18.97,83.59,67.99,79.19
17.57,17.57,71.57,69.14,81.58
16.73,16.73,78.33,67.10,78.59
16.74,16.74,77.22,67.35,81.86
14.12,14.12,80.76,71.75,79.78
15.07,15.07,81.23,75.54,80.98
14.18,14.18,72.48,75.70,80.32
12.39,12.39,70.94,76.06,82.11
8.35,8.35,72.48,72.00,81.55
13.21,13.21,72.44,75.07,80.86
14.40,14.40,61.78,72.12,80.54
19.02,19.02,63.65,74.58,81.62
20.31,20.31,63.63,71.62,81.76
18.66,18.66,58.80,71.07,80.17
17.39,17.39,66.95,77.42,77.98
11.48,11.48,67.65,74.72,81.05
1.21,1.21,63.71,74.97,84.06
4.11,4.11,58.99,74.87,81.65
3.54,3.54,54.67,77.82,80.36
9.03,9.03,51.31,76.04,81.14
15.32,15.32,48.11,76.47,80.26
20.54,20.54,48.14,78.37,80.41
20.98,20.98,48.50,77.34,81.36
18.79,18.79,52.98,79.55,77.19
8.55,8.55,55.29,79.22,78.47
4.71,4.71,64.96,80.00,82.63
7.54,7.54,66.58,80.12,82.25
11.21,11.21,60.33,79.23,82.74
13.89,13.89,54.52,80.09,82.88
18.57,18.57,51.92,81.22,84.19
17.99,17.99,53.74,79.56,82.35
16.73,16.73,58.56,79.82,75.69
13.30,13.30,65.10,80.43,75.71
9.81,9.81,75.48,77.30,79.29
11.10,11.10,89.69,77.89,81.46
16.70,16.70,83.80,74.73,83.50
15.23,15.23,78.35,71.52,83.71
11.69,11.69,74.28,71.69,83.89
5.00,5.00,73.91,69.66,83.78
6.00,6.00,70.49,69.76,85.24
4.40,4.40,68.00,70.58,82.78
6.85,6.85,69.09,67.26,82.34
6.24,6.24,65.79,70.02,79.55
2.62,2.62,70.20,67.57,81.58
0.37,0.37,75.72,74.80,81.81
0.19,0.19,86.15,72.53,78.90
5.79,5.79,88.74,69.93,75.95
14.79,14.79,75.00,71.47,81.39
17.37,17.37,77.94,71.22,83.16
23.71,23.71,67.82,71.39,82.31
25.15,25.15,60.46,72.53,76.30
26.04,26.04,55.68,69.98,75.02
30.57,30.57,62.73,70.80,83.55
32.43,32.43,65.59,68.96,84.17
30.42,30.42,71.69,77.39,81.78
22.66,22.66,65.77,67.39,81.42
10.43,10.43,62.44,74.56,84.12
13.29,13.29,56.36,70.12,85.20
16.14,16.14,55.66,73.95,83.28
14.43,14.43,54.43,77.17,82.09
13.92,13.92,51.95,73.66,82.34
26.39,26.39,50.99,76.73,83.32
33.79,33.79,51.09,75.97,85.24
32.34,32.34,54.66,76.43,81.82
26.45,26.45,57.90,79.66,77.25
29.14,29.14,66.46,76.80,76.17
30.72,30.72,62.44,77.71,82.53
22.54,22.54,58.54,79.41,84.11
21.38,21.38,56.62,76.24,79.86
20.70,20.70,56.28,79.93,76.19
19.83,19.83,55.14,78.59,80.45
13.86,13.86,59.57,77.60,83.38
7.59,7.59,67.61,79.98,82.69
7.21,7.21,80.81,76.40,81.60
10.64,10.64,89.33,73.99,80.74
22.17,22.17,86.40,71.63,83.35
26.09,26.09,76.67,74.37,83.46
24.39,24.39,73.06,67.81,81.83
18.61,18.61,63.50,72.63,82.04
24.94,24.94,61.89,70.64,79.15
23.31,23.31,60.02,74.38,82.86
20.51,20.51,57.95,76.35,83.99
13.58,13.58,58.61,76.71,81.72
6.88,6.88,60.95,77.18,80.18
8.32,8.32,65.95,81.65,80.89
11.55,11.55,63.87,79.14,82.90
15.61,15.61,60.09,79.26,84.19
18.74,18.74,58.29,79.54,81.99
19.32,19.32,56.62,75.82,81.35
17.01,17.01,56.63,72.64,82.06
11.16,11.16,66.81,66.06,79.91
4.44,4.44,67.59,68.57,81.03
4.92,4.92,81.16,68.13,82.00
5.17,5.17,90.92,66.31,82.17
8.53,8.53,86.37,66.40,82.48
11.84,11.84,90.72,66.92,83.42
16.40,16.40,88.90,65.41,83.69
22.80,22.80,87.85,67.19,83.64
25.16,25.16,86.80,66.15,81.52
27.07,27.07,74.82,64.66,80.34
28.31,28.31,81.14,66.70,82.06
25.41,25.41,83.64,67.93,80.30
24.57,24.57,84.56,73.80,80.22
12.56,12.56,78.04,71.42,80.70
6.31,6.31,72.13,69.15,83.26
8.75,8.75,74.04,73.20,82.96
10.27,10.27,74.81,76.24,83.35
12.72,12.72,67.92,76.01,80.32
15.64,15.64,59.72,77.27,82.37
14.05,14.05,61.29,74.70,80.88
13.69,13.69,65.42,72.16,76.83
13.96,13.96,69.57,75.05,78.90
10.13,10.13,87.75,70.54,81.09
14.39,14.39,84.04,69.11,81.99
13.51,13.51,78.55,73.07,83.92
11.93,11.93,77.45,70.85,82.57
5.51,5.51,73.48,69.47,85.43
6.38,6.38,71.42,62.90,83.17
4.03,4.03,69.61,61.16,83.55
1.84,1.84,71.41,58.45,85.25
0.82,0.82,70.34,55.21,82.04
1.11,1.11,72.91,58.35,80.98
3.07,3.07,90.12,60.95,80.11
8.65,8.65,90.07,63.94,79.90
21.66,21.66,89.00,68.51,78.83
27.47,27.47,92.81,67.80,77.66
29.13,29.13,90.17,63.89,82.93
34.18,34.18,87.63,66.81,79.63
30.92,30.92,83.33,61.40,79.36
27.83,27.83,82.32,65.02,76.03
20.33,20.33,79.24,58.83,81.07
12.44,12.44,78.71,62.67,82.89
8.89,8.89,81.91,68.41,79.96
8.20,8.20,83.48,78.51,81.10
10.77,10.77,75.08,75.75,80.97
17.83,17.83,68.80,71.97,82.52
22.00,22.00,68.07,75.43,84.73
22.27,22.27,65.36,77.03,81.18
23.06,23.06,60.87,75.81,81.76
21.36,21.36,59.67,75.98,80.80
16.99,16.99,66.07,73.98,85.32
10.36,10.36,68.04,74.09,82.39
4.21,4.21,80.72,74.12,78.32
8.28,8.28,90.89,71.71,76.88
15.26,15.26,87.50,75.69,80.63
19.98,19.98,80.29,74.95,81.64
26.60,26.60,80.48,75.95,79.34
28.07,28.07,74.65,76.26,78.60
26.51,26.51,66.92,75.36,77.03
23.47,23.47,74.54,76.13,81.61
10.30,10.30,81.64,77.42,81.50
2.13,2.13,87.24,71.53,82.01
2.45,2.45,90.19,64.24,81.38
9.53,9.53,88.43,68.08,80.55
16.00,16.00,92.54,69.61,81.77
21.72,21.72,90.09,63.14,84.41
22.82,22.82,87.15,67.78,79.50
21.36,21.36,83.36,68.14,82.08
21.19,21.19,73.52,65.63,79.94
19.11,19.11,73.34,66.81,82.66
18.23,18.23,79.12,72.14,81.11
13.38,13.38,72.33,67.78,80.51
10.57,10.57,73.51,71.81,82.09
18.15,18.15,73.66,69.48,81.06
23.37,23.37,78.34,75.25,83.41
20.37,20.37,77.20,75.19,82.58
20.54,20.54,71.58,75.33,83.43
21.73,21.73,65.46,74.46,81.09
14.50,14.50,61.78,69.81,81.88
7.39,7.39,66.82,75.33,82.27
0.71,0.71,76.51,72.11,80.49
4.43,4.43,86.56,69.26,80.99
9.20,9.20,91.68,74.15,81.15
12.11,12.11,79.91,71.20,83.08
7.39,7.39,77.22,67.57,83.63
4.56,4.56,71.32,64.63,81.40
9.25,9.25,70.90,71.75,82.38
16.23,16.23,64.56,67.05,82.57
21.54,21.54,62.16,69.98,80.58
17.13,17.13,56.72,68.84,79.19
10.70,10.70,57.38,64.04,79.17
14.89,14.89,60.90,71.22,83.56
17.02,17.02,64.62,67.80,82.11
15.69,15.69,67.18,69.84,83.33
19.31,19.31,59.64,73.55,82.55
24.34,24.34,55.35,68.24,83.34
21.80,21.80,54.50,69.56,82.60
15.67,15.67,54.28,69.44,83.23
12.16,12.16,60.19,69.25,78.52
8.35,8.35,64.85,73.49,77.80
10.97,10.97,81.02,68.56,80.36
17.39,17.39,88.77,67.84,83.19
17.29,17.29,78.73,70.88,85.61
8.37,8.37,76.59,63.61,85.78
4.42,4.42,72.34,65.00,84.11
5.69,5.69,71.56,62.25,83.66
5.58,5.58,69.55,63.97,83.25
10.44,10.44,68.54,66.74,81.20
14.18,14.18,65.89,63.32,78.68
23.82,23.82,68.67,60.60,78.30
20.74,20.74,74.40,66.41,78.58
17.14,17.14,84.74,65.95,77.39
13.08,13.08,88.42,64.81,78.73
16.40,16.40,82.90,66.86,77.89
18.39,18.39,73.37,61.49,78.33
21.03,21.03,69.59,68.63,76.38
19.29,19.29,65.67,67.20,76.50
14.51,14.51,61.02,68.34,78.83
6.81,6.81,62.41,63.67,77.71
1.79,1.79,69.41,67.03,79.52
1.83,1.83,77.06,67.94,82.05
5.01,5.01,83.20,68.23,81.07
12.47,12.47,76.10,67.85,83.48
19.31,19.31,74.89,71.13,83.78
22.88,22.88,66.62,70.41,83.27
22.37,22.37,58.99,71.07,82.30
17.64,17.64,54.29,71.35,83.14
12.62,12.62,52.11,68.14,82.65
9.96,9.96,53.02,68.15,82.32
9.90,9.90,55.88,69.47,76.86
11.67,11.67,63.56,69.50,75.89
18.53,18.53,68.43,67.19,76.32
21.54,21.54,64.98,68.80,76.34
21.35,21.35,59.68,69.89,76.71
17.59,17.59,56.28,65.98,72.33
19.59,19.59,57.81,66.90,77.27
23.13,23.13,55.38,70.44,77.23
24.43,24.43,60.85,67.27,76.21
18.09,18.09,64.38,61.07,78.09
7.67,7.67,75.28,66.13,77.92
3.47,3.47,90.05,62.44,80.40
5.21,5.21,87.94,60.80,81.49
14.10,14.10,80.38,65.79,81.00
19.48,19.48,79.67,65.26,81.91
19.99,19.99,72.97,58.77,80.33
21.94,21.94,63.60,66.72,81.82
24.87,24.87,66.50,71.25,81.22
25.33,25.33,61.65,65.97,79.05
22.88,22.88,65.96,67.47,81.27
17.99,17.99,67.79,68.69,81.00
9.18,9.18,72.82,74.18,83.56
8.31,8.31,70.29,73.47,81.46
10.88,10.88,66.88,71.91,81.49
14.54,14.54,65.39,74.74,82.62
15.49,15.49,62.59,72.99,81.19
14.95,14.95,60.94,72.95,82.10
14.26,14.26,61.80,68.77,80.30
11.10,11.10,64.38,69.49,77.70
4.86,4.86,74.90,61.33,76.97
1.45,1.45,86.53,65.35,78.89
2.07,2.07,91.42,67.91,80.73
9.29,9.29,84.33,71.46,83.22
14.30,14.30,91.82,69.40,83.75
22.51,22.51,89.96,65.71,83.81
25.53,25.53,88.23,66.81,82.49
27.70,27.70,82.26,67.07,82.32
22.37,22.37,70.99,66.29,81.33
20.49,20.49,76.69,70.31,77.12
16.57,16.57,74.98,69.76,74.27
10.87,10.87,73.40,72.05,81.35
9.08,9.08,77.11,70.23,80.52
11.53,11.53,76.05,72.60,81.90
13.79,13.79,78.30,69.51,81.35
15.42,15.42,75.57,73.14,80.72
16.62,16.62,69.91,74.70,83.70
14.01,14.01,64.13,72.58,78.64
12.81,12.81,61.79,72.72,76.17
9.82,9.82,71.85,73.81,75.74
6.20,6.20,81.07,70.77,78.48
12.51,12.51,89.40,67.08,81.15
16.31,16.31,82.45,71.00,82.18
16.22,16.22,81.83,71.76,83.78
1.32,1.32,75.92,71.27,83.21
4.45,4.45,75.16,71.01,82.85
4.66,4.66,71.08,66.05,80.88
2.99,2.99,70.30,67.93,79.68
0.98,0.98,72.17,68.44,76.83
0.03,0.03,69.45,67.92,76.55
2.72,2.72,81.42,67.78,76.76
5.62,5.62,92.53,66.37,73.09
11.82,11.82,89.56,64.09,76.12
11.47,11.47,90.65,64.64,76.34
14.22,14.22,86.93,65.76,77.55
19.19,19.19,81.78,64.25,78.29
16.71,16.71,73.51,64.52,75.84
13.36,13.36,72.10,65.35,75.36
10.47,10.47,70.97,60.98,73.60
7.52,7.52,74.02,61.69,77.05
6.84,6.84,90.23,63.07,80.25
10.61,10.61,89.59,65.99,80.07
14.98,14.98,86.01,68.26,81.19
17.17,17.17,84.98,70.13,82.95
17.77,17.77,84.92,72.74,82.96
15.85,15.85,83.34,66.25,81.45
14.75,14.75,84.14,71.14,81.04
13.35,13.35,81.78,71.40,80.49
11.12,11.12,84.45,72.89,77.37
7.44,7.44,84.08,68.65,77.38
5.66,5.66,86.27,73.87,75.53
11.46,11.46,86.87,66.80,76.97
7.68,7.68,87.22,76.36,73.52
8.16,8.16,83.74,72.34,76.49
4.10,4.10,83.75,70.48,76.51
3.17,3.17,86.20,68.88,75.12
6.77,6.77,87.44,64.33,72.74
9.00,9.00,87.81,68.23,75.67
5.04,5.04,85.48,64.78,75.14
1.71,1.71,83.34,61.33,77.88
5.80,5.80,89.64,62.33,79.22
10.12,10.12,86.69,62.13,77.83
12.83,12.83,88.65,65.08,80.39
12.50,12.50,89.03,66.72,80.48
12.83,12.83,88.51,66.96,81.38
15.30,15.30,82.97,71.67,79.66
15.23,15.23,84.90,70.73,81.09
14.31,14.31,78.60,68.60,82.12
12.53,12.53,77.38,69.66,80.02
9.05,9.05,76.92,74.60,78.74
6.74,6.74,76.11,76.79,78.47
4.94,4.94,78.44,74.67,80.93
7.37,7.37,73.79,77.37,82.40
10.45,10.45,72.56,80.10,80.34
10.16,10.16,74.28,78.48,81.67
9.00,9.00,71.71,76.83,80.25
5.18,5.18,76.44,78.02,81.76
2.85,2.85,77.66,77.01,76.48
3.23,3.23,74.50,76.19,75.84
10.66,10.66,73.50,79.08,78.08
11.45,11.45,74.80,81.76,82.57
7.02,7.02,69.86,83.12,82.89
5.99,5.99,63.52,83.59,83.18
8.85,8.85,65.58,83.71,82.14
13.24,13.24,58.36,83.11,82.28
17.40,17.40,68.30,80.98,82.00
20.38,20.38,70.53,78.76,78.38
16.41,16.41,71.53,80.03,75.36
8.09,8.09,67.36,76.71,73.86
4.10,4.10,70.01,75.31,78.66
0.52,0.52,73.72,78.60,80.23
-0.00,-0.00,70.69,79.29,80.74
-0.00,-0.00,66.72,79.53,81.66
1.70,1.70,73.08,77.86,81.60
6.21,6.21,74.42,79.82,80.89
8.69,8.69,71.51,79.46,81.13
9.81,9.81,68.89,77.67,73.23
4.54,4.54,65.97,78.48,73.14
1.69,1.69,72.45,79.12,74.49
8.17,8.17,89.52,76.47,81.81
12.69,12.69,86.07,74.37,80.97
13.99,13.99,80.55,74.32,81.92
6.14,6.14,76.63,75.04,81.57
3.71,3.71,74.89,73.21,81.81
4.22,4.22,70.95,71.11,81.07
2.46,2.46,70.04,69.43,82.14
5.15,5.15,69.94,69.83,82.25
11.95,11.95,69.19,70.56,78.22
14.45,14.45,74.52,65.80,74.24
11.63,11.63,78.13,62.06,76.64
14.31,14.31,88.17,64.45,71.74
18.11,18.11,86.47,68.84,74.37
15.16,15.16,74.62,71.16,73.94
15.08,15.08,77.64,71.56,74.80
17.43,17.43,72.38,71.53,71.36
19.35,19.35,60.38,71.66,71.71
13.93,13.93,56.57,72.33,73.80
7.79,7.79,60.07,72.11,75.24
5.06,5.06,70.19,75.81,80.68
3.35,3.35,71.06,75.89,81.87
5.89,5.89,67.04,80.90,82.16
9.00,9.00,60.65,82.94,82.31
12.08,12.08,56.21,83.61,82.17
14.81,14.81,50.57,84.28,81.99
14.57,14.57,48.90,84.52,81.88
14.93,14.93,55.29,83.85,82.64
15.24,15.24,51.80,83.40,76.04
20.86,20.86,47.17,83.13,74.86
21.54,21.54,48.32,83.33,74.79
23.46,23.46,53.91,84.66,73.56
23.31,23.31,65.05,83.86,74.29
17.34,17.34,60.57,82.99,74.20
16.63,16.63,55.63,82.69,73.87
14.72,14.72,52.38,82.21,72.80
19.59,19.59,48.19,82.09,73.72
26.80,26.80,50.95,81.83,76.18
22.45,22.45,58.37,82.19,75.69
10.58,10.58,68.54,79.96,75.22
3.28,3.28,82.05,76.59,76.70
0.64,0.64,90.43,73.46,79.66
1.83,1.83,88.03,72.94,80.03
3.09,3.09,83.87,70.92,79.84
4.74,4.74,78.80,68.59,80.39
9.15,9.15,72.64,63.36,78.95
12.95,12.95,65.18,71.21,80.08
15.33,15.33,59.34,73.29,79.73
16.95,16.95,63.05,71.57,80.51
17.43,17.43,62.94,73.44,75.22
17.67,17.67,64.37,78.81,79.09
16.94,16.94,65.15,79.86,83.29
12.23,12.23,62.80,79.72,81.38
11.02,11.02,57.50,76.96,81.30
17.16,17.16,53.09,76.24,82.26
18.01,18.01,53.81,74.61,81.68
18.70,18.70,54.71,71.97,80.17
12.91,12.91,60.81,67.36,74.42
6.45,6.45,67.99,67.98,74.19
0.94,0.94,80.45,64.11,78.02
1.06,1.06,90.00,62.56,80.11
6.89,6.89,89.25,64.29,79.85
11.46,11.46,91.70,67.67,81.04
16.71,16.71,91.89,68.87,80.48
21.96,21.96,91.11,69.35,80.98
26.17,26.17,89.54,70.09,82.41
25.79,25.79,81.95,68.71,82.25
21.05,21.05,78.16,72.50,75.66
12.89,12.89,82.00,69.24,72.58
3.55,3.55,83.18,69.50,76.85
1.66,1.66,79.02,70.59,82.33
1.88,1.88,77.29,70.07,81.26
1.53,1.53,74.91,65.46,81.01
1.09,1.09,73.17,66.74,82.58
4.01,4.01,70.95,68.57,82.82
2.89,2.89,65.21,65.20,80.29
1.59,1.59,58.67,63.72,74.72
4.77,4.77,63.45,65.26,72.21
1.52,1.52,67.80,62.58,73.07
8.05,8.05,86.74,60.39,79.49
15.49,15.49,86.81,55.19,82.51
18.99,18.99,80.28,53.29,82.74
13.12,13.12,77.35,56.83,85.77
3.96,3.96,75.39,66.40,83.86
6.65,6.65,73.14,70.24,81.45
3.47,3.47,70.09,70.74,82.25
2.54,2.54,70.91,70.09,78.03
5.73,5.73,71.39,68.56,76.25
8.64,8.64,73.94,68.31,76.10
8.11,8.11,89.10,64.53,76.64
13.84,13.84,91.64,59.24,74.04
16.05,16.05,87.90,60.81,73.59
15.99,15.99,92.34,58.54,71.88
18.68,18.68,90.72,59.35,73.70
20.53,20.53,87.82,59.55,72.17
19.94,19.94,84.79,59.43,71.14
14.63,14.63,82.75,68.22,73.48
8.50,8.50,81.15,66.33,74.59
3.86,3.86,77.60,70.17,75.30
1.50,1.50,80.40,78.62,81.29
1.05,1.05,80.69,81.88,81.57
5.05,5.05,75.27,80.77,81.66
8.41,8.41,73.10,79.50,82.34
12.93,12.93,69.28,79.60,82.64
12.54,12.54,65.38,79.41,81.46
8.82,8.82,60.54,77.10,81.77
3.86,3.86,57.10,76.13,81.87
6.65,6.65,65.03,76.63,79.13
6.96,6.96,68.27,75.69,67.84
11.13,11.13,80.56,70.60,73.51
18.10,18.10,89.99,61.85,69.99
25.20,25.20,87.40,66.10,71.74
28.91,28.91,76.67,71.08,71.79
27.42,27.42,76.38,71.05,70.97
20.49,20.49,66.31,71.93,72.07
18.36,18.36,63.68,71.66,70.66
13.14,13.14,70.12,75.90,73.52
5.49,5.49,73.95,77.92,75.70
3.68,3.68,83.67,74.67,79.36
0.45,0.45,90.58,65.50,76.46
2.60,2.60,87.63,71.10,79.35
6.16,6.16,92.77,72.34,77.32
10.16,10.16,90.47,64.14,78.48
20.67,20.67,87.88,72.32,79.12
28.43,28.43,83.85,75.29,78.77
26.77,26.77,77.29,72.50,79.68
15.21,15.21,84.23,72.75,79.80
9.24,9.24,83.54,77.00,80.19
5.48,5.48,81.64,76.27,76.28
8.90,8.90,81.94,81.24,80.66
13.02,13.02,75.97,74.80,82.25
12.49,12.49,64.55,76.05,81.70
13.67,13.67,68.82,78.29,79.90
16.46,16.46,64.65,78.78,81.69
11.93,11.93,55.40,76.71,81.27
6.55,6.55,61.32,78.38,81.89
3.98,3.98,64.47,75.48,76.04
1.62,1.62,71.31,74.06,76.97
3.02,3.02,87.57,75.31,77.00
0.25,0.25,91.01,73.56,79.25
5.43,5.43,78.51,65.18,80.87
10.55,10.55,73.17,68.21,80.88
14.99,14.99,78.38,69.06,78.52
15.03,15.03,70.98,71.65,80.29
15.05,15.05,62.51,73.03,80.34
18.20,18.20,64.99,73.79,78.72
19.14,19.14,59.78,69.10,76.81
17.01,17.01,53.23,70.17,74.27
9.29,9.29,60.33,64.40,79.67
0.79,0.79,64.46,70.30,80.79
-0.00,-0.00,67.41,72.86,81.81
1.35,1.35,58.95,75.24,81.25
4.01,4.01,51.12,74.18,80.79
10.68,10.68,50.69,71.38,79.78
9.96,9.96,51.37,72.65,74.95
5.99,5.99,59.13,70.01,73.85
0.27,0.27,65.21,70.07,74.27
7.03,7.03,80.88,68.75,77.54
17.52,17.52,89.38,68.66,80.54
17.44,17.44,82.53,63.59,83.00
11.68,11.68,79.05,64.47,81.86
2.06,2.06,76.37,70.93,81.54
1.22,1.22,74.64,67.51,82.31
2.21,2.21,70.66,69.28,82.21
0.55,0.55,71.94,73.07,81.34
6.47,6.47,70.62,69.21,75.89
12.14,12.14,67.69,67.34,73.97
13.86,13.86,73.54,70.99,75.91
24.39,24.39,81.33,75.22,76.49
26.51,26.51,90.43,73.34,73.85
22.37,22.37,81.75,68.98,74.61
12.87,12.87,73.60,65.74,72.48
12.33,12.33,73.60,65.68,74.42
15.15,15.15,62.05,62.66,72.65
18.72,18.72,64.37,68.47,74.09
19.22,19.22,59.81,71.01,74.74
9.95,9.95,64.84,68.73,75.43
4.87,4.87,65.85,70.85,80.46
2.84,2.84,68.27,77.10,81.16
6.57,6.57,61.79,65.66,81.88
13.07,13.07,55.52,68.72,83.40
14.19,14.19,51.52,66.76,81.55
17.06,17.06,49.03,73.65,81.55
17.07,17.07,44.55,69.36,82.27
14.86,14.86,43.19,73.81,82.39
12.10,12.10,46.20,78.06,81.14
14.72,14.72,53.02,75.78,74.46
23.81,23.81,60.71,75.66,72.84
26.39,26.39,66.88,77.00,73.04
23.53,23.53,63.29,78.02,71.81
20.05,20.05,56.88,76.87,75.55
18.28,18.28,51.27,79.37,73.11
21.81,21.81,48.52,75.29,73.13
21.39,21.39,48.71,78.38,75.27
19.65,19.65,56.37,75.22,76.58
14.78,14.78,59.59,80.91,76.84
4.23,4.23,72.65,77.11,77.01
2.32,2.32,89.13,78.38,78.82
3.16,3.16,87.35,73.31,77.58
9.11,9.11,80.64,74.98,81.00
13.82,13.82,76.68,74.77,81.67
15.61,15.61,72.14,72.30,80.22
15.73,15.73,62.26,69.91,80.97
15.33,15.33,61.22,73.96,80.28
16.78,16.78,58.72,67.66,80.82
17.52,17.52,56.61,68.27,80.45
11.23,11.23,60.46,77.98,73.87
5.61,5.61,59.22,78.82,82.17
4.95,4.95,67.09,82.66,81.24
10.15,10.15,61.16,76.03,81.79
17.06,17.06,56.20,81.57,82.13
20.54,20.54,52.21,73.82,82.69
19.28,19.28,50.54,71.58,81.35
17.78,17.78,57.81,66.84,79.51
13.81,13.81,60.51,70.75,76.67
12.38,12.38,70.10,63.40,76.10
8.93,8.93,88.71,69.48,78.40
3.99,3.99,92.12,66.02,78.80
8.71,8.71,83.85,66.45,81.22
14.47,14.47,91.45,66.12,79.23
23.51,23.51,91.35,69.30,79.79
26.43,26.43,91.56,68.79,80.73
26.71,26.71,83.19,71.22,80.38
21.86,21.86,83.66,71.87,77.39
18.49,18.49,84.37,71.04,76.11
13.08,13.08,80.85,70.38,77.42
5.50,5.50,77.85,67.24,77.20
0.94,0.94,76.53,70.79,79.83
1.54,1.54,70.63,64.56,80.23
2.83,2.83,72.49,65.35,81.03
1.81,1.81,72.16,76.50,81.57
1.62,1.62,66.79,74.18,80.53
2.15,2.15,60.36,73.23,81.06
1.68,1.68,60.55,75.48,79.57
4.51,4.51,67.78,73.43,75.94
5.34,5.34,74.64,72.40,78.31
9.49,9.49,90.72,68.05,81.60
15.52,15.52,82.52,67.66,82.77
12.27,12.27,80.07,69.97,81.61
4.66,4.66,75.47,73.50,83.79
2.44,2.44,75.03,67.47,82.92
1.29,1.29,70.59,69.16,81.53
0.58,0.58,69.81,68.59,82.65
0.27,0.27,73.27,62.04,81.21
0.72,0.72,71.91,65.82,75.94
4.90,4.90,80.67,64.01,75.90
5.93,5.93,90.95,66.90,72.16
10.44,10.44,83.98,69.06,75.47
12.06,12.06,91.40,66.93,73.85
20.38,20.38,89.76,71.18,74.95
22.88,22.88,90.07,73.39,75.78
19.95,19.95,89.35,71.01,74.67
13.32,13.32,80.44,70.25,72.17
13.28,13.28,78.38,67.19,76.04
11.14,11.14,78.21,70.44,77.97
10.15,10.15,84.07,72.05,79.52
7.48,7.48,86.59,74.30,81.70
9.42,9.42,77.41,75.64,79.71
8.07,8.07,73.72,72.93,80.71
3.69,3.69,74.63,80.40,80.99
6.04,6.04,67.34,75.59,81.40
12.21,12.21,56.27,77.92,81.66
17.76,17.76,54.30,75.32,80.69
15.06,15.06,63.61,78.50,81.63
7.08,7.08,68.88,75.87,80.34
5.66,5.66,78.69,75.13,76.20
9.94,9.94,89.24,75.34,74.36
13.26,13.26,87.40,71.41,75.81
9.88,9.88,81.52,72.22,75.69
10.60,10.60,73.16,70.33,73.95
13.63,13.63,66.12,74.86,71.34
12.98,12.98,59.13,73.33,71.97
11.48,11.48,64.58,74.82,74.89
5.50,5.50,69.55,69.41,77.20
2.16,2.16,73.22,69.90,77.64
4.13,4.13,90.27,59.43,75.04
10.94,10.94,87.33,63.10,78.77
15.75,15.75,89.00,64.23,79.89
18.22,18.22,90.22,63.44,81.00
17.99,17.99,87.86,59.51,80.55
18.72,18.72,85.00,63.72,80.05
19.32,19.32,75.98,67.81,79.61
19.31,19.31,75.55,65.21,81.59
18.53,18.53,78.15,75.56,79.21
16.25,16.25,81.20,78.08,78.79
9.96,9.96,79.03,78.85,77.64
7.49,7.49,65.10,77.98,78.48
17.46,17.46,73.62,78.29,78.12
22.85,22.85,76.00,79.06,79.55
20.93,20.93,71.18,79.83,79.13
17.91,17.91,65.74,74.45,78.98
19.00,19.00,61.56,72.71,78.71
22.10,22.10,59.18,73.31,81.18
16.64,16.64,58.15,71.19,80.16
9.49,9.49,65.77,77.63,78.86
14.85,14.85,68.44,71.79,78.52
22.56,22.56,64.68,76.29,80.97
24.72,24.72,59.20,77.83,81.76
21.63,21.63,54.31,80.33,81.93
17.34,17.34,50.58,79.80,80.33
15.00,15.00,48.14,79.47,81.86
18.50,18.50,47.15,79.66,80.77
18.01,18.01,49.28,81.48,82.01
15.95,15.95,49.37,79.41,77.53
8.02,8.02,54.99,79.94,75.93
9.11,9.11,65.61,80.95,81.13
16.00,16.00,65.92,78.86,81.22
18.38,18.38,60.95,79.66,81.73
20.39,20.39,55.62,79.69,82.09
24.49,24.49,51.54,78.40,81.76
29.65,29.65,52.11,80.08,81.45
29.17,29.17,56.60,77.36,76.41
20.90,20.90,65.39,76.57,78.84
18.93,18.93,70.42,79.82,77.86
15.46,15.46,88.03,77.17,80.50
17.87,17.87,85.37,74.71,80.37
14.79,14.79,79.40,69.80,81.91
18.21,18.21,76.46,65.47,84.07
22.39,22.39,73.95,67.94,83.93
23.79,23.79,70.08,65.15,83.55
22.03,22.03,69.45,65.89,83.01
17.29,17.29,71.18,69.18,84.32
15.53,15.53,68.11,68.36,78.09
15.19,15.19,69.31,72.79,77.48
8.04,8.04,76.75,77.43,77.19
10.52,10.52,86.38,76.81,76.77
18.97,18.97,88.40,73.51,79.56
23.78,23.78,80.29,72.98,76.30
26.67,26.67,82.38,70.05,78.12
24.62,24.62,71.91,69.13,77.20
24.26,24.26,67.43,68.79,79.98
28.00,28.00,61.58,67.58,77.97
25.28,25.28,67.07,69.21,75.18
22.62,22.62,69.02,69.81,79.34
21.75,21.75,79.76,77.39,81.39
30.26,30.26,71.68,72.61,82.82
31.74,31.74,65.16,75.03,81.15
25.78,25.78,59.27,75.96,81.13
20.42,20.42,56.25,75.67,81.35
20.80,20.80,53.42,73.24,83.98
24.51,24.51,51.64,73.45,82.00
27.37,27.37,52.64,73.13,80.25
28.15,28.15,55.52,73.62,80.02
23.73,23.73,54.82,70.95,80.55
22.30,22.30,58.24,75.33,81.97
26.65,26.65,66.49,70.92,80.82
30.56,30.56,62.95,72.78,76.75
29.98,29.98,59.49,74.61,79.56
28.91,28.91,58.15,72.47,82.04
30.22,30.22,56.14,75.25,81.94
25.59,25.59,55.47,74.89,79.74
25.09,25.09,60.18,73.50,77.24
22.23,22.23,68.22,74.26,83.19
18.07,18.07,78.65,75.47,83.52
19.95,19.95,90.82,71.87,81.94
26.53,26.53,84.51,70.57,80.87
25.48,25.48,78.02,70.34,80.96
27.44,27.44,76.67,66.63,84.30
25.71,25.71,64.00,66.90,83.81
25.12,25.12,65.38,68.96,82.31
25.06,25.06,60.70,67.75,81.24
28.87,28.87,55.41,69.11,81.79
34.19,34.19,62.20,73.81,84.37
25.65,25.65,66.08,80.15,81.86
20.93,20.93,68.34,81.09,81.64
18.68,18.68,64.76,81.87,81.33
20.16,20.16,60.20,79.52,84.28
19.78,19.78,58.26,78.66,84.30
17.85,17.85,56.70,75.48,82.97
20.18,20.18,58.47,74.44,81.75
27.14,27.14,62.38,74.93,81.60
33.77,33.77,67.10,67.25,82.13
32.10,32.10,78.05,71.09,82.01
22.17,22.17,90.08,66.88,81.02
16.96,16.96,88.10,69.76,81.15
15.86,15.86,91.91,68.84,81.36
14.97,14.97,91.37,68.32,81.63
15.71,15.71,89.84,69.61,80.33
16.58,16.58,85.24,71.66,82.97
19.23,19.23,79.07,69.67,81.27
20.96,20.96,82.76,68.68,79.77
20.23,20.23,83.05,69.71,82.45
14.18,14.18,82.08,68.35,80.94
5.66,5.66,75.56,67.69,83.03
9.82,9.82,76.71,69.77,82.11
14.97,14.97,74.84,70.50,83.40
18.20,18.20,72.67,77.65,84.17
21.93,21.93,66.84,71.62,81.16
24.74,24.74,62.68,72.83,83.15
22.15,22.15,61.84,73.35,79.72
12.88,12.88,65.45,72.11,79.17
13.61,13.61,69.33,71.75,81.75
14.61,14.61,84.20,72.44,80.56
17.32,17.32,86.60,69.57,82.58
12.50,12.50,81.04,65.86,80.94
9.91,9.91,79.10,63.43,83.44
6.19,6.19,75.70,63.69,84.18
6.64,6.64,73.32,63.10,83.76
4.92,4.92,71.69,62.40,82.16
1.75,1.75,72.91,65.53,82.71
7.18,7.18,70.80,60.41,83.36
12.71,12.71,71.36,58.84,80.11
17.45,17.45,88.05,63.85,79.30
17.12,17.12,91.08,59.21,76.42
19.43,19.43,82.33,59.96,77.92
25.67,25.67,90.95,66.15,80.13
23.72,23.72,89.61,61.88,78.43
26.81,26.81,88.65,64.12,80.04
26.11,26.11,83.12,60.96,79.24
28.00,28.00,82.39,57.78,79.52
23.71,23.71,81.87,68.87,79.16
19.93,19.93,77.17,68.92,78.73
13.66,13.66,75.13,69.22,81.28
16.44,16.44,76.50,77.03,82.86
22.73,22.73,78.43,79.81,83.88
21.57,21.57,75.56,73.27,82.23
20.41,20.41,68.48,73.48,82.23
25.63,25.63,64.19,69.65,82.35
28.31,28.31,60.40,71.07,82.04
22.63,22.63,57.50,77.60,82.66
20.68,20.68,64.59,71.81,81.25
8.55,8.55,68.67,72.61,81.36
13.47,13.47,78.34,73.87,81.78
18.15,18.15,90.77,73.77,78.96
21.93,21.93,88.04,75.79,77.87
20.84,20.84,69.21,75.69,77.08
26.14,26.14,75.52,76.04,83.14
27.89,27.89,65.00,68.07,80.84
27.89,27.89,68.58,72.46,79.81
27.11,27.11,66.83,73.65,78.27
15.37,15.37,75.55,74.67,79.47
11.94,11.94,80.76,71.90,82.40
12.64,12.64,91.29,67.14,79.92
19.36,19.36,86.18,65.11,80.57
28.50,28.50,93.60,66.73,75.11
24.32,24.32,89.42,70.22,82.27
24.64,24.64,88.17,75.20,84.24
25.63,25.63,82.73,71.02,81.70
27.13,27.13,75.92,72.45,80.34
27.34,27.34,77.06,71.83,79.85
24.54,24.54,81.07,72.23,82.67
19.80,19.80,83.41,73.17,83.80
20.08,20.08,82.86,73.42,80.34
26.87,26.87,83.62,75.59,81.40
30.93,30.93,79.51,71.53,80.20
31.96,31.96,74.32,76.77,82.46
27.93,27.93,62.40,74.28,83.70
20.96,20.96,55.55,74.65,83.16
22.10,22.10,58.46,74.79,79.44
16.96,16.96,69.49,77.53,80.61
3.67,3.67,77.42,77.53,81.83
5.57,5.57,88.14,75.07,82.82
2.79,2.79,90.54,75.47,81.94
6.85,6.85,84.66,73.32,82.40
11.87,11.87,82.94,72.63,82.20
12.07,12.07,66.57,72.72,83.60
14.63,14.63,71.24,72.75,83.22
20.98,20.98,72.40,74.86,81.70
26.62,26.62,65.50,73.24,77.63
22.32,22.32,55.10,72.23,80.44
15.08,15.08,54.08,71.26,80.36
11.45,11.45,59.46,73.39,83.10
13.23,13.23,62.81,68.89,84.68
15.77,15.77,67.58,72.49,83.13
15.15,15.15,60.81,74.25,83.47
16.85,16.85,55.35,72.65,84.86
20.76,20.76,53.82,73.28,83.14
21.60,21.60,54.79,71.11,82.63
19.01,19.01,60.87,70.92,79.50
13.26,13.26,66.38,65.27,80.54
12.12,12.12,81.03,62.93,80.04
18.27,18.27,88.36,71.09,83.03
13.40,13.40,81.80,67.53,83.56
12.55,12.55,79.17,65.06,84.04
15.74,15.74,73.82,62.71,83.13
13.09,13.09,73.33,67.63,84.03
7.66,7.66,72.22,67.24,84.79
5.64,5.64,72.28,63.44,82.20
11.47,11.47,70.26,67.64,81.27
12.75,12.75,69.44,67.06,79.22
12.59,12.59,72.05,63.06,76.99
9.97,9.97,82.30,66.73,78.48
13.92,13.92,89.00,66.57,76.99
15.75,15.75,83.23,64.72,80.01
19.52,19.52,72.87,65.90,77.21
25.41,25.41,69.69,66.10,78.65
26.74,26.74,64.27,68.77,76.46
22.72,22.72,65.30,68.30,77.63
17.71,17.71,57.41,69.66,79.42
11.05,11.05,64.16,73.36,77.99
5.84,5.84,67.42,78.49,80.96
9.60,9.60,69.38,76.38,82.70
18.11,18.11,62.77,74.78,82.67
27.04,27.04,59.22,76.66,83.08
30.66,30.66,56.62,78.19,81.32
27.91,27.91,54.72,77.28,82.61
24.58,24.58,52.50,76.94,81.79
21.44,21.44,53.68,80.39,82.48
16.68,16.68,54.27,78.37,82.81
14.03,14.03,56.56,79.28,78.98
17.37,17.37,62.57,80.22,77.71
21.13,21.13,67.83,79.90,77.01
22.16,22.16,64.49,80.89,78.05
26.66,26.66,61.31,80.69,76.67
29.56,29.56,57.59,80.36,78.06
27.34,27.34,57.21,80.46,77.08
25.11,25.11,55.01,79.80,77.20
19.92,19.92,58.14,81.12,78.36
13.43,13.43,64.66,77.99,79.06
9.63,9.63,69.62,79.43,79.64
10.80,10.80,88.21,77.26,77.64
14.22,14.22,89.78,72.83,79.76
19.42,19.42,84.41,68.80,80.13
20.45,20.45,83.06,74.37,79.68
24.13,24.13,72.93,71.77,82.36
24.85,24.85,58.21,73.04,79.19
22.30,22.30,59.54,74.11,81.26
20.71,20.71,58.90,72.99,80.20
18.06,18.06,60.95,73.36,79.81
16.46,16.46,67.98,74.84,82.20
17.11,17.11,63.14,76.20,83.43
17.33,17.33,70.53,78.36,80.78
24.36,24.36,64.52,79.71,81.89
24.41,24.41,60.71,75.24,80.89
18.65,18.65,60.95,77.94,81.72
17.83,17.83,54.46,70.76,79.71
18.53,18.53,60.87,70.36,79.67
16.80,16.80,64.63,72.14,75.93
11.08,11.08,67.64,65.05,75.20
3.56,3.56,88.32,71.06,79.54
0.30,0.30,90.23,70.36,78.53
2.51,2.51,80.91,68.44,81.34
5.31,5.31,91.57,67.74,80.68
10.60,10.60,92.90,70.18,79.53
14.42,14.42,89.66,70.39,81.92
16.70,16.70,79.79,65.46,82.81
13.48,13.48,77.93,66.81,80.22
10.09,10.09,84.25,67.05,73.60
4.70,4.70,84.59,68.28,74.09
3.46,3.46,81.85,66.32,79.92
5.85,5.85,82.84,69.21,82.64
6.26,6.26,81.67,66.89,83.63
5.75,5.75,77.81,68.60,83.08
7.68,7.68,70.84,70.21,81.76
14.23,14.23,62.29,73.63,82.65
15.34,15.34,58.81,72.90,79.94
14.08,14.08,65.20,75.27,74.06
18.37,18.37,70.40,74.08,75.40
21.03,21.03,79.64,73.05,78.57
15.11,15.11,84.69,75.26,80.35
11.28,11.28,85.05,80.98,82.11
11.22,11.22,80.98,79.80,81.04
2.28,2.28,78.36,80.82,81.43
5.46,5.46,77.53,80.78,83.59
4.68,4.68,73.43,78.36,82.19
5.93,5.93,71.35,80.11,79.59
2.85,2.85,73.42,74.08,76.43
1.56,1.56,75.66,75.95,77.52
7.84,7.84,83.19,71.39,76.87
12.26,12.26,90.01,69.15,77.00
14.91,14.91,92.34,66.13,76.43
17.78,17.78,90.50,67.14,75.56
19.08,19.08,83.36,71.10,78.03
21.94,21.94,81.54,68.89,76.52
19.82,19.82,82.31,68.56,78.45
15.75,15.75,71.41,63.34,76.33
11.38,11.38,73.97,70.54,77.88
9.02,9.02,75.34,69.04,77.02
8.62,8.62,87.12,68.50,77.88
8.60,8.60,85.50,75.18,80.60
10.86,10.86,85.44,73.11,80.21
12.15,12.15,84.95,76.62,82.96
15.90,15.90,84.23,77.98,81.54
20.82,20.82,84.89,72.98,82.98
18.53,18.53,83.73,81.31,81.23
13.14,13.14,83.01,74.70,81.83
10.11,10.11,79.84,77.71,79.53
5.53,5.53,82.87,79.87,74.97
6.36,6.36,86.61,79.89,78.34
9.71,9.71,83.87,73.32,78.11
9.87,9.87,85.52,78.66,76.95
6.89,6.89,85.89,78.69,77.35
13.49,13.49,84.74,79.26,77.30
19.35,19.35,86.03,77.40,78.28
19.43,19.43,87.84,75.65,76.90
15.59,15.59,85.89,79.67,77.80
14.08,14.08,85.00,74.63,76.97
9.95,9.95,83.43,73.83,80.31
5.28,5.28,87.63,69.52,79.93
5.26,5.26,89.21,60.12,79.80
14.56,14.56,86.43,68.04,81.56
18.57,18.57,90.09,70.00,79.90
17.75,17.75,89.42,70.27,80.93
15.67,15.67,84.00,74.15,80.65
15.52,15.52,85.16,75.91,81.12
14.58,14.58,75.69,76.52,79.27
13.88,13.88,78.01,74.39,80.59
9.47,9.47,75.88,75.19,80.68
6.97,6.97,71.90,76.50,77.60
7.18,7.18,80.91,74.11,81.47
15.31,15.31,73.94,75.27,80.93
21.54,21.54,71.51,76.96,82.45
19.87,19.87,65.49,78.21,82.35
12.97,12.97,70.21,80.44,82.02
14.16,14.16,74.54,81.48,82.33
9.31,9.31,75.53,82.31,79.10
7.99,7.99,74.75,81.43,77.32
7.73,7.73,71.18,81.48,78.81
2.87,2.87,74.99,85.63,81.58
3.64,3.64,74.23,85.92,80.36
10.52,10.52,63.37,85.07,82.82
14.88,14.88,61.22,83.99,81.71
17.06,17.06,61.25,83.73,82.84
18.01,18.01,63.43,83.55,81.93
22.30,22.30,71.49,83.68,79.42
19.33,19.33,72.14,82.06,74.30
15.05,15.05,69.80,79.80,75.28
7.16,7.16,68.51,78.55,77.41
2.54,2.54,72.82,80.10,82.82
0.09,0.09,72.76,79.96,82.33
0.44,0.44,69.68,77.61,82.42
5.20,5.20,69.28,77.48,82.88
9.68,9.68,72.79,77.87,82.35
10.79,10.79,71.48,77.25,82.97
7.78,7.78,70.29,76.45,76.52
2.52,2.52,65.55,73.14,74.30
3.69,3.69,68.78,72.18,75.12
6.52,6.52,88.04,73.86,80.63
18.13,18.13,84.91,75.44,83.87
13.87,13.87,80.46,74.30,83.48
8.66,8.66,75.32,68.12,84.18
5.98,5.98,73.74,69.16,84.40
2.55,2.55,71.62,70.88,83.33
1.57,1.57,68.09,71.13,81.90
2.43,2.43,70.89,70.63,81.25
2.50,2.50,67.97,70.92,79.12
1.92,1.92,70.51,66.80,74.61
4.46,4.46,73.87,71.22,75.48
8.29,8.29,87.39,71.12,74.03
13.22,13.22,86.54,73.44,74.77
14.53,14.53,77.48,73.22,72.76
15.16,15.16,78.56,73.03,73.11
16.11,16.11,77.39,71.31,72.32
16.13,16.13,71.33,69.54,74.70
13.67,13.67,68.92,71.01,75.65
9.79,9.79,63.55,73.96,76.83
3.95,3.95,71.80,78.34,78.70
2.09,2.09,83.08,81.44,79.68
2.91,2.91,75.60,80.51,82.48
10.29,10.29,67.96,80.81,81.19
14.75,14.75,57.17,79.93,81.16
13.17,13.17,53.64,79.85,81.45
14.58,14.58,49.28,78.00,80.52
17.59,17.59,49.84,73.86,82.27
18.55,18.55,46.09,69.54,77.72
16.02,16.02,46.33,68.31,73.66
8.88,8.88,47.40,70.40,74.44
4.18,4.18,52.70,71.40,74.36
2.96,2.96,65.17,70.35,76.23
2.90,2.90,61.54,68.71,75.58
5.93,5.93,56.30,68.62,75.33
11.72,11.72,51.61,71.60,76.91
15.80,15.80,49.19,71.23,73.57
15.70,15.70,50.26,70.13,74.51
16.23,16.23,59.44,71.30,76.00
10.31,10.31,68.66,70.40,76.02
2.41,2.41,78.31,68.81,80.84
2.40,2.40,90.45,67.70,78.69
5.20,5.20,86.53,69.54,79.52
8.38,8.38,81.41,69.49,79.92
8.94,8.94,82.52,71.52,80.74
19.70,19.70,73.79,70.34,79.79
24.82,24.82,64.97,64.30,80.13
26.43,26.43,61.49,67.04,81.76
22.82,22.82,62.46,70.64,80.66
14.39,14.39,64.73,68.38,77.40
7.57,7.57,66.70,76.30,76.10
7.09,7.09,65.39,80.04,80.33
4.41,4.41,63.46,79.74,80.85
5.60,5.60,57.11,79.58,80.45
9.15,9.15,57.67,78.89,80.79
13.23,13.23,60.72,77.93,80.79
17.48,17.48,60.52,72.42,80.44
22.67,22.67,57.79,70.53,75.26
17.88,17.88,67.16,71.07,72.82
11.19,11.19,78.18,69.24,77.04
5.09,5.09,89.52,69.45,82.33
10.22,10.22,90.27,69.59,79.49
15.23,15.23,90.81,68.68,80.17
20.30,20.30,91.74,67.34,79.99
24.62,24.62,92.05,67.76,81.03
25.94,25.94,88.05,68.11,81.57
25.63,25.63,81.93,70.96,82.34
23.12,23.12,81.09,71.07,77.81
18.66,18.66,80.45,74.81,72.54
6.84,6.84,82.59,74.65,74.92
1.13,1.13,79.22,73.22,81.22
0.00,0.00,79.00,74.30,81.50
-0.00,-0.00,75.07,72.27,82.75
0.31,0.31,71.65,71.57,82.94
4.58,4.58,70.19,74.92,82.03
8.43,8.43,65.56,76.02,80.48
7.37,7.37,58.19,74.25,73.99
2.91,2.91,63.58,73.63,73.59
1.72,1.72,71.48,72.84,74.85
5.23,5.23,83.75,72.32,78.32
10.45,10.45,86.31,71.72,83.28
14.49,14.49,79.66,70.45,86.42
14.14,14.14,78.07,67.94,85.71
7.55,7.55,73.85,71.78,85.74
10.17,10.17,73.25,71.18,84.03
10.42,10.42,68.99,71.66,83.82
11.34,11.34,72.51,70.71,77.40
11.03,11.03,71.81,73.02,74.85
5.25,5.25,72.75,69.25,76.38
2.66,2.66,88.16,67.56,78.18
6.25,6.25,90.53,66.61,77.59
14.60,14.60,81.14,65.74,79.10
16.75,16.75,90.41,64.52,79.82
18.79,18.79,88.81,68.63,78.26
19.45,19.45,87.94,66.82,73.32
17.76,17.76,83.25,69.32,72.47
18.57,18.57,81.37,69.23,73.70
24.23,24.23,82.91,71.04,76.21
25.75,25.75,80.75,72.50,77.27
19.78,19.78,79.66,72.70,81.58
9.29,9.29,81.92,77.66,81.10
8.22,8.22,76.25,78.47,79.76
10.58,10.58,74.46,77.58,78.10
15.07,15.07,72.13,76.19,79.75
18.07,18.07,65.33,75.61,79.10
17.57,17.57,59.55,76.27,80.09
12.14,12.14,57.12,75.18,80.95
5.96,5.96,62.87,72.93,79.31
3.48,3.48,67.87,70.55,74.82
15.50,15.50,79.68,72.12,80.32
12.74,12.74,86.93,68.35,77.52
8.23,8.23,85.35,74.15,78.46
3.55,3.55,76.89,75.60,78.83
3.86,3.86,74.88,73.54,78.41
5.12,5.12,71.16,72.04,74.63
1.35,1.35,71.30,68.51,75.45
0.91,0.91,72.44,69.31,74.47
0.10,0.10,73.91,70.14,76.35
2.12,2.12,81.82,70.93,79.25
8.00,8.00,91.10,69.93,80.25
11.07,11.07,87.35,71.85,81.10
12.12,12.12,91.96,70.90,82.41
12.20,12.20,90.54,65.74,81.02
13.18,13.18,88.16,70.00,79.20
16.08,16.08,86.92,69.96,77.98
17.50,17.50,78.23,69.22,79.37
17.30,17.30,84.39,71.56,79.06
16.66,16.66,83.63,71.03,79.10
12.30,12.30,81.83,71.23,77.49
13.51,13.51,80.64,67.80,79.92
13.90,13.90,77.81,72.75,81.58
16.26,16.26,74.82,74.16,81.48
16.89,16.89,71.87,67.15,80.19
14.80,14.80,60.20,70.60,80.92
12.11,12.11,59.82,70.86,80.22
6.94,6.94,61.52,72.73,79.56
5.95,5.95,62.01,74.57,75.93
7.06,7.06,71.28,75.21,78.23
7.04,7.04,85.60,74.50,81.13
6.56,6.56,90.27,71.01,79.36
13.64,13.64,82.96,74.35,81.54
14.98,14.98,80.30,69.35,85.40
16.63,16.63,71.70,72.55,83.04
22.46,22.46,56.08,70.35,84.36
26.67,26.67,56.84,74.39,81.90
27.98,27.98,57.61,73.26,80.89
23.63,23.63,62.19,74.93,76.78
18.04,18.04,56.75,74.15,73.77
7.99,7.99,59.52,75.84,79.08
0.15,0.15,62.02,69.80,81.31
0.01,0.01,67.52,71.05,82.37
1.20,1.20,58.91,72.53,81.22
8.14,8.14,52.29,73.27,81.88
17.05,17.05,48.49,73.57,82.57
15.42,15.42,50.11,70.78,76.94
15.09,15.09,58.30,71.47,77.11
8.10,8.10,65.39,61.55,77.49
5.74,5.74,78.82,63.36,80.03
13.28,13.28,89.58,61.63,81.29
20.94,20.94,84.18,64.87,83.43
14.39,14.39,81.27,56.83,81.63
2.27,2.27,75.85,65.31,79.46
5.93,5.93,76.07,64.03,82.89
9.81,9.81,71.11,61.70,84.23
18.40,18.40,72.67,64.02,82.72
17.42,17.42,71.12,66.02,79.02
8.40,8.40,66.91,58.26,78.17
3.89,3.89,76.15,72.64,79.63
2.21,2.21,81.20,71.39,80.79
2.44,2.44,88.62,74.76,78.03
6.67,6.67,86.50,69.97,77.64
13.43,13.43,82.52,65.43,73.15
19.06,19.06,77.33,66.62,73.63
20.18,20.18,67.94,64.03,73.12
17.16,17.16,61.72,63.90,75.12
14.01,14.01,58.27,64.72,73.77
12.33,12.33,62.24,66.24,77.65
11.99,11.99,65.58,77.03,80.34
8.69,8.69,72.88,79.78,83.78
8.06,8.06,67.69,76.87,84.79
12.22,12.22,65.81,77.56,84.49
11.86,11.86,57.57,71.97,82.26
13.00,13.00,56.93,77.25,81.15
13.45,13.45,48.60,73.67,82.30
12.90,12.90,49.16,72.84,81.56
13.80,13.80,48.89,70.43,81.17
13.50,13.50,51.91,71.92,74.54
13.94,13.94,59.13,69.71,73.26
15.64,15.64,66.41,67.23,75.25
17.21,17.21,62.87,72.09,72.61
19.65,19.65,57.59,69.35,74.08
25.14,25.14,50.46,69.00,73.17
28.12,28.12,47.39,69.89,76.37
24.87,24.87,45.98,71.57,74.35
21.24,21.24,54.86,71.90,76.15
15.29,15.29,63.74,72.91,78.02
6.83,6.83,68.50,75.50,78.80
3.82,3.82,86.16,69.36,80.87
1.31,1.31,90.27,70.52,81.29
1.61,1.61,79.34,67.69,81.07
5.50,5.50,80.22,70.27,82.06
9.74,9.74,74.05,68.28,82.74
11.75,11.75,63.32,65.87,83.97
11.52,11.52,62.72,68.57,80.81
11.94,11.94,57.47,64.90,81.41
14.41,14.41,60.27,68.36,80.24
11.19,11.19,57.68,75.57,80.27
18.28,18.28,63.03,77.51,83.91
17.93,17.93,67.64,79.88,84.03
16.55,16.55,61.50,79.55,84.56
14.83,14.83,56.75,80.01,84.79
11.94,11.94,53.23,78.06,83.56
15.94,15.94,50.38,67.32,83.79
16.32,16.32,56.90,67.13,83.49
14.94,14.94,61.91,63.63,82.30
15.30,15.30,69.37,65.33,80.51
14.19,14.19,85.29,70.02,82.35
8.20,8.20,90.72,66.03,82.45
4.28,4.28,84.42,68.37,82.82
4.55,4.55,90.67,71.28,82.07
12.11,12.11,92.81,68.41,81.14
16.96,16.96,90.48,69.86,81.26
20.18,20.18,84.96,71.60,81.86
16.01,16.01,82.63,72.84,80.62
13.33,13.33,86.20,71.29,76.83
8.92,8.92,84.47,73.62,77.93
3.66,3.66,79.17,68.87,79.77
10.37,10.37,79.38,68.96,81.12
23.87,23.87,72.77,66.40,82.62
25.67,25.67,71.41,66.34,83.31
20.23,20.23,72.51,66.84,82.20
19.43,19.43,69.94,62.74,82.05
17.96,17.96,63.54,67.50,81.15
13.81,13.81,60.14,71.08,79.45
7.28,7.28,65.91,67.88,78.68
5.01,5.01,72.98,66.53,78.84
11.64,11.64,89.20,55.60,80.29
15.08,15.08,83.47,60.90,82.60
13.23,13.23,79.61,65.11,83.29
6.49,6.49,76.02,64.53,84.51
3.66,3.66,74.80,65.90,82.49
1.33,1.33,71.02,69.54,82.11
1.34,1.34,71.41,68.75,80.74
2.79,2.79,73.59,65.86,79.81
2.13,2.13,72.01,65.43,78.17
1.12,1.12,77.42,68.24,80.31
4.29,4.29,90.84,66.25,75.85
11.23,11.23,83.38,65.10,74.73
12.70,12.70,88.89,67.19,75.74
16.11,16.11,91.41,67.07,77.58
17.90,17.90,91.32,67.36,77.24
17.63,17.63,89.52,61.24,75.59
15.58,15.58,82.77,68.06,75.50
10.83,10.83,80.60,65.88,78.28
4.26,4.26,83.66,67.88,78.87
5.68,5.68,83.27,61.54,80.32
10.30,10.30,86.20,68.52,82.88
11.71,11.71,82.52,68.38,82.74
13.32,13.32,78.91,71.41,82.55
20.55,20.55,73.86,74.66,83.86
24.07,24.07,67.05,72.10,82.20
23.07,23.07,54.64,68.88,80.79
22.57,22.57,55.80,72.86,81.93
26.51,26.51,62.73,72.76,80.09
26.67,26.67,68.99,71.98,80.73
18.64,18.64,72.92,70.77,78.41
13.13,13.13,88.40,75.06,74.75
13.12,13.12,87.25,70.42,77.12
14.94,14.94,82.23,70.54,74.14
18.73,18.73,75.82,69.87,76.49
24.84,24.84,64.36,75.40,73.59
23.54,23.54,60.89,69.67,74.15
18.24,18.24,64.16,71.37,74.79
12.90,12.90,66.10,69.55,76.49
16.77,16.77,72.79,67.18,78.84
6.47,6.47,87.43,66.82,78.79
8.07,8.07,89.50,61.12,79.42
10.81,10.81,88.26,63.35,79.35
12.75,12.75,90.66,66.86,77.90
15.80,15.80,87.77,63.68,78.88
16.87,16.87,85.05,64.03,80.60
18.56,18.56,78.31,66.09,78.31
18.82,18.82,74.91,68.88,78.75
18.12,18.12,80.00,70.11,78.11
15.21,15.21,78.72,74.90,77.42
14.44,14.44,74.05,70.13,78.97
18.83,18.83,76.43,74.95,79.79
23.00,23.00,77.42,78.24,79.20
23.42,23.42,71.50,78.31,80.39
23.03,23.03,64.37,76.94,80.37
17.69,17.69,60.76,69.88,79.87
15.33,15.33,60.05,75.20,79.60
8.43,8.43,60.89,77.46,80.80
6.57,6.57,60.64,76.32,80.79
6.59,6.59,64.13,81.10,79.03
3.06,3.06,68.96,81.75,84.52
4.22,4.22,65.94,82.75,84.98
12.68,12.68,60.25,83.06,83.66
25.20,25.20,54.98,81.36,84.17
30.26,30.26,53.41,79.78,82.19
30.13,30.13,49.84,81.81,80.08
26.11,26.11,50.29,80.28,81.22
19.85,19.85,49.95,78.63,82.58
20.55,20.55,51.64,80.96,81.48
21.43,21.43,55.40,78.16,79.71
23.62,23.62,65.31,77.13,80.16
27.11,27.11,67.04,79.45,82.33
34.54,34.54,63.09,75.62,81.61
36.20,36.20,57.52,77.13,82.29
37.13,37.13,53.14,79.01,83.37
38.59,38.59,53.73,78.54,83.03
32.49,32.49,58.03,75.41,80.15
26.60,26.60,64.06,76.62,81.04
24.64,24.64,68.81,73.70,80.30
18.27,18.27,87.91,73.27,82.72
19.39,19.39,85.56,73.55,84.15
13.02,13.02,81.10,64.30,82.60
6.61,6.61,76.79,68.00,82.98
5.20,5.20,72.95,69.80,84.30
5.39,5.39,72.01,67.06,82.83
6.74,6.74,70.10,70.42,81.86
7.70,7.70,70.77,67.70,83.68
8.44,8.44,67.70,67.42,81.67
12.28,12.28,71.88,73.13,82.45
20.55,20.55,72.78,77.88,79.51
20.05,20.05,85.40,74.99,80.71
23.32,23.32,87.95,72.80,81.77
33.83,33.83,83.52,73.98,82.19
37.81,37.81,79.47,72.00,81.22
39.10,39.10,71.55,74.07,80.40
35.55,35.55,64.42,72.74,81.11
36.70,36.70,61.29,69.69,77.31
33.86,33.86,64.57,71.81,80.70
21.11,21.11,69.49,71.26,82.03
14.69,14.69,77.77,77.77,82.27
11.30,11.30,72.42,78.44,82.03
15.76,15.76,65.71,76.62,83.77
24.48,24.48,60.34,78.37,84.57
26.01,26.01,57.90,77.45,83.26
27.12,27.12,56.88,77.97,82.80
25.97,25.97,56.63,78.49,81.46
24.11,24.11,53.95,80.42,80.92
27.72,27.72,56.45,78.12,83.43
28.88,28.88,57.07,76.14,82.82
29.43,29.43,58.25,77.75,78.99
35.72,35.72,65.02,74.83,79.11
39.27,39.27,63.40,76.80,81.63
42.35,42.35,59.66,77.41,82.34
42.94,42.94,59.13,76.87,83.36
40.49,40.49,58.56,78.03,83.71
36.76,36.76,57.76,76.70,81.96
30.45,30.45,61.79,76.25,82.18
30.60,30.60,67.31,75.40,79.81
38.71,38.71,79.46,74.18,81.99
44.17,44.17,90.42,72.68,82.52
44.89,44.89,87.52,69.46,81.80
45.00,45.00,79.70,64.98,81.92
37.47,37.47,78.74,66.94,80.50
40.31,40.31,67.35,66.60,82.02
41.22,41.22,66.19,70.31,83.84
38.60,38.60,59.21,71.74,82.55
43.47,43.47,58.68,72.36,83.55
48.55,48.55,61.23,72.53,82.18
59.11,59.11,62.23,76.79,83.55
58.79,58.79,67.08,78.15,84.79
53.74,53.74,66.03,79.05,82.99
52.07,52.07,60.68,81.56,81.63
52.68,52.68,59.52,78.40,83.18
55.99,55.99,56.99,77.59,84.85
53.75,53.75,59.08,79.02,85.73
46.99,46.99,65.52,77.48,84.51
37.11,37.11,68.74,68.37,83.40
50.73,50.73,77.32,64.15,83.41
55.58,55.58,91.07,65.23,82.95
51.84,51.84,86.90,62.50,83.51
45.24,45.24,87.17,61.54,84.32
43.61,43.61,91.25,63.89,82.44
42.11,42.11,91.28,70.05,84.60
36.68,36.68,88.00,72.07,85.06
32.04,32.04,84.31,66.04,86.61
33.96,33.96,78.09,67.64,83.99
33.48,33.48,78.62,69.16,83.16
29.96,29.96,82.40,70.45,82.94
22.97,22.97,81.53,71.82,82.48
16.82,16.82,79.02,70.09,83.52
25.93,25.93,74.96,69.49,84.90
31.78,31.78,71.26,69.47,84.08
30.99,30.99,69.99,68.82,84.38
27.16,27.16,65.64,70.27,82.68
25.63,25.63,62.03,69.24,82.14
28.62,28.62,64.90,68.46,82.68
33.60,33.60,68.71,66.55,85.04
32.42,32.42,83.28,68.36,83.05
29.76,29.76,86.47,70.80,84.98
32.12,32.12,78.95,66.39,85.45
41.24,41.24,78.54,62.86,85.82
45.56,45.56,74.10,71.51,88.30
45.52,45.52,72.71,76.34,86.45
46.01,46.01,69.97,74.44,82.65
41.05,41.05,71.89,75.17,81.45
39.41,39.41,72.35,75.40,82.17
37.53,37.53,72.35,67.75,84.14
34.96,34.96,86.67,65.36,83.86
41.60,41.60,92.21,62.86,79.67
45.34,45.34,84.40,68.63,80.57
53.70,53.70,90.96,67.05,83.90
58.04,58.04,87.81,68.10,81.14
53.69,53.69,87.91,66.41,81.38
51.05,51.05,80.86,67.80,83.45
40.21,40.21,82.94,68.79,82.08
38.61,38.61,83.24,73.59,85.60
42.77,42.77,75.86,74.66,84.83
44.03,44.03,72.59,74.40,86.45
45.41,45.41,73.99,76.65,85.54
46.15,46.15,76.35,76.09,83.16
48.53,48.53,75.43,80.30,81.74
45.19,45.19,69.25,77.99,85.06
37.58,37.58,64.58,79.41,85.56
35.35,35.35,59.93,75.16,85.88
34.41,34.41,57.42,77.21,85.58
29.49,29.49,64.66,72.60,85.82
24.68,24.68,71.11,75.54,81.76
36.68,36.68,80.12,77.84,82.10
46.42,46.42,88.77,74.94,81.60
47.64,47.64,88.47,77.13,80.27
45.02,45.02,76.10,79.25,81.92
47.23,47.23,77.90,75.94,77.82
53.23,53.23,62.83,75.74,80.37
55.33,55.33,66.40,78.14,80.21
51.00,51.00,69.32,78.39,79.10
40.67,40.67,75.51,76.96,79.61
34.05,34.05,80.32,75.38,82.13
44.24,44.24,91.70,66.85,83.11
52.08,52.08,86.74,67.59,82.76
50.05,50.05,93.54,66.04,80.25
40.05,40.05,89.10,59.55,83.24
34.76,34.76,87.97,59.38,81.64
34.23,34.23,86.12,66.15,82.86
36.18,36.18,77.48,65.99,82.46
36.98,36.98,77.55,69.20,82.05
36.08,36.08,77.08,73.30,82.76
42.24,42.24,79.53,70.69,83.22
43.58,43.58,82.67,76.81,83.37
35.64,35.64,80.11,72.05,83.28
34.79,34.79,80.53,74.60,83.74
30.49,30.49,80.47,79.58,81.06
37.36,37.36,71.59,76.04,81.31
43.11,43.11,61.32,76.93,83.24
41.38,41.38,56.50,72.86,82.57
31.35,31.35,65.50,71.31,82.47
24.98,24.98,76.10,71.67,78.43
19.72,19.72,84.44,62.67,83.49
26.16,26.16,90.13,62.77,82.67
25.81,25.81,85.04,65.33,83.88
23.32,23.32,85.37,65.87,83.05
23.32,23.32,77.49,68.97,83.35
27.50,27.50,72.59,72.69,85.53
25.91,25.91,70.90,72.06,84.41
30.21,30.21,65.49,72.63,81.40
29.65,29.65,59.84,71.73,81.32
34.94,34.94,54.82,66.62,82.50
39.40,39.40,62.93,73.73,84.86
38.72,38.72,63.95,69.88,83.49
30.85,30.85,67.80,69.48,84.01
24.19,24.19,61.03,65.17,82.86
26.47,26.47,56.74,69.92,83.31
28.94,28.94,53.18,64.28,85.08
32.48,32.48,53.34,67.30,83.49
37.73,37.73,60.49,66.81,81.12
41.10,41.10,66.81,67.43,83.45
48.22,48.22,77.98,61.38,84.01
51.25,51.25,89.07,62.05,82.41
43.22,43.22,83.32,61.14,83.12
30.01,30.01,79.27,63.16,82.47
35.54,35.54,73.69,63.78,82.14
41.42,41.42,71.63,68.89,79.47
39.93,39.93,70.55,65.52,84.08
32.93,32.93,73.43,70.07,85.05
31.27,31.27,71.51,68.34,84.57
29.74,29.74,68.99,66.27,83.17
30.02,30.02,72.85,66.77,82.28
30.52,30.52,80.76,65.81,80.72
32.82,32.82,89.09,66.37,79.95
37.83,37.83,86.26,69.26,81.37
41.89,41.89,80.22,67.49,82.61
47.76,47.76,77.35,66.34,81.40
48.63,48.63,68.57,69.01,81.63
47.51,47.51,66.04,66.08,83.57
47.34,47.34,65.35,69.73,80.99
45.84,45.84,64.11,68.03,83.08
42.54,42.54,72.43,72.05,83.26
33.02,33.02,76.24,71.26,83.05
20.20,20.20,72.41,74.55,82.69
20.67,20.67,61.52,72.51,83.58
30.57,30.57,58.57,72.62,84.86
35.43,35.43,56.51,77.52,85.51
33.28,33.28,56.67,74.80,83.41
25.18,25.18,55.28,76.97,82.14
17.27,17.27,55.91,76.06,82.10
19.81,19.81,58.75,78.19,79.17
27.58,27.58,60.99,77.41,79.41
29.13,29.13,67.23,75.53,82.03
29.59,29.59,65.36,78.23,82.94
33.27,33.27,61.39,76.54,79.61
39.37,39.37,57.48,77.66,77.76
36.61,36.61,56.50,75.85,77.38
35.32,35.32,54.69,75.37,75.14
41.98,41.98,56.41,76.53,74.91
41.31,41.31,64.60,72.37,78.65
37.12,37.12,68.35,69.42,79.31
35.03,35.03,85.62,74.59,83.24
33.46,33.46,90.79,68.04,81.36
37.11,37.11,81.49,71.79,83.39
42.62,42.62,80.07,75.33,82.25
44.57,44.57,74.69,74.17,84.04
40.04,40.04,58.06,76.19,80.43
35.77,35.77,59.03,75.57,78.31
32.06,32.06,54.93,73.10,80.53
29.46,29.46,57.40,75.88,80.99
27.98,27.98,72.45,73.50,81.24
32.55,32.55,68.35,74.92,84.57
42.64,42.64,69.71,75.96,82.94
48.47,48.47,69.41,78.69,80.94
49.40,49.40,61.71,77.04,81.02
47.52,47.52,60.55,77.83,81.61
45.13,45.13,58.48,75.67,81.16
40.59,40.59,60.18,72.23,82.14
36.80,36.80,65.75,72.19,79.52
33.74,33.74,65.15,63.67,76.43
37.37,37.37,83.98,67.56,81.93
41.50,41.50,90.60,67.00,82.49
45.40,45.40,87.99,67.61,83.20
46.15,46.15,92.53,65.09,82.45
47.38,47.38,88.68,66.69,83.33
48.16,48.16,88.60,66.00,84.21
46.06,46.06,85.55,68.53,83.02
40.78,40.78,82.45,69.64,84.02
34.86,34.86,83.47,66.25,82.62
29.15,29.15,79.67,69.50,82.69
21.69,21.69,73.50,65.83,82.56
12.22,12.22,73.19,69.11,83.98
12.05,12.05,70.33,72.12,84.54
17.73,17.73,73.91,71.56,84.60
19.77,19.77,73.28,75.01,82.41
18.50,18.50,68.16,74.69,81.63
19.97,19.97,61.36,72.58,80.30
23.94,23.94,62.27,73.30,74.31
22.11,22.11,69.29,68.66,74.74
22.53,22.53,75.54,68.80,77.02
22.91,22.91,89.00,63.18,82.74
21.33,21.33,85.72,67.21,86.21
16.12,16.12,77.45,65.58,86.53
8.78,8.78,75.68,72.13,84.79
10.72,10.72,72.69,65.20,82.10
12.19,12.19,69.82,63.34,85.33
11.90,11.90,68.98,67.69,84.29
10.68,10.68,69.74,69.86,84.18
9.37,9.37,68.32,66.94,84.71
10.54,10.54,76.40,70.03,82.83
16.31,16.31,90.63,68.17,83.03
22.59,22.59,91.70,68.21,83.46
23.10,23.10,88.63,66.77,82.93
24.71,24.71,87.11,67.75,83.20
31.20,31.20,88.41,65.60,83.92
31.36,31.36,85.05,66.14,73.86
31.03,31.03,69.01,70.92,75.05
27.36,27.36,73.20,68.56,77.03
25.97,25.97,70.28,70.65,76.04
21.84,21.84,84.25,77.97,81.93
13.87,13.87,87.86,74.86,83.48
10.11,10.11,85.30,78.17,85.04
8.98,8.98,84.93,73.48,84.89
15.57,15.57,84.80,76.81,84.04
18.74,18.74,84.79,77.34,81.96
19.81,19.81,85.08,77.55,81.33
18.28,18.28,83.87,78.19,81.23
15.39,15.39,82.67,76.32,78.02
11.80,11.80,83.76,78.34,75.83
11.13,11.13,85.61,75.94,77.82
12.43,12.43,88.57,72.87,78.13
13.40,13.40,85.56,75.29,77.05
10.49,10.49,82.71,75.62,76.07
11.03,11.03,86.21,75.72,77.59
13.11,13.11,87.21,78.35,76.03
16.83,16.83,87.67,75.13,78.30
13.87,13.87,85.23,75.64,76.84
12.66,12.66,85.41,77.24,78.05
13.86,13.86,85.61,70.70,79.59
13.79,13.79,89.12,68.33,82.32
18.18,18.18,90.20,67.89,82.75
21.76,21.76,86.57,74.47,82.94
26.72,26.72,90.12,74.39,81.66
28.95,28.95,85.17,73.00,83.19
25.99,25.99,87.74,76.19,84.16
20.31,20.31,84.09,76.48,83.80
15.61,15.61,72.93,72.52,84.33
18.60,18.60,76.03,72.64,83.21
21.65,21.65,81.48,81.05,83.15
34.17,34.17,77.11,81.17,83.69
36.99,36.99,72.81,81.93,84.59
37.59,37.59,83.13,83.69,82.49
43.54,43.54,78.27,82.69,82.00
34.16,34.16,71.97,79.43,83.00
25.54,25.54,74.14,81.28,83.09
27.58,27.58,72.59,80.29,83.24
20.54,20.54,65.26,76.18,83.33
25.32,25.32,64.00,77.71,81.60
33.24,33.24,61.16,79.91,81.76
32.60,32.60,70.85,82.19,81.67
25.35,25.35,75.97,83.15,83.40
33.36,33.36,75.80,83.45,82.95
34.04,34.04,67.37,82.47,83.42
24.31,24.31,72.45,82.53,82.78
20.69,20.69,76.29,83.33,82.13
21.93,21.93,76.35,81.03,81.10
19.82,19.82,75.76,80.24,79.16
19.72,19.72,73.57,80.16,80.76
29.49,29.49,77.51,82.52,81.30
29.73,29.73,78.01,80.81,83.57
20.30,20.30,73.70,76.44,84.45
13.93,13.93,72.06,75.68,83.04
14.20,14.20,72.53,79.40,82.90
18.86,18.86,71.65,79.21,83.59
26.79,26.79,68.85,74.89,83.76
28.26,28.26,68.46,75.71,80.04
16.39,16.39,69.46,76.36,79.40
23.33,23.33,71.50,75.66,77.31
30.59,30.59,85.52,71.25,84.11
25.61,25.61,84.67,73.54,84.78
21.79,21.79,78.25,70.76,83.55
22.87,22.87,74.56,73.48,85.04
18.85,18.85,72.26,73.12,84.40
16.15,16.15,70.71,74.26,83.97
10.62,10.62,68.73,73.36,83.20
16.78,16.78,70.38,73.19,84.74
13.13,13.13,68.47,71.35,83.87
16.29,16.29,68.84,61.47,80.75
30.39,30.39,77.77,74.36,80.06
39.10,39.10,84.70,72.48,82.42
41.05,41.05,88.26,68.91,81.29
45.13,45.13,75.98,65.04,79.64
42.05,42.05,78.01,70.36,82.29
38.11,38.11,71.97,72.56,81.28
35.58,35.58,62.23,70.73,80.24
27.63,27.63,67.77,73.58,83.12
31.30,31.30,63.69,73.75,82.01
29.43,29.43,74.40,74.62,83.16
20.86,20.86,77.46,82.28,84.27
29.14,29.14,67.52,81.71,83.42
38.87,38.87,61.68,75.15,84.01
42.89,42.89,58.64,76.02,83.66
41.72,41.72,57.14,75.53,82.83
37.43,37.43,57.08,77.80,81.37
30.45,30.45,53.56,77.77,80.48
23.95,23.95,52.41,77.54,79.17
23.79,23.79,47.37,79.56,75.56
25.18,25.18,49.56,80.00,78.57
30.51,30.51,50.46,78.95,82.86
39.50,39.50,63.07,79.24,83.47
46.70,46.70,60.57,80.52,83.96
46.77,46.77,54.81,79.73,84.05
42.69,42.69,50.94,78.49,83.72
44.65,44.65,48.88,76.19,83.78
41.20,41.20,47.15,76.81,82.04
34.53,34.53,57.79,78.08,82.99
35.84,35.84,65.35,76.86,83.04
40.92,40.92,76.07,75.84,83.62
39.68,39.68,90.23,72.62,82.13
32.53,32.53,88.72,72.15,82.64
37.67,37.67,80.03,69.25,81.56
45.59,45.59,79.77,71.12,80.05
44.78,44.78,71.78,69.69,81.01
42.06,42.06,69.93,69.80,79.80
37.65,37.65,59.38,70.92,81.18
33.10,33.10,55.05,70.52,82.36
35.13,35.13,58.21,70.82,81.73
37.92,37.92,58.32,77.90,81.71
36.36,36.36,65.06,82.01,83.27
36.35,36.35,64.25,82.61,82.61
33.72,33.72,59.39,81.19,82.92
41.23,41.23,58.70,80.19,81.18
33.94,33.94,55.21,72.29,81.96
33.43,33.43,57.75,72.22,82.87
24.52,24.52,57.88,72.12,79.85
14.03,14.03,65.75,69.21,81.23
7.23,7.23,76.18,66.11,82.03
7.88,7.88,90.71,61.18,80.62
12.23,12.23,88.21,61.32,79.21
16.59,16.59,91.94,65.65,81.71
20.00,20.00,92.27,66.38,81.24
24.14,24.14,90.79,67.79,82.27
26.18,26.18,89.09,69.83,82.82
28.20,28.20,85.58,69.70,82.42
29.18,29.18,80.23,67.89,81.32
33.78,33.78,79.19,65.22,80.11
35.48,35.48,83.20,66.29,80.88
35.45,35.45,80.22,64.86,82.40
33.11,33.11,78.21,63.73,82.93
31.81,31.81,77.28,65.57,83.30
36.14,36.14,72.57,67.43,83.60
34.33,34.33,69.70,66.04,81.69
36.56,36.56,65.63,70.33,80.69
36.24,36.24,60.52,73.70,81.26
29.56,29.56,61.81,74.66,79.07
24.22,24.22,67.64,73.77,79.98
14.95,14.95,82.00,66.95,82.40
13.86,13.86,88.68,67.18,82.57
14.72,14.72,80.16,68.61,82.27
14.54,14.54,78.44,72.46,83.68
8.43,8.43,73.53,71.00,83.39
10.52,10.52,73.17,70.86,82.79
13.06,13.06,69.66,70.81,81.29
12.69,12.69,71.36,72.06,80.78
13.15,13.15,71.23,71.38,80.39
25.02,25.02,74.84,69.87,81.34
28.35,28.35,85.20,72.08,81.33
19.08,19.08,91.50,72.60,77.29
14.35,14.35,86.51,72.20,78.36
16.38,16.38,91.36,68.44,78.40
17.61,17.61,89.22,70.54,80.20
20.67,20.67,87.93,70.01,79.74
24.97,24.97,84.16,68.58,79.34
22.85,22.85,81.88,69.30,79.39
23.44,23.44,81.79,69.12,81.57
27.00,27.00,81.23,75.44,79.46
27.10,27.10,77.28,82.17,80.99
24.45,24.45,75.21,82.36,80.72
21.36,21.36,76.31,84.06,80.21
24.94,24.94,75.64,84.21,79.48
24.72,24.72,70.22,82.49,80.92
22.86,22.86,66.22,82.72,81.32
24.87,24.87,59.28,84.26,77.71
31.19,31.19,53.42,82.93,81.56
25.53,25.53,64.54,81.66,79.83
13.22,13.22,68.91,82.06,75.50
6.01,6.01,80.18,81.70,79.81
4.05,4.05,89.30,81.95,79.04
7.76,7.76,88.52,81.46,78.02
13.20,13.20,78.71,79.81,73.63
15.78,15.78,81.53,80.23,74.95
21.51,21.51,74.78,78.92,72.67
24.01,24.01,63.68,78.68,76.41
21.01,21.01,65.22,80.93,76.78
13.21,13.21,73.15,81.06,76.51
10.96,10.96,81.11,74.45,80.47
9.12,9.12,89.01,68.32,79.92
8.56,8.56,85.42,69.32,80.52
8.47,8.47,92.43,70.32,81.92
15.61,15.61,90.67,65.70,80.61
24.12,24.12,89.67,69.77,82.30
25.11,25.11,87.94,69.39,81.94
31.25,31.25,79.36,67.32,79.29
38.38,38.38,82.81,69.97,77.22
36.18,36.18,84.13,75.27,79.63
27.00,27.00,83.40,72.13,78.87
24.44,24.44,79.60,70.70,80.00
9.88,9.88,77.20,78.17,81.25
8.58,8.58,66.79,72.80,81.29
16.54,16.54,65.62,78.86,81.56
20.26,20.26,63.41,78.20,79.52
18.95,18.95,56.88,74.16,80.28
11.77,11.77,59.47,72.53,79.22
7.56,7.56,68.28,74.35,77.11
3.39,3.39,72.59,72.53,76.63
2.69,2.69,82.79,68.79,80.07
2.83,2.83,91.08,67.83,80.46
16.68,16.68,82.69,63.86,79.98
23.48,23.48,74.82,68.51,80.94
24.03,24.03,76.66,69.90,81.57
23.71,23.71,71.16,70.30,81.36
27.37,27.37,70.03,74.35,81.29
24.42,24.42,65.63,75.79,80.99
24.23,24.23,62.46,74.69,80.64
23.31,23.31,55.31,69.41,80.26
19.46,19.46,61.92,70.43,81.42
13.56,13.56,61.60,69.80,81.81
11.12,11.12,67.51,74.15,81.56
15.16,15.16,59.31,77.29,82.01
24.30,24.30,52.56,76.75,82.56
31.66,31.66,49.86,75.82,81.91
33.04,33.04,49.21,75.08,79.71
27.58,27.58,59.38,77.12,79.32
16.84,16.84,66.61,75.85,80.98
9.33,9.33,77.23,75.84,80.63
17.15,17.15,88.46,73.56,80.95
20.34,20.34,83.07,72.08,83.25
14.87,14.87,80.68,69.21,82.25
5.55,5.55,74.67,68.45,81.91
3.31,3.31,74.72,72.39,83.11
3.83,3.83,70.83,66.01,81.22
5.19,5.19,70.55,71.28,81.13
13.44,13.44,71.61,68.86,79.34
19.93,19.93,67.94,74.11,79.86
19.55,19.55,73.26,71.80,79.39
13.56,13.56,78.19,73.90,79.19
16.00,16.00,89.22,74.40,80.06
20.37,20.37,83.05,69.75,81.02
24.64,24.64,77.88,72.28,79.68
30.83,30.83,76.71,71.33,80.38
34.68,34.68,70.23,73.61,81.48
33.56,33.56,58.59,73.42,78.73
32.71,32.71,58.65,74.92,81.57
25.72,25.72,62.53,73.59,81.48
18.43,18.43,63.01,66.15,80.32
16.07,16.07,68.78,78.19,82.35
21.98,21.98,63.51,73.59,83.17
23.20,23.20,58.12,68.44,83.42
23.82,23.82,52.17,73.02,82.18
28.26,28.26,50.72,77.26,82.03
29.43,29.43,47.86,76.34,81.79
29.42,29.42,45.08,76.33,81.53
25.57,25.57,48.94,77.08,82.40
19.35,19.35,54.05,79.30,80.51
21.27,21.27,59.54,78.25,79.08
27.65,27.65,65.93,76.75,78.50
31.92,31.92,63.31,79.14,81.05
28.68,28.68,57.45,80.05,79.39
33.22,33.22,51.66,78.20,77.81
31.22,31.22,45.64,78.20,79.33
33.11,33.11,45.10,79.29,78.61
32.37,32.37,49.24,79.54,79.81
29.20,29.20,63.84,77.58,80.38
20.83,20.83,71.17,75.68,80.26
10.39,10.39,84.27,75.58,81.26
7.59,7.59,90.11,72.39,80.81
14.66,14.66,80.72,73.51,81.69
19.90,19.90,77.12,72.84,81.63
23.03,23.03,75.01,76.53,79.11
23.75,23.75,63.39,77.62,81.73
21.87,21.87,54.16,75.98,81.08
24.88,24.88,58.30,79.50,80.59
25.08,25.08,56.64,77.09,80.65
26.42,26.42,59.65,77.03,81.11
33.11,33.11,60.54,78.13,80.83
36.98,36.98,67.47,68.88,81.95
38.32,38.32,63.24,78.19,82.11
32.97,32.97,62.29,78.43,82.62
25.15,25.15,53.20,79.43,81.96
21.38,21.38,49.59,78.14,82.00
21.56,21.56,51.27,76.03,81.02
20.66,20.66,60.50,76.99,81.20
18.81,18.81,70.91,78.24,79.23
21.32,21.32,82.61,71.39,83.27
17.74,17.74,91.13,71.04,79.77
21.13,21.13,86.07,72.19,80.33
24.31,24.31,90.59,75.58,81.40
28.39,28.39,90.68,75.66,81.46
27.72,27.72,90.21,78.49,79.42
27.66,27.66,88.22,77.95,81.59
25.86,25.86,83.52,77.51,80.64
25.52,25.52,84.12,77.02,79.54
33.83,33.83,77.92,77.58,81.33
35.37,35.37,71.92,76.31,80.73
35.62,35.62,74.87,76.55,81.33
37.72,37.72,75.17,75.00,79.81
32.80,32.80,78.37,78.62,79.51
26.12,26.12,77.45,77.24,80.45
24.68,24.68,67.71,78.55,80.06
26.42,26.42,57.25,76.64,80.43
26.13,26.13,58.30,77.64,80.16
19.83,19.83,63.83,79.22,78.82
18.02,18.02,71.55,74.70,80.22
15.01,15.01,88.41,78.78,79.77
17.03,17.03,85.01,74.09,82.23
16.95,16.95,79.03,74.61,81.86
12.73,12.73,76.60,72.23,82.76
11.79,11.79,75.95,75.16,81.20
9.35,9.35,70.70,73.14,81.98
9.55,9.55,69.41,78.75,81.44
14.40,14.40,73.47,72.38,81.29
14.00,14.00,71.90,70.82,80.16
10.80,10.80,77.25,72.17,78.67
9.92,9.92,89.46,70.44,77.65
18.15,18.15,87.74,69.61,78.79
23.82,23.82,89.02,66.94,77.02
28.29,28.29,90.96,67.64,78.59
28.07,28.07,91.52,70.64,78.59
24.98,24.98,86.45,69.07,77.12
23.61,23.61,81.01,71.25,75.22
22.16,22.16,82.19,72.54,79.04
17.19,17.19,80.77,76.59,79.25
15.83,15.83,84.53,75.85,78.95
21.86,21.86,86.31,71.30,81.20
26.10,26.10,81.25,73.14,78.93
25.35,25.35,75.08,79.37,79.27
25.37,25.37,70.96,79.53,80.38
29.18,29.18,68.47,77.12,80.67
34.75,34.75,62.65,75.97,82.09
27.90,27.90,59.39,80.38,79.78
21.00,21.00,61.21,78.93,79.04
17.46,17.46,69.75,80.08,81.23
12.81,12.81,75.73,77.87,78.95
17.45,17.45,84.00,79.17,82.90
25.96,25.96,82.96,76.12,80.51
32.80,32.80,82.75,77.03,80.22
33.53,33.53,76.43,75.38,80.31
31.12,31.12,73.32,78.37,79.85
31.18,31.18,71.43,77.34,78.92
29.50,29.50,72.90,75.95,77.07
19.79,19.79,72.08,74.84,79.10
21.70,21.70,74.69,69.58,79.87
29.56,29.56,83.42,65.57,80.48
33.10,33.10,90.64,64.31,82.09
36.88,36.88,84.51,65.57,80.47
41.27,41.27,90.44,65.95,81.22
38.89,38.89,87.86,64.75,80.01
37.29,37.29,86.91,71.96,82.00
36.72,36.72,83.89,69.12,81.83
33.93,33.93,70.15,69.17,80.10
30.42,30.42,77.90,71.18,80.57
30.18,30.18,78.81,72.15,79.66
29.50,29.50,82.45,76.14,81.63
28.45,28.45,79.84,76.77,80.69
26.74,26.74,69.97,77.19,80.22
30.24,30.24,79.19,78.71,80.70
31.42,31.42,79.50,76.88,80.11
30.06,30.06,77.24,81.78,79.89
27.48,27.48,56.77,75.52,79.04
31.81,31.81,58.24,76.73,80.36
28.78,28.78,63.80,78.70,80.27
25.14,25.14,64.29,76.62,81.23
25.86,25.86,68.55,79.58,82.10
23.74,23.74,67.02,71.02,83.20
22.08,22.08,61.95,75.21,82.08
24.02,24.02,58.68,75.43,82.46
25.89,25.89,55.76,74.45,80.52
25.81,25.81,52.54,74.82,81.24
23.98,23.98,51.16,73.14,83.33
23.53,23.53,52.49,76.32,83.84
23.21,23.21,53.17,76.33,80.85
22.90,22.90,55.58,75.92,80.07
28.00,28.00,62.53,77.96,82.45
29.28,29.28,67.30,75.30,82.69
33.15,33.15,63.11,76.53,82.80
29.70,29.70,58.70,77.97,81.45
25.89,25.89,54.84,77.71,81.77
23.69,23.69,53.95,78.47,84.07
22.49,22.49,55.65,77.91,82.95
26.42,26.42,63.79,76.93,79.63
23.90,23.90,69.01,73.94,80.58
21.42,21.42,85.92,73.40,82.16
22.92,22.92,87.23,71.32,82.61
21.36,21.36,80.62,68.80,82.10
17.19,17.19,77.52,69.94,82.31
18.45,18.45,74.63,75.30,82.72
15.79,15.79,72.17,72.96,83.89
21.61,21.61,69.90,76.54,82.03
25.98,25.98,71.02,75.65,82.30
29.28,29.28,69.94,70.03,82.02
28.02,28.02,71.20,73.29,81.26
21.94,21.94,75.13,72.64,81.38
25.04,25.04,83.31,72.00,80.78
32.43,32.43,90.43,71.39,80.52
39.29,39.29,81.91,71.71,80.74
40.49,40.49,81.64,73.54,81.83
36.51,36.51,75.84,72.13,82.63
38.46,38.46,70.64,72.58,80.50
33.83,33.83,72.68,74.31,80.65
45.61,45.61,68.71,71.35,78.94
44.88,44.88,69.46,73.83,82.19
39.20,39.20,76.43,76.10,83.85
39.44,39.44,71.33,78.96,82.26
50.39,50.39,66.67,80.23,80.83
55.30,55.30,63.94,82.96,79.79
55.31,55.31,60.04,84.28,81.27
48.77,48.77,61.39,82.46,80.08
51.51,51.51,60.02,85.29,81.62
48.86,48.86,56.77,83.41,80.35
51.17,51.17,56.77,84.69,81.96
49.88,49.88,56.92,86.22,81.92
43.22,43.22,58.31,85.51,80.67
49.35,49.35,65.73,85.06,79.29
51.16,51.16,63.79,85.62,78.85
52.37,52.37,59.98,81.96,81.95
51.64,51.64,60.01,80.52,82.08
51.09,51.09,58.12,78.97,79.48
52.18,52.18,56.49,78.39,80.95
55.25,55.25,58.48,79.33,79.62
54.68,54.68,68.00,79.42,82.50
49.53,49.53,73.78,75.93,81.27
45.65,45.65,89.80,74.57,83.20
46.27,46.27,89.22,73.46,82.11
51.38,51.38,77.18,77.07,81.78
54.42,54.42,79.66,73.74,82.46
53.32,53.32,70.77,77.49,80.28
47.61,47.61,63.11,75.92,83.58
48.24,48.24,60.33,75.92,82.68
52.92,52.92,57.70,72.88,82.43
46.88,46.88,62.66,71.09,84.09
46.44,46.44,63.64,77.84,81.60
44.26,44.26,68.38,80.06,81.39
46.98,46.98,66.43,82.52,81.01
51.77,51.77,60.95,78.75,82.90
53.99,53.99,58.11,78.49,83.28
54.55,54.55,57.79,81.03,82.52
52.17,52.17,57.45,77.21,81.13
42.00,42.00,58.64,78.27,81.50
33.27,33.27,65.04,75.52,81.49
32.84,32.84,75.46,69.92,81.67
33.94,33.94,90.58,66.71,80.03
35.62,35.62,89.07,66.65,81.85
37.32,37.32,84.06,67.96,82.60
41.02,41.02,90.64,71.01,83.09
44.58,44.58,89.69,70.60,81.43
46.69,46.69,87.68,70.14,82.14
53.32,53.32,85.33,70.73,84.03
49.89,49.89,77.52,71.70,82.00
40.78,40.78,79.03,74.74,80.65
40.25,40.25,80.13,75.64,79.12
34.18,34.18,82.05,76.10,83.48
26.02,26.02,78.88,74.33,84.10
36.83,36.83,73.92,72.52,84.15
39.57,39.57,72.77,76.50,82.96
39.08,39.08,69.26,76.31,81.00
43.34,43.34,64.47,72.61,83.58
47.78,47.78,59.62,71.58,83.07
50.91,50.91,62.23,67.42,80.65
50.15,50.15,68.69,68.32,80.65
43.50,43.50,81.45,65.81,82.08
39.43,39.43,87.80,65.02,83.24
42.01,42.01,81.28,64.52,83.64
44.26,44.26,79.84,67.30,82.81
40.30,40.30,75.79,74.30,83.63
48.93,48.93,73.78,72.69,82.59
52.85,52.85,70.14,73.48,84.03
49.64,49.64,70.93,76.03,82.86
44.83,44.83,71.93,73.10,82.28
45.40,45.40,72.63,75.41,79.11
46.73,46.73,85.62,74.35,83.74
41.51,41.51,91.94,73.06,81.14
48.59,48.59,87.89,70.07,80.15
51.90,51.90,92.46,68.95,78.82
60.84,60.84,88.60,68.88,80.27
59.08,59.08,84.54,65.23,82.46
58.48,58.48,80.77,61.62,80.85
60.01,60.01,80.48,67.67,80.09
58.93,58.93,85.93,72.84,80.50
57.44,57.44,82.51,66.24,80.61
52.96,52.96,78.50,74.69,80.76
50.50,50.50,81.08,75.97,81.52
52.82,52.82,76.74,78.26,81.92
53.84,53.84,71.48,76.53,81.25
58.07,58.07,70.04,77.62,83.81
58.03,58.03,68.02,77.38,81.81
59.23,59.23,61.62,74.56,79.79
61.02,61.02,57.48,76.36,79.96
60.35,60.35,62.45,76.56,78.05
57.89,57.89,69.68,75.69,80.44
49.76,49.76,75.89,77.24,80.23
46.28,46.28,89.71,76.11,79.78
50.62,50.62,88.05,71.64,79.60
56.68,56.68,83.21,70.77,79.03
56.17,56.17,82.40,67.14,81.79
54.46,54.46,75.46,68.66,76.40
54.24,54.24,71.99,74.55,79.16
51.84,51.84,72.47,68.08,79.05
50.53,50.53,81.93,75.37,80.29
47.32,47.32,82.43,70.67,82.54
43.78,43.78,90.61,66.40,80.73
40.56,40.56,89.71,66.72,80.39
45.49,45.49,92.06,67.25,78.64
50.44,50.44,90.74,66.14,79.91
55.23,55.23,88.21,63.62,80.62
55.32,55.32,87.71,71.61,79.07
54.08,54.08,78.28,70.09,80.22
49.07,49.07,74.90,71.43,79.43
43.82,43.82,76.69,69.37,81.08
39.49,39.49,80.47,73.43,83.94
35.09,35.09,71.43,69.43,82.34
37.57,37.57,73.32,65.30,80.71
41.43,41.43,73.56,75.88,82.58
46.41,46.41,74.54,73.69,83.13
48.35,48.35,78.13,78.77,82.20
45.79,45.79,63.88,74.86,82.25
42.87,42.87,62.26,75.57,81.17
44.50,44.50,67.50,74.35,81.37
43.98,43.98,72.21,73.28,81.94
41.50,41.50,84.32,66.46,83.03
35.88,35.88,90.05,68.79,82.32
37.32,37.32,83.82,72.83,83.08
41.36,41.36,82.95,64.47,83.10
43.53,43.53,79.18,69.50,83.86
41.98,41.98,70.46,74.80,82.67
40.45,40.45,77.21,73.14,83.58
40.12,40.12,74.11,74.46,82.04
37.81,37.81,75.43,69.89,82.31
34.72,34.72,70.93,70.50,80.42
35.31,35.31,71.89,74.93,80.85
35.62,35.62,68.43,74.38,82.94
41.74,41.74,68.93,71.71,82.04
42.92,42.92,61.67,74.55,82.25
42.30,42.30,57.67,72.86,83.46
39.83,39.83,55.58,75.23,84.92
40.88,40.88,54.58,77.33,83.61
43.72,43.72,60.21,75.72,82.19
43.55,43.55,65.49,75.68,81.92
45.45,45.45,75.84,77.11,84.02
38.26,38.26,89.86,70.51,81.86
34.34,34.34,81.69,69.54,83.24
36.66,36.66,79.29,69.46,82.30
41.25,41.25,75.93,71.88,82.68
44.16,44.16,72.81,72.77,84.67
45.02,45.02,69.05,73.66,84.25
47.33,47.33,69.42,72.29,82.33
50.59,50.59,72.32,73.42,81.47
51.69,51.69,69.15,73.82,82.31
46.90,46.90,72.68,76.08,81.71
43.48,43.48,77.16,70.78,83.14
42.22,42.22,88.22,74.91,82.88
37.76,37.76,86.38,72.67,81.85
37.45,37.45,81.59,71.33,83.26
43.86,43.86,80.98,71.70,83.87
47.25,47.25,70.80,70.60,82.24
46.28,46.28,59.36,72.97,81.84
47.75,47.75,58.47,69.84,82.73
50.82,50.82,63.25,74.61,81.58
49.16,49.16,68.21,69.24,80.98
47.71,47.71,75.41,79.29,82.69
45.88,45.88,72.21,74.41,83.35
44.52,44.52,61.16,74.60,83.06
46.71,46.71,58.50,72.12,79.73
47.23,47.23,54.97,76.99,81.12
49.41,49.41,56.63,76.80,81.13
50.04,50.04,54.58,72.75,82.86
50.96,50.96,53.35,73.26,81.82
52.70,52.70,56.25,75.00,80.76
48.40,48.40,59.65,75.04,80.68
47.27,47.27,65.38,72.42,81.50
52.06,52.06,64.70,76.21,83.62
49.25,49.25,60.03,75.35,81.10
50.43,50.43,57.34,72.36,81.00
44.50,44.50,55.61,77.08,80.65
44.32,44.32,55.70,77.25,79.75
44.82,44.82,56.16,74.49,81.52
44.57,44.57,67.59,77.74,82.21
48.20,48.20,71.05,75.15,80.97
48.71,48.71,84.03,75.61,80.45
48.76,48.76,90.74,73.75,79.88
50.47,50.47,82.69,76.05,82.07
49.29,49.29,81.91,75.32,82.20
50.41,50.41,74.04,70.50,83.01
45.67,45.67,58.72,71.26,80.42
44.53,44.53,56.03,73.99,82.11
43.40,43.40,56.96,67.27,81.89
45.32,45.32,56.13,69.37,81.74
46.56,46.56,60.45,74.09,80.31
44.32,44.32,67.63,75.29,81.51
42.21,42.21,70.52,73.41,82.78
38.35,38.35,70.26,75.67,82.10
40.85,40.85,65.63,70.13,82.35
42.97,42.97,57.73,71.59,81.33
38.75,38.75,55.91,71.55,80.75
40.11,40.11,55.28,71.82,81.87
40.84,40.84,64.86,74.08,80.25
42.08,42.08,69.04,70.48,79.37
43.98,43.98,82.46,72.75,81.14
45.15,45.15,92.08,73.37,80.08
47.39,47.39,86.36,76.50,81.33
48.42,48.42,91.97,69.87,80.23
50.64,50.64,89.63,67.31,80.36
50.96,50.96,88.52,69.94,81.17
49.88,49.88,86.11,71.41,81.85
49.36,49.36,81.11,72.48,82.27
49.24,49.24,81.96,70.30,81.82
49.61,49.61,79.93,71.43,82.14
47.59,47.59,75.18,72.85,80.56
46.79,46.79,72.53,70.59,81.43
47.07,47.07,70.44,74.63,82.33
45.23,45.23,72.06,73.16,81.71
44.89,44.89,72.09,74.54,80.63
41.33,41.33,66.48,75.10,80.55
44.18,44.18,62.22,75.66,81.07
49.61,49.61,64.03,66.81,79.49
56.43,56.43,74.13,67.06,81.91
51.51,51.51,82.77,71.56,79.26
50.32,50.32,87.97,69.90,80.85
50.44,50.44,87.90,69.94,82.76
52.19,52.19,84.46,68.65,83.91
48.85,48.85,84.23,70.70,84.82
46.58,46.58,84.68,73.01,83.11
43.33,43.33,83.83,68.23,81.07
43.92,43.92,83.52,72.02,80.61
49.87,49.87,83.54,75.35,80.23
43.17,43.17,83.90,66.36,78.47
46.71,46.71,84.73,68.73,83.26
49.40,49.40,89.77,64.00,80.38
46.73,46.73,89.96,70.64,79.81
46.59,46.59,90.53,73.48,77.62
48.07,48.07,87.88,69.68,77.69
48.11,48.11,87.96,70.57,78.33
48.57,48.57,84.68,68.49,81.13
49.85,49.85,88.64,73.56,78.76
49.94,49.94,83.96,79.54,78.89
51.30,51.30,78.74,77.21,80.43
53.19,53.19,85.71,79.45,81.60
52.75,52.75,89.52,82.06,79.16
51.87,51.87,84.50,80.50,80.83
48.32,48.32,85.88,72.70,80.77
42.74,42.74,85.38,83.35,79.60
41.11,41.11,84.70,75.70,81.10
36.76,36.76,82.51,75.01,80.62
35.81,35.81,82.30,78.76,80.42
36.38,36.38,82.57,68.67,79.55
42.27,42.27,78.48,75.06,76.53
46.59,46.59,86.74,72.56,76.56
53.78,53.78,90.79,72.32,77.66
53.40,53.40,88.17,74.40,77.79
54.89,54.89,87.96,73.94,78.49
52.21,52.21,89.63,76.32,76.82
49.22,49.22,89.05,76.36,77.10
47.20,47.20,89.46,69.64,79.03
45.93,45.93,89.29,73.33,78.34
49.92,49.92,87.47,75.56,81.15
47.92,47.92,87.90,73.83,80.00
51.34,51.34,88.51,69.20,81.11
49.42,49.42,86.36,70.29,80.66
54.83,54.83,81.35,73.88,80.87
57.02,57.02,87.69,76.29,82.12
54.25,54.25,90.15,76.02,80.94
52.62,52.62,87.95,77.76,80.73
53.34,53.34,81.05,78.30,79.56
48.55,48.55,80.14,80.47,77.10
49.04,49.04,84.32,80.95,76.89
53.58,53.58,77.00,79.65,76.95
55.62,55.62,77.72,77.14,76.92
54.06,54.06,79.77,76.36,76.38
57.28,57.28,71.13,76.03,77.88
53.23,53.23,76.42,78.19,77.23
54.52,54.52,68.18,76.11,78.18
51.15,51.15,74.97,76.38,77.51
50.79,50.79,74.90,74.33,77.48
50.58,50.58,79.78,78.63,77.86
47.61,47.61,80.25,78.10,77.37
46.89,46.89,78.06,74.61,79.32
50.46,50.46,90.30,73.30,78.37
50.24,50.24,88.04,75.62,78.72
51.76,51.76,90.53,77.00,78.43
52.94,52.94,90.28,77.57,78.21
52.74,52.74,90.74,79.39,78.27
51.05,51.05,88.08,77.58,78.54
55.32,55.32,82.23,78.12,77.07
52.39,52.39,73.83,79.80,75.37
54.09,54.09,80.01,79.37,77.77
52.58,52.58,82.90,77.32,78.08
59.18,59.18,78.96,77.23,81.30
56.78,56.78,77.67,78.81,79.96
55.80,55.80,74.82,75.67,81.35
53.58,53.58,72.23,74.93,79.74
55.22,55.22,68.09,76.63,80.44
57.85,57.85,71.59,80.22,80.12
56.68,56.68,65.52,78.51,78.65
50.80,50.80,56.33,79.05,78.64
53.21,53.21,60.97,79.73,77.01
53.94,53.94,68.74,80.26,79.63
51.52,51.52,66.13,80.76,79.59
48.10,48.10,60.67,80.51,78.85
52.81,52.81,60.14,80.22,78.88
51.39,51.39,57.23,77.93,79.52
46.68,46.68,56.68,79.58,79.73
49.22,49.22,55.84,79.85,80.27
45.53,45.53,57.86,76.04,79.62
47.28,47.28,52.67,75.44,79.88
46.97,46.97,53.23,81.00,79.36
50.76,50.76,62.02,85.87,81.72
57.11,57.11,60.93,86.52,81.70
55.05,55.05,59.62,85.17,79.74
56.08,56.08,56.79,86.13,80.31
50.89,50.89,61.37,85.96,79.89
51.28,51.28,63.08,84.58,80.49
47.38,47.38,59.07,81.47,74.62
44.36,44.36,54.47,79.91,76.15
52.32,52.32,55.55,81.51,79.91
48.95,48.95,65.38,83.39,81.91
55.62,55.62,71.69,84.98,82.05
53.14,53.14,67.74,84.30,83.07
52.94,52.94,61.01,81.77,81.54
54.90,54.90,54.18,83.90,81.91
53.59,53.59,49.36,84.66,81.58
53.88,53.88,43.37,83.60,79.90
46.87,46.87,51.72,84.84,78.74
46.64,46.64,61.99,85.40,76.56
42.98,42.98,70.32,83.19,76.05
48.19,48.19,80.52,79.20,77.31
55.63,55.63,89.09,72.69,80.88
54.92,54.92,88.21,70.23,78.39
56.01,56.01,89.82,71.13,80.35
55.33,55.33,89.89,73.45,77.57
54.41,54.41,88.52,74.08,78.48
47.47,47.47,87.89,77.26,73.05
46.49,46.49,78.15,76.78,76.14
50.46,50.46,73.96,77.93,78.10
47.31,47.31,80.41,80.69,77.13
50.64,50.64,80.49,81.04,79.41
56.08,56.08,75.48,79.74,81.37
51.90,51.90,75.05,79.65,81.29
51.65,51.65,72.39,79.60,82.61
51.70,51.70,69.23,75.52,82.13
49.85,49.85,66.21,76.74,79.80
49.65,49.65,58.74,75.60,79.73
45.43,45.43,53.86,76.60,79.71
40.68,40.68,64.74,77.55,77.54
43.01,43.01,72.95,71.69,75.54
40.75,40.75,87.90,75.36,75.48
41.39,41.39,88.36,77.00,72.23
44.31,44.31,82.97,76.54,76.45
38.00,38.00,90.16,75.57,76.04
45.03,45.03,87.69,75.29,76.15
42.72,42.72,87.29,76.63,75.77
43.27,43.27,81.59,76.68,74.23
46.11,46.11,80.14,73.41,77.02
39.25,39.25,83.89,73.33,75.07
45.77,45.77,80.48,78.56,78.13
45.58,45.58,76.75,81.56,79.42
43.35,43.35,76.25,83.12,80.76
45.99,45.99,78.43,84.88,81.57
47.16,47.16,74.16,82.51,80.81
45.09,45.09,70.94,82.55,83.27
44.89,44.89,67.02,83.67,79.78
40.23,40.23,58.27,84.35,79.12
40.74,40.74,54.39,84.37,76.15
38.98,38.98,55.76,84.74,76.55
43.93,43.93,52.31,83.88,77.00
44.09,44.09,48.63,84.23,80.23
43.13,43.13,56.98,85.35,79.31
45.18,45.18,58.11,85.17,78.69
47.06,47.06,51.95,84.84,81.74
49.91,49.91,47.18,86.06,80.84
47.28,47.28,41.88,85.37,80.37
48.91,48.91,39.85,84.76,78.04
39.96,39.96,44.59,84.15,78.41
37.86,37.86,48.02,81.70,78.78
33.81,33.81,59.66,80.96,78.36
34.55,34.55,64.32,81.28,79.41
37.56,37.56,57.61,82.67,81.06
35.70,35.70,56.63,82.87,79.44
34.50,34.50,53.98,82.35,81.12
35.40,35.40,50.20,82.57,79.44
38.57,38.57,46.91,82.29,77.97
36.24,36.24,50.90,81.75,76.67
35.36,35.36,61.25,81.11,77.48
32.54,32.54,73.45,79.63,78.66
32.43,32.43,85.48,71.99,81.06
34.78,34.78,89.75,64.66,79.74
41.05,41.05,87.27,67.66,80.33
43.24,43.24,91.11,69.17,79.31
39.63,39.63,90.52,70.93,77.43
33.92,33.92,88.78,74.71,78.65
32.53,32.53,82.98,74.87,75.28
32.08,32.08,79.79,77.81,75.24
30.29,30.29,84.09,79.39,77.91
29.63,29.63,84.36,77.90,77.00
32.22,32.22,80.50,76.24,80.06
35.52,35.52,80.10,77.06,78.16
36.38,36.38,76.86,78.62,80.70
35.74,35.74,75.00,80.02,81.25
29.44,29.44,73.94,80.63,81.09
30.34,30.34,68.09,81.06,80.31
35.80,35.80,63.31,80.88,79.62
34.32,34.32,61.88,80.10,79.48
37.36,37.36,55.01,80.04,77.48
27.88,27.88,60.35,80.15,75.96
35.15,35.15,58.49,82.06,78.10
28.87,28.87,61.31,83.06,80.23
24.90,24.90,55.73,81.68,78.90
25.65,25.65,49.56,81.91,78.44
25.94,25.94,44.72,81.48,78.53
28.22,28.22,40.93,80.78,78.28
24.26,24.26,46.51,82.26,75.29
22.87,22.87,55.96,81.52,76.49
23.26,23.26,68.36,78.86,76.71
27.77,27.77,74.68,73.07,78.94
22.91,22.91,88.12,71.14,80.76
24.98,24.98,87.22,69.20,79.52
24.62,24.62,90.34,66.98,80.07
23.95,23.95,90.01,70.72,81.75
24.67,24.67,89.78,72.71,80.27
23.66,23.66,84.96,71.42,81.61
26.24,26.24,75.80,75.57,80.64
25.31,25.31,81.76,72.75,77.35
24.88,24.88,83.18,67.00,75.86
21.36,21.36,83.04,76.82,76.44
23.78,23.78,71.93,77.85,73.91
32.04,32.04,70.53,78.42,78.67
30.18,30.18,73.77,80.45,76.04
27.01,27.01,74.49,75.11,77.54
27.43,27.43,75.56,72.92,77.27
27.32,27.32,70.40,79.38,77.20
28.83,28.83,67.92,80.90,76.82
21.26,21.26,62.74,70.98,75.48
16.96,16.96,72.71,67.84,78.79
20.77,20.77,86.54,68.67,80.12
21.25,21.25,89.76,67.02,78.60
20.05,20.05,86.39,67.68,78.77
17.31,17.31,91.38,69.02,77.42
17.35,17.35,89.69,70.69,77.90
17.87,17.87,87.14,71.01,78.10
18.67,18.67,82.34,70.67,77.82
19.98,19.98,75.35,69.97,76.96
22.81,22.81,80.87,66.54,77.51
24.71,24.71,83.07,72.85,77.90
30.33,30.33,78.67,72.70,80.92
36.01,36.01,79.27,68.23,80.43
35.32,35.32,75.69,72.13,81.02
31.71,31.71,74.77,71.30,81.44
25.35,25.35,72.38,73.28,81.95
34.81,34.81,67.06,73.59,80.27
28.46,28.46,57.94,71.48,78.65
28.60,28.60,55.51,71.63,76.24
28.74,28.74,56.82,71.66,78.02
22.59,22.59,57.03,69.77,78.11
16.13,16.13,60.94,71.30,78.67
21.17,21.17,54.40,70.20,79.33
28.33,28.33,52.98,70.64,79.21
28.04,28.04,48.27,68.88,79.62
30.68,30.68,47.29,71.58,78.44
27.99,27.99,46.28,71.25,78.55
24.23,24.23,47.83,70.61,77.59
22.08,22.08,48.03,70.15,77.05
24.55,24.55,42.41,71.24,77.05
25.22,25.22,41.55,68.70,79.93
25.80,25.80,49.99,77.34,78.86
25.73,25.73,48.57,80.81,80.48
26.47,26.47,44.71,75.75,80.44
24.42,24.42,40.66,71.32,78.60
21.10,21.10,37.01,70.54,77.91
21.16,21.16,37.16,72.87,75.71
22.53,22.53,35.84,68.76,75.06
19.18,19.18,37.26,70.32,78.35
18.28,18.28,42.49,70.80,77.51
23.30,23.30,50.78,78.24,78.91
29.57,29.57,53.02,79.07,81.91
29.53,29.53,49.17,72.69,80.73
28.16,28.16,42.51,79.43,80.78
24.34,24.34,37.62,83.18,80.71
22.79,22.79,36.87,79.39,80.31
20.50,20.50,37.23,82.31,79.67
17.44,17.44,37.13,80.23,76.00
19.22,19.22,40.73,84.79,78.43
19.74,19.74,43.44,80.87,77.63
22.95,22.95,46.11,82.66,76.61
24.87,24.87,52.88,81.56,78.42
25.95,25.95,52.26,82.58,79.16
24.65,24.65,45.18,80.31,78.56
21.32,21.32,39.73,81.09,79.87
20.99,20.99,34.86,82.24,79.14
22.37,22.37,35.57,79.49,76.53
21.59,21.59,35.75,81.64,77.01
22.13,22.13,39.72,77.41,78.49
20.82,20.82,43.40,82.44,79.32
21.55,21.55,47.75,77.92,79.67
24.64,24.64,48.96,77.70,81.78
28.34,28.34,45.34,68.47,82.00
26.86,26.86,39.94,75.50,82.41
22.21,22.21,34.74,73.13,81.34
23.19,23.19,38.09,75.02,81.77
21.20,21.20,45.57,68.68,80.59
23.26,23.26,59.35,76.27,79.60
17.52,17.52,69.90,71.65,77.78
19.02,19.02,74.90,67.10,78.52
14.13,14.13,86.62,62.15,75.80
14.98,14.98,84.74,64.45,76.17
14.55,14.55,90.16,64.53,77.50
13.35,13.35,90.22,66.01,77.50
13.40,13.40,90.86,69.24,77.53
15.80,15.80,87.16,64.24,78.62
17.39,17.39,80.58,67.73,78.48
16.77,16.77,81.00,66.35,78.83
16.37,16.37,80.11,68.64,76.67
20.04,20.04,80.31,68.91,79.71
24.07,24.07,82.56,69.32,79.96
24.94,24.94,82.09,73.19,81.71
21.94,21.94,76.22,69.85,80.11
20.96,20.96,74.52,74.69,81.47
18.72,18.72,67.92,70.17,82.44
18.11,18.11,57.96,71.49,80.94
12.71,12.71,55.58,70.14,78.54
9.93,9.93,62.63,73.61,77.70
10.84,10.84,62.66,63.68,78.72
11.87,11.87,58.52,69.54,79.63
19.53,19.53,58.50,71.18,81.73
25.75,25.75,59.13,71.95,81.06
24.17,24.17,51.52,66.42,81.45
24.74,24.74,51.23,65.76,80.37
26.00,26.00,52.21,69.49,79.83
23.24,23.24,51.07,68.28,81.32
18.38,18.38,59.98,67.36,78.28
9.22,9.22,67.79,64.63,75.88
6.52,6.52,77.89,65.90,80.79
8.88,8.88,87.81,60.56,79.64
12.74,12.74,90.02,61.99,78.38
13.72,13.72,88.70,59.82,76.41
19.38,19.38,90.49,59.38,77.54
18.84,18.84,90.84,59.84,77.82
18.70,18.70,87.26,61.14,78.55
15.98,15.98,85.80,65.86,79.33
14.02,14.02,82.83,62.14,78.03
16.47,16.47,75.83,64.89,79.15
18.82,18.82,79.95,68.98,79.39
18.60,18.60,84.33,70.83,80.83
23.06,23.06,78.53,71.99,78.29
20.19,20.19,70.98,65.92,79.27
18.74,18.74,79.90,74.86,78.90
14.11,14.11,78.67,68.61,80.25
12.47,12.47,76.72,70.73,79.22
9.83,9.83,74.75,70.48,78.45
8.54,8.54,74.09,65.01,75.79
11.46,11.46,70.70,67.21,78.75
15.98,15.98,83.38,73.95,80.75
15.00,15.00,89.94,73.63,78.95
16.80,16.80,87.40,80.85,80.02
17.08,17.08,86.88,79.63,79.59
16.84,16.84,85.43,81.83,79.78
20.64,20.64,85.55,78.64,81.20
22.79,22.79,80.69,83.61,78.84
24.70,24.70,81.06,78.60,78.42
23.86,23.86,76.59,77.13,76.21
17.10,17.10,80.25,80.48,78.71
16.00,16.00,85.22,80.10,79.10
16.33,16.33,88.61,77.74,77.78
18.82,18.82,87.04,76.15,79.00
22.98,22.98,87.86,80.38,77.58
21.64,21.64,88.58,77.92,78.95
14.28,14.28,88.61,76.23,77.23
15.45,15.45,87.28,74.54,75.99
16.32,16.32,87.00,76.58,77.67
15.74,15.74,87.25,73.10,77.56
16.96,16.96,85.14,72.61,79.04
23.50,23.50,87.63,65.57,80.75
27.20,27.20,89.20,68.24,80.09
29.49,29.49,81.68,65.61,79.61
31.44,31.44,89.58,68.66,79.35
31.97,31.97,90.60,63.59,81.39
22.20,22.20,88.57,63.56,78.00
21.79,21.79,86.01,63.87,79.36
27.21,27.21,74.94,64.80,77.94
27.11,27.11,84.03,74.55,76.43
26.79,26.79,80.67,71.58,78.13
30.58,30.58,78.33,74.74,78.95
35.97,35.97,77.78,75.19,76.48
37.25,37.25,73.38,75.87,76.53
40.27,40.27,80.45,76.25,77.08
44.66,44.66,72.25,77.63,77.02
46.32,46.32,75.20,77.06,78.74
41.26,41.26,78.54,78.14,77.47
31.04,31.04,76.51,78.20,78.08
30.28,30.28,79.53,76.82,77.80
31.60,31.60,80.76,72.63,79.10
34.48,34.48,89.60,65.27,78.34
38.71,38.71,88.45,69.34,78.51
45.77,45.77,89.96,70.60,80.65
48.12,48.12,91.45,67.97,80.31
48.32,48.32,89.67,69.54,80.33
41.70,41.70,85.94,72.85,78.24
41.58,41.58,84.86,70.05,78.53
39.15,39.15,83.41,76.36,79.05
40.81,40.81,81.41,77.41,80.00
46.14,46.14,78.90,79.74,78.13
42.89,42.89,73.04,78.22,78.97
45.25,45.25,81.94,78.76,80.25
51.98,51.98,76.77,77.78,82.41
50.92,50.92,74.81,81.44,80.67
47.47,47.47,72.16,79.57,80.07
50.08,50.08,72.46,79.22,81.51
51.55,51.55,71.43,80.42,80.76
53.85,53.85,70.21,77.12,80.99
55.73,55.73,70.23,81.79,81.02
54.05,54.05,71.07,81.29,79.50
54.15,54.15,68.63,80.33,81.17
60.44,60.44,68.06,77.31,83.65
61.35,61.35,65.99,78.01,82.59
57.82,57.82,64.99,76.28,81.92
54.66,54.66,65.37,74.92,79.79
62.01,62.01,66.51,74.01,81.63
65.64,65.64,64.61,76.95,83.76
63.20,63.20,59.68,73.83,81.05
57.96,57.96,55.93,75.47,79.10
57.39,57.39,53.39,79.82,81.38
58.99,58.99,57.31,77.93,83.36
61.40,61.40,65.09,77.24,83.75
56.99,56.99,67.62,78.20,81.51
44.62,44.62,65.51,73.11,80.89
50.75,50.75,56.69,77.30,81.16
60.30,60.30,58.99,75.34,82.60
61.29,61.29,57.66,74.43,82.10
58.63,58.63,59.06,71.37,80.30
50.63,50.63,63.75,78.91,78.16
47.82,47.82,69.07,77.67,81.60
55.70,55.70,61.66,84.26,84.03
57.50,57.50,56.98,83.69,82.28
50.54,50.54,58.67,85.53,81.79
47.97,47.97,56.05,85.96,82.47
54.49,54.49,54.30,85.43,83.79
56.64,56.64,54.80,83.39,82.46
55.59,55.59,63.26,85.66,79.09
54.96,54.96,71.38,82.65,77.96
48.29,48.29,82.32,79.72,80.11
49.25,49.25,90.10,78.61,79.38
54.35,54.35,88.02,67.97,81.19
55.55,55.55,87.58,61.83,79.88
56.18,56.18,89.04,63.76,75.53
58.36,58.36,90.39,68.97,81.61
61.21,61.21,90.66,67.87,82.43
57.16,57.16,79.39,69.08,79.56
58.61,58.61,75.88,71.28,79.82
54.79,54.79,81.37,73.69,77.73
53.90,53.90,88.00,74.23,82.92
56.53,56.53,83.00,77.30,83.45
56.28,56.28,75.46,75.66,80.23
57.66,57.66,74.65,72.85,80.75
56.59,56.59,72.68,74.47,80.07
63.40,63.40,71.28,76.98,81.69
60.90,60.90,63.26,76.37,81.94
57.48,57.48,61.85,75.66,80.86
54.53,54.53,69.57,73.85,77.72
50.35,50.35,72.04,71.65,77.31
52.96,52.96,84.79,72.31,79.60
52.35,52.35,91.28,69.17,77.83
57.29,57.29,84.01,68.74,79.96
58.12,58.12,89.65,64.82,77.62
60.95,60.95,89.03,65.47,80.14
63.94,63.94,90.62,67.00,80.49
60.76,60.76,82.61,65.39,78.06
61.03,61.03,80.28,69.82,80.12
54.87,54.87,84.73,69.08,75.13
60.59,60.59,83.42,67.31,77.08
62.67,62.67,81.21,69.12,82.04
59.67,59.67,82.22,71.14,79.78
58.39,58.39,73.22,73.74,81.87
57.26,57.26,74.14,72.87,79.08
58.92,58.92,73.09,74.95,81.63
58.75,58.75,68.27,74.75,80.88
56.23,56.23,59.60,70.65,80.08
54.13,54.13,57.06,68.11,78.09
53.20,53.20,59.20,65.98,78.55
54.87,54.87,58.77,65.31,80.11
55.24,55.24,56.64,64.13,80.71
53.50,53.50,55.54,64.75,80.78
52.60,52.60,55.23,70.32,80.54
54.96,54.96,54.53,67.98,80.18
58.45,58.45,55.07,67.72,81.74
60.28,60.28,54.87,68.28,78.52
62.50,62.50,54.35,67.65,79.87
65.96,65.96,62.22,69.42,80.01
64.17,64.17,67.60,68.55,79.10
62.32,62.32,83.44,63.95,81.72
59.57,59.57,90.26,63.16,78.78
55.59,55.59,85.75,67.32,80.60
58.03,58.03,92.17,65.67,79.35
61.40,61.40,91.15,67.37,79.84
61.02,61.02,89.63,67.68,78.11
62.41,62.41,88.50,68.99,80.50
63.51,63.51,82.26,69.25,80.50
66.54,66.54,80.96,70.14,81.09
64.52,64.52,81.81,69.32,81.22
58.19,58.19,82.22,68.59,78.73
57.66,57.66,72.33,68.97,82.39
57.84,57.84,74.48,71.41,82.32
57.54,57.54,74.13,70.71,80.58
56.04,56.04,74.19,75.19,81.61
57.04,57.04,67.03,70.07,80.63
60.57,60.57,67.60,71.00,82.75
65.57,65.57,59.62,73.85,82.58
62.32,62.32,58.78,76.40,81.45
56.87,56.87,60.91,74.96,79.61
57.85,57.85,58.52,73.17,79.74
53.88,53.88,56.62,76.09,81.74
54.68,54.68,54.21,73.62,79.67
53.63,53.63,54.95,76.60,80.35
52.84,52.84,55.12,70.60,80.24
57.37,57.37,54.12,71.26,81.00
63.43,63.43,54.56,73.16,82.44
65.26,65.26,54.43,70.23,79.39
65.66,65.66,54.08,71.80,79.83
59.08,59.08,54.76,69.09,77.45
62.51,62.51,54.86,66.86,82.44
62.53,62.53,56.32,67.41,82.25
60.17,60.17,56.15,62.54,81.62
59.66,59.66,55.26,61.68,81.07
56.71,56.71,54.71,65.03,80.44
59.19,59.19,55.22,63.06,83.66
60.06,60.06,56.21,64.02,81.66
60.17,60.17,63.34,72.77,78.63
59.81,59.81,67.01,72.63,80.84
56.43,56.43,77.71,69.21,82.82
59.24,59.24,90.65,66.52,82.10
59.32,59.32,86.90,67.04,80.77
60.43,60.43,92.48,64.64,77.07
53.98,53.98,91.53,60.28,77.07
55.21,55.21,90.20,63.43,78.97
60.77,60.77,86.58,65.17,78.26
64.01,64.01,76.98,65.45,79.49
63.67,63.67,78.48,72.25,77.60
57.42,57.42,78.93,70.44,76.22
60.37,60.37,78.07,69.96,78.68
60.04,60.04,82.06,72.35,80.36
62.45,62.45,84.02,76.06,79.13
63.05,63.05,81.73,70.08,79.36
58.68,58.68,80.58,71.73,78.18
58.26,58.26,80.83,79.85,80.46
60.64,60.64,68.75,77.67,80.28
58.67,58.67,60.23,73.84,78.41
55.31,55.31,70.46,77.88,78.99
56.00,56.00,74.09,74.06,76.14
57.52,57.52,87.36,68.57,80.86
55.81,55.81,90.46,61.06,79.30
56.95,56.95,86.50,61.44,78.66
53.79,53.79,91.34,59.05,79.75
52.95,52.95,91.24,64.00,79.40
54.68,54.68,90.15,63.89,81.28
53.69,53.69,85.48,71.80,80.25
53.98,53.98,80.66,69.17,80.04
52.63,52.63,83.38,69.39,77.13
56.47,56.47,82.66,73.32,79.06
54.06,54.06,80.49,72.86,79.89
48.57,48.57,78.64,70.80,80.06
46.05,46.05,78.98,74.43,81.12
44.23,44.23,78.21,73.92,80.76
42.73,42.73,75.35,74.02,79.95
43.35,43.35,64.85,74.43,80.94
43.33,43.33,58.53,77.14,79.02
49.03,49.03,56.00,73.18,79.88
52.96,52.96,60.15,75.82,79.09
52.84,52.84,60.55,76.49,80.17
51.10,51.10,55.00,71.44,80.51
50.24,50.24,57.81,73.19,79.70
49.56,49.56,55.68,72.22,80.46
52.12,52.12,55.53,73.69,81.67
52.71,52.71,54.84,75.29,80.58
50.86,50.86,56.01,74.44,79.78
52.08,52.08,54.68,73.47,81.08
51.25,51.25,54.50,76.89,79.27
52.93,52.93,53.91,70.86,79.82
52.51,52.51,54.25,79.03,81.31
50.89,50.89,50.71,72.11,81.34
50.71,50.71,51.05,73.97,80.80
49.39,49.39,49.85,72.98,80.15
53.01,53.01,49.62,69.14,81.82
51.96,51.96,53.32,69.88,82.21
49.46,49.46,54.46,71.87,79.87
51.32,51.32,55.24,72.26,80.52
51.59,51.59,52.52,77.36,79.45
51.44,51.44,54.50,73.87,80.14
51.83,51.83,56.88,78.72,81.90
47.75,47.75,54.92,81.19,78.70
46.62,46.62,53.80,86.19,79.98
44.48,44.48,54.00,86.51,79.75
43.29,43.29,51.37,86.94,80.88
47.71,47.71,52.39,83.84,82.14
49.05,49.05,54.59,84.66,81.71
48.11,48.11,57.23,83.10,80.30
44.94,44.94,65.45,83.29,78.71
43.51,43.51,72.48,83.60,78.49
44.09,44.09,87.07,78.44,76.51
42.61,42.61,90.08,78.65,78.56
46.80,46.80,86.08,75.95,77.90
50.62,50.62,91.36,75.01,76.85
52.72,52.72,88.14,67.01,79.11
52.58,52.58,90.80,63.70,78.36
50.08,50.08,87.16,66.51,73.90
50.95,50.95,83.22,66.49,77.65
48.51,48.51,83.58,66.03,77.22
48.57,48.57,78.11,69.49,77.87
48.15,48.15,73.37,63.55,78.57
47.63,47.63,70.31,71.37,80.36
48.99,48.99,70.33,72.90,79.72
51.47,51.47,78.50,73.24,80.23
49.40,49.40,77.67,79.27,80.41
50.75,50.75,69.65,74.98,79.71
48.69,48.69,62.99,76.91,78.74
45.63,45.63,58.95,73.27,77.66
43.43,43.43,71.41,72.70,77.00
45.81,45.81,76.17,71.96,77.65
48.42,48.42,91.19,72.09,73.65
50.67,50.67,83.48,68.46,75.32
51.76,51.76,85.65,64.15,76.18
51.14,51.14,92.13,58.87,77.21
55.18,55.18,92.40,59.55,74.49
55.29,55.29,87.78,67.11,76.82
54.05,54.05,82.50,65.47,75.84
49.30,49.30,83.41,69.78,78.24
49.34,49.34,80.74,72.09,75.94
51.82,51.82,84.46,72.50,79.01
55.89,55.89,86.08,75.04,79.16
58.14,58.14,81.65,74.26,79.23
57.88,57.88,77.62,77.62,80.61
56.63,56.63,71.07,76.81,79.13
55.53,55.53,56.98,74.79,78.98
52.07,52.07,59.73,81.73,76.33
47.45,47.45,58.90,77.08,75.43
49.73,49.73,58.14,76.53,79.42
51.91,51.91,59.13,80.36,77.01
51.21,51.21,57.31,77.34,78.90
50.02,50.02,51.74,77.44,79.94
47.03,47.03,52.62,75.53,79.71
52.04,52.04,52.26,76.88,81.14
55.25,55.25,50.75,75.35,80.24
52.28,52.28,52.33,75.34,79.51
48.84,48.84,52.43,78.61,79.89
48.94,48.94,59.84,75.21,79.64
47.77,47.77,69.57,73.80,78.76
42.39,42.39,76.06,72.97,77.77
43.93,43.93,88.33,69.79,78.22
48.18,48.18,91.83,69.33,77.13
53.34,53.34,88.71,65.30,77.25
51.82,51.82,90.85,64.20,76.18
53.38,53.38,90.64,61.47,77.77
48.76,48.76,88.31,60.72,75.63
48.05,48.05,89.22,61.97,78.59
42.72,42.72,82.32,63.91,78.22
42.60,42.60,79.67,62.72,79.06
44.32,44.32,85.37,65.59,78.47
47.66,47.66,81.23,63.01,79.06
48.73,48.73,78.22,67.33,79.78
48.30,48.30,80.49,69.68,81.12
43.46,43.46,82.98,76.35,79.65
42.64,42.64,77.91,71.34,79.15
40.97,40.97,75.32,72.75,79.45
46.41,46.41,68.27,65.15,79.86
43.21,43.21,73.24,67.03,75.97
41.26,41.26,72.74,64.39,75.39
44.83,44.83,82.40,73.51,76.73
41.98,41.98,89.75,77.65,77.31
39.76,39.76,89.57,80.73,78.77
41.17,41.17,89.14,77.29,80.37
40.05,40.05,87.79,73.75,77.86
35.58,35.58,87.51,79.65,78.86
36.15,36.15,85.10,72.99,79.18
37.17,37.17,86.71,74.74,79.21
39.47,39.47,84.88,74.43,77.08
39.60,39.60,85.43,74.19,73.45
39.52,39.52,83.61,76.96,77.14
43.42,43.42,89.55,75.48,78.74
43.10,43.10,88.98,72.39,77.66
42.27,42.27,89.03,77.07,77.63
44.13,44.13,89.59,74.52,77.38
43.62,43.62,88.72,77.01,77.65
40.32,40.32,88.13,72.53,76.57
41.43,41.43,88.57,74.28,75.31
38.78,38.78,87.95,73.07,76.01
37.44,37.44,84.39,66.11,76.18
39.52,39.52,86.70,71.64,78.46
40.13,40.13,87.34,65.39,78.16
42.74,42.74,82.85,66.71,78.35
44.22,44.22,90.99,66.68,77.61
45.36,45.36,90.40,62.99,78.27
43.98,43.98,84.88,66.01,77.08
44.74,44.74,88.70,70.68,76.45
43.71,43.71,82.05,71.73,74.81
42.10,42.10,80.61,73.21,74.33
43.60,43.60,79.45,76.38,75.63
43.92,43.92,82.95,79.72,74.96
42.04,42.04,81.58,78.23,74.98
38.37,38.37,74.45,80.70,73.76
45.73,45.73,82.72,83.73,75.40
42.98,42.98,73.25,82.27,74.66
41.68,41.68,71.26,81.61,75.93
41.43,41.43,79.44,82.49,74.91
40.92,40.92,79.83,83.10,75.91
42.62,42.62,71.05,80.45,76.79
35.43,35.43,79.39,78.32,77.08
38.34,38.34,89.04,73.67,78.29
41.56,41.56,85.82,70.34,77.99
44.92,44.92,90.46,68.15,78.01
46.88,46.88,90.83,67.90,79.99
46.07,46.07,88.84,70.73,78.56
42.79,42.79,88.41,69.12,76.19
39.03,39.03,85.73,69.28,75.86
41.20,41.20,79.64,72.34,76.02
41.88,41.88,79.06,68.85,76.16
48.23,48.23,83.59,72.99,76.64
52.26,52.26,76.48,72.74,78.85
48.17,48.17,80.93,74.63,77.15
50.26,50.26,75.23,71.47,78.71
51.05,51.05,72.78,74.58,76.94
51.34,51.34,72.74,77.43,78.44
51.87,51.87,69.57,78.39,79.03
42.36,42.36,67.94,78.80,75.52
43.25,43.25,67.32,80.30,78.32
44.19,44.19,68.76,82.25,77.27
41.22,41.22,68.33,78.77,78.76
37.40,37.40,66.70,78.73,76.72
43.42,43.42,66.35,79.44,78.52
44.25,44.25,61.90,80.35,78.06
39.27,39.27,61.45,79.20,76.01
38.19,38.19,56.28,78.22,77.39
44.72,44.72,56.74,77.91,76.64
46.12,46.12,61.31,79.31,75.91
45.14,45.14,64.37,78.40,76.89
42.33,42.33,68.94,76.31,76.61
41.24,41.24,65.01,79.02,76.83
44.67,44.67,62.91,80.49,77.78
43.81,43.81,57.37,78.42,79.70
44.23,44.23,49.78,77.21,80.68
40.23,40.23,54.15,75.76,78.38
38.54,38.54,52.01,75.30,78.93
37.36,37.36,52.01,76.14,75.44
40.66,40.66,42.90,78.48,75.85
39.67,39.67,43.98,73.39,76.54
38.70,38.70,50.20,75.55,79.46
41.67,41.67,59.79,82.03,80.95
38.57,38.57,63.35,79.97,79.62
41.64,41.64,56.92,76.36,78.92
44.24,44.24,52.99,73.95,79.08
39.80,39.80,55.14,73.27,80.47
34.82,34.82,54.41,74.33,78.02
38.07,38.07,51.09,75.97,76.49
36.97,36.97,53.62,73.93,75.14
38.65,38.65,69.93,73.03,74.77
43.43,43.43,78.98,74.96,77.76
36.23,36.23,89.93,74.64,72.97
42.78,42.78,86.15,68.38,74.13
44.99,44.99,90.92,66.78,75.66
41.76,41.76,90.90,67.41,76.67
36.92,36.92,91.42,67.05,76.24
32.44,32.44,87.93,69.64,75.18
35.67,35.67,84.82,72.74,74.11
34.99,34.99,78.70,71.63,74.52
35.09,35.09,80.25,73.49,76.69
32.90,32.90,84.77,73.77,75.46
36.60,36.60,81.05,75.33,78.69
39.80,39.80,77.51,76.64,77.90
34.20,34.20,75.91,79.01,75.08
39.20,39.20,75.06,80.00,79.63
34.52,34.52,71.14,79.43,76.74
37.84,37.84,62.11,77.64,77.13
36.92,36.92,56.91,79.16,76.67
32.41,32.41,62.02,77.81,74.93
30.77,30.77,73.55,75.09,74.39
42.37,42.37,84.66,75.49,76.18
42.05,42.05,90.37,71.99,75.93
34.93,34.93,84.92,69.00,73.09
27.63,27.63,91.43,71.25,75.46
31.24,31.24,90.28,70.50,73.07
37.21,37.21,89.06,72.44,74.90
36.12,36.12,85.79,73.20,74.40
31.83,31.83,82.58,70.74,73.68
35.38,35.38,82.13,64.11,75.78
30.67,30.67,80.26,72.68,74.15
38.83,38.83,79.02,77.66,76.37
40.04,40.04,75.21,79.03,77.66
37.42,37.42,77.60,77.59,77.27
29.15,29.15,75.58,76.95,78.26
32.86,32.86,70.25,79.66,78.90
39.19,39.19,67.63,79.86,77.92
36.77,36.77,61.98,78.48,73.46
34.42,34.42,54.64,78.28,74.79
27.59,27.59,55.81,75.69,72.79
28.97,28.97,53.93,77.42,76.82
34.31,34.31,47.04,77.69,76.36
34.81,34.81,43.76,80.56,75.62
33.70,33.70,39.31,80.46,77.12
32.71,32.71,38.81,80.30,77.99
29.86,29.86,38.89,80.62,75.66
27.56,27.56,43.31,79.00,76.21
27.06,27.06,45.00,78.65,74.81
25.59,25.59,60.94,79.92,76.08
19.74,19.74,67.42,78.75,76.59
22.04,22.04,81.78,76.62,77.41
16.16,16.16,90.27,75.37,74.55
21.14,21.14,85.49,72.81,73.53
25.68,25.68,91.54,71.43,75.06
22.70,22.70,90.91,70.27,75.39
21.73,21.73,90.56,66.91,74.53
23.03,23.03,89.74,73.39,74.54
21.80,21.80,83.69,72.37,74.86
22.66,22.66,78.71,73.21,74.73
22.59,22.59,81.46,77.06,75.36
21.04,21.04,83.84,82.15,76.15
22.29,22.29,76.29,83.73,77.04
27.71,27.71,76.71,83.54,76.92
34.80,34.80,76.30,81.43,77.15
39.86,39.86,74.21,78.44,76.24
39.45,39.45,71.10,77.99,79.06
28.31,28.31,64.61,78.41,76.78
21.85,21.85,55.81,78.62,74.36
22.56,22.56,53.18,78.70,76.77
17.75,17.75,57.22,77.68,76.15
16.89,16.89,56.54,70.89,77.81
14.44,14.44,52.12,75.94,77.21
17.14,17.14,46.67,74.44,76.55
18.59,18.59,42.63,67.79,76.79
21.29,21.29,42.48,68.37,76.26
21.03,21.03,42.30,71.03,77.55
17.08,17.08,39.01,73.36,77.06
15.12,15.12,38.11,74.18,76.70
15.59,15.59,39.22,74.73,75.90
15.56,15.56,35.44,75.02,75.82
14.68,14.68,37.63,76.73,75.55
13.79,13.79,35.95,76.82,75.49
14.61,14.61,35.11,77.66,76.97
12.59,12.59,36.72,76.67,76.02
19.37,19.37,36.19,79.22,75.72
13.39,13.39,34.26,79.54,76.57
14.09,14.09,44.22,79.04,75.22
11.97,11.97,52.75,78.61,75.19
11.33,11.33,66.45,77.13,74.19
18.35,18.35,76.69,76.07,78.51
14.30,14.30,88.91,69.10,76.49
14.99,14.99,88.11,67.37,76.08
9.98,9.98,91.81,68.66,75.00
10.74,10.74,92.89,62.63,76.04
15.97,15.97,90.94,62.06,75.79
19.64,19.64,86.68,65.91,76.66
16.38,16.38,81.07,69.34,75.75
15.76,15.76,86.29,73.77,75.41
12.56,12.56,82.66,74.89,75.57
13.38,13.38,83.91,75.53,74.76
13.29,13.29,75.07,75.51,75.23
14.05,14.05,67.89,73.47,72.96
13.50,13.50,76.89,77.16,75.11
13.17,13.17,77.83,76.25,76.05
14.08,14.08,73.37,71.35,74.33
12.46,12.46,71.03,74.30,73.87
9.24,9.24,69.74,75.35,75.27
8.00,8.00,64.60,73.93,76.03
6.19,6.19,70.67,77.33,74.96
4.36,4.36,85.42,74.02,76.44
2.08,2.08,91.33,69.30,74.76
6.72,6.72,83.39,72.90,77.56
5.78,5.78,92.08,70.77,76.48
7.44,7.44,87.52,73.75,78.72
9.91,9.91,87.35,75.38,77.82
11.78,11.78,82.64,74.17,75.62
11.97,11.97,77.88,74.02,77.59
10.56,10.56,79.98,74.24,76.06
12.00,12.00,77.55,72.24,77.38
12.74,12.74,82.65,72.85,77.16
12.74,12.74,79.42,73.68,77.91
15.50,15.50,78.83,74.41,77.08
15.17,15.17,77.97,73.61,77.37
14.27,14.27,73.11,73.43,77.23
14.64,14.64,58.77,76.16,78.20
11.07,11.07,54.01,72.73,77.33
4.69,4.69,57.10,72.75,74.94
6.28,6.28,57.76,72.06,75.20
12.76,12.76,55.58,71.08,75.55
16.68,16.68,49.72,70.65,76.98
18.38,18.38,46.86,69.60,75.07
19.25,19.25,43.49,74.13,78.03
18.99,18.99,40.46,71.21,74.20
21.81,21.81,41.66,70.43,76.71
18.70,18.70,41.36,70.15,75.39
14.78,14.78,39.46,72.65,75.61
14.34,14.34,37.45,70.08,76.08
14.83,14.83,39.36,70.69,74.91
13.92,13.92,39.35,73.50,76.92
14.65,14.65,38.44,80.89,76.94
14.25,14.25,34.35,80.64,75.94
12.96,12.96,35.78,80.01,76.74
14.94,14.94,35.57,75.22,76.02
14.93,14.93,33.56,73.69,75.33
16.16,16.16,33.94,72.01,74.99
15.58,15.58,33.73,71.27,76.49
14.23,14.23,40.06,74.97,76.82
15.27,15.27,50.06,73.13,76.84
25.04,25.04,49.40,73.47,76.37
19.82,19.82,52.60,82.54,77.53
17.56,17.56,46.59,79.42,76.40
22.06,22.06,44.16,71.44,76.91
23.05,23.05,39.97,72.14,76.33
24.12,24.12,41.49,73.09,76.74
22.98,22.98,41.26,72.09,77.61
19.82,19.82,53.17,74.79,76.33
19.05,19.05,66.61,66.97,77.34
18.00,18.00,70.63,64.29,75.74
17.59,17.59,86.58,68.94,73.94
13.12,13.12,91.24,65.22,75.47
11.66,11.66,83.65,62.74,72.19
8.58,8.58,90.95,63.33,75.46
12.13,12.13,91.52,62.81,76.74
17.63,17.63,91.15,61.81,76.64
16.19,16.19,85.14,63.76,74.36
14.82,14.82,83.20,69.83,74.79
11.61,11.61,86.05,68.16,75.28
14.04,14.04,84.68,72.50,74.39
19.94,19.94,80.08,70.85,77.57
17.01,17.01,81.08,75.42,75.61
16.86,16.86,78.20,72.20,75.76
16.79,16.79,70.47,72.93,76.73
18.40,18.40,62.54,75.47,77.50
17.39,17.39,66.72,77.51,79.37
16.82,16.82,63.60,74.38,76.95
12.40,12.40,59.61,78.66,75.51
9.45,9.45,67.89,75.92,76.81
8.53,8.53,74.65,74.29,77.73
5.80,5.80,89.63,70.60,74.19
10.74,10.74,86.76,66.33,73.53
7.43,7.43,89.15,64.22,75.51
11.39,11.39,91.40,66.20,77.29
12.24,12.24,91.74,69.33,77.23
15.01,15.01,88.58,67.59,77.31
15.57,15.57,82.68,70.91,76.92
12.46,12.46,84.17,70.19,76.51
11.35,11.35,81.83,71.61,77.83
15.43,15.43,83.76,71.26,77.16
17.55,17.55,83.24,72.92,78.64
17.53,17.53,74.56,77.70,76.67
19.02,19.02,70.04,73.36,77.35
21.12,21.12,67.26,76.25,77.08
16.88,16.88,68.23,75.01,79.85
15.01,15.01,65.58,77.85,77.11
10.20,10.20,61.92,77.81,77.07
14.22,14.22,55.18,77.54,77.94
21.13,21.13,55.54,78.73,77.81
21.49,21.49,51.49,77.99,78.53
16.49,16.49,46.97,78.68,78.24
17.16,17.16,46.31,76.81,77.97
17.00,17.00,45.73,79.91,77.61
17.86,17.86,44.52,76.03,77.76
18.69,18.69,42.46,77.20,77.32
18.40,18.40,45.74,77.68,79.88
16.41,16.41,53.43,77.44,75.85
10.60,10.60,59.64,73.47,76.18
10.97,10.97,69.63,74.92,77.62
8.47,8.47,88.45,74.02,76.87
7.10,7.10,92.12,75.51,76.59
10.02,10.02,84.87,67.36,75.59
6.93,6.93,91.78,69.04,72.97
8.97,8.97,89.77,71.81,75.91
11.77,11.77,88.90,69.46,76.67
12.84,12.84,83.72,69.72,76.39
11.91,11.91,76.70,72.69,76.06
10.59,10.59,81.42,73.57,77.13
11.20,11.20,79.65,68.70,75.43
13.40,13.40,81.17,75.19,76.55
15.65,15.65,84.37,75.88,75.73
17.02,17.02,82.73,78.04,76.00
18.10,18.10,73.71,75.58,76.57
18.22,18.22,62.63,77.49,76.57
17.20,17.20,62.56,77.84,75.69
13.75,13.75,63.90,79.29,77.72
9.94,9.94,64.56,77.35,75.41
5.85,5.85,71.46,80.87,74.47
5.01,5.01,84.12,77.08,74.34
7.89,7.89,87.12,79.08,75.71
9.44,9.44,85.69,76.24,74.09
12.62,12.62,83.43,78.38,74.48
12.40,12.40,81.22,75.94,75.21
13.28,13.28,79.49,76.86,74.96
12.98,12.98,79.50,79.97,76.90
11.66,11.66,82.88,72.20,76.61
10.31,10.31,80.86,77.85,75.70
9.77,9.77,81.03,77.74,74.52
13.86,13.86,84.20,76.43,75.60
12.60,12.60,88.46,76.79,75.57
11.02,11.02,86.54,79.30,73.83
9.93,9.93,86.56,75.41,72.27
9.95,9.95,86.60,79.87,73.66
10.20,10.20,84.49,78.41,76.14
10.79,10.79,83.88,82.47,75.61
11.32,11.32,84.55,80.31,74.02
13.52,13.52,82.22,79.30,73.08
15.38,15.38,80.57,76.41,76.17
16.16,16.16,86.67,73.41,78.89
14.11,14.11,87.89,71.41,76.47
16.25,16.25,81.62,72.71,74.36
18.03,18.03,88.82,70.92,72.93
19.20,19.20,90.79,70.04,75.11
17.76,17.76,89.24,64.76,76.41
18.69,18.69,85.61,70.01,76.14
20.99,20.99,75.06,67.63,75.34
19.92,19.92,83.39,69.77,72.72
19.31,19.31,81.02,74.85,75.27
18.45,18.45,81.59,76.68,76.24
19.98,19.98,73.15,77.28,76.76
19.77,19.77,71.16,78.41,73.76
18.95,18.95,78.88,82.59,75.38
20.82,20.82,74.76,81.01,74.18
20.97,20.97,69.95,80.25,77.00
16.04,16.04,69.92,80.01,74.49
15.17,15.17,75.96,78.73,74.24
17.95,17.95,72.32,71.16,75.54
20.32,20.32,81.75,76.13,75.01
23.65,23.65,90.97,74.04,74.97
21.45,21.45,87.89,73.70,74.19
22.85,22.85,85.47,69.74,74.67
22.44,22.44,91.81,70.25,74.58
25.65,25.65,91.55,70.52,76.54
24.45,24.45,89.77,72.05,77.15
26.94,26.94,87.45,67.42,74.31
26.13,26.13,77.05,64.85,76.10
28.79,28.79,78.10,66.59,75.41
30.87,30.87,79.45,73.76,75.31
30.17,30.17,82.07,70.45,76.43
27.55,27.55,81.38,77.07,73.87
29.06,29.06,72.20,75.12,76.32
31.92,31.92,72.35,71.84,76.89
33.24,33.24,70.56,77.60,75.55
32.67,32.67,67.86,79.08,74.86
31.08,31.08,60.81,73.88,75.89
31.55,31.55,62.46,77.70,77.15
32.56,32.56,64.97,72.55,74.39
35.26,35.26,65.35,75.83,78.67
34.95,34.95,62.47,75.30,72.57
37.17,37.17,61.31,75.07,78.13
41.76,41.76,60.16,75.19,75.77
45.35,45.35,58.64,76.75,78.36
48.83,48.83,59.03,77.94,79.11
47.49,47.49,58.56,78.35,74.28
45.17,45.17,57.94,76.77,76.94
48.81,48.81,56.43,75.43,77.83
49.92,49.92,58.97,79.34,80.12
46.92,46.92,58.94,80.00,78.44
45.35,45.35,58.09,80.79,74.59
45.08,45.08,59.43,81.87,79.75
45.76,45.76,58.48,81.04,81.31
49.72,49.72,58.88,80.30,80.75
51.56,51.56,58.76,77.21,77.89
52.60,52.60,56.40,75.30,77.70
51.39,51.39,59.49,78.66,79.12
52.08,52.08,59.67,75.76,81.19
51.23,51.23,60.02,74.72,81.75
51.93,51.93,62.69,84.10,77.29
51.00,51.00,60.40,80.24,80.11
52.34,52.34,59.35,83.26,81.03
52.71,52.71,58.35,80.35,82.25
52.23,52.23,57.79,78.09,81.19
48.73,48.73,57.54,79.20,75.26
48.57,48.57,59.75,78.76,81.06
46.67,46.67,61.99,78.99,83.37
44.59,44.59,69.56,72.19,83.04
44.44,44.44,77.70,71.97,79.17
44.72,44.72,89.59,65.91,73.26
49.57,49.57,85.67,65.20,81.92
53.48,53.48,89.96,69.91,82.27
53.78,53.78,89.68,69.70,82.21
49.00,49.00,90.23,70.50,74.12
42.39,42.39,85.90,69.80,78.74
44.70,44.70,77.29,69.24,83.47
47.35,47.35,80.54,74.01,84.23
47.30,47.30,81.96,71.36,81.44
46.96,46.96,86.02,72.46,74.49
49.19,49.19,82.11,70.14,81.37
51.51,51.51,73.19,70.85,83.22
51.74,51.74,73.89,74.77,82.48
45.32,45.32,71.36,72.42,78.01
44.43,44.43,68.67,72.18,74.47
45.65,45.65,61.51,72.75,83.64
44.74,44.74,60.16,71.11,83.19
42.29,42.29,63.85,74.14,81.99
37.12,37.12,71.84,70.24,78.52
39.07,39.07,84.84,70.77,76.48
44.50,44.50,89.82,69.47,83.28
49.29,49.29,89.17,71.91,81.85
46.84,46.84,93.39,73.90,77.86
49.72,49.72,90.61,68.27,75.75
51.21,51.21,89.37,70.11,78.41
50.44,50.44,84.32,73.87,84.35
50.85,50.85,79.03,71.67,81.73
51.31,51.31,84.47,67.45,79.86
50.12,50.12,83.42,71.28,76.44
50.36,50.36,81.45,72.66,82.82
50.06,50.06,80.77,74.01,82.64
51.89,51.89,72.21,73.48,79.04
52.36,52.36,73.84,72.93,79.82
48.42,48.42,74.44,74.72,76.34
52.23,52.23,69.58,74.65,81.98
52.35,52.35,59.54,76.75,81.19
52.72,52.72,59.35,72.29,79.28
52.88,52.88,61.83,71.17,78.92
53.84,53.84,61.01,72.77,74.73
56.26,56.26,59.44,70.55,79.22
55.39,55.39,58.39,71.20,82.02
54.58,54.58,58.79,74.20,80.32
53.78,53.78,58.14,70.25,78.86
52.68,52.68,59.03,72.27,78.30
50.75,50.75,58.14,73.58,80.89
50.63,50.63,57.99,69.01,80.17
52.85,52.85,62.62,68.11,81.34
52.14,52.14,65.80,67.73,76.43
53.78,53.78,79.69,69.79,79.32
52.51,52.51,89.52,72.32,76.79
50.69,50.69,86.35,69.12,75.65
53.31,53.31,89.14,69.83,81.12
55.22,55.22,91.62,73.83,74.98
56.96,56.96,92.42,73.36,77.05
54.20,54.20,87.90,70.60,81.02
53.36,53.36,82.46,68.49,77.94
54.90,54.90,81.24,66.60,78.64
54.99,54.99,81.65,64.63,77.75
55.06,55.06,83.34,74.73,79.72
52.08,52.08,83.62,75.10,79.48
51.34,51.34,75.23,76.77,78.54
53.98,53.98,74.33,75.29,78.99
56.12,56.12,72.18,77.01,78.85
54.31,54.31,73.29,78.31,80.70
51.08,51.08,65.53,73.91,78.88
50.48,50.48,57.61,75.83,79.49
53.03,53.03,60.50,75.62,81.53
54.78,54.78,60.65,76.75,79.08
56.86,56.86,58.52,76.64,80.21
53.04,53.04,57.85,78.61,77.82
50.34,50.34,59.10,71.75,81.02
54.43,54.43,58.44,66.99,82.46
58.46,58.46,58.68,67.82,80.26
54.68,54.68,59.18,66.77,78.52
50.79,50.79,58.84,67.57,75.91
53.43,53.43,57.55,62.79,81.99
55.90,55.90,58.69,66.20,81.63
58.25,58.25,57.18,68.34,79.86
55.78,55.78,56.63,67.69,76.22
50.11,50.11,57.99,66.62,79.13
50.28,50.28,57.38,66.80,82.98
53.39,53.39,57.46,69.47,81.59
54.44,54.44,56.76,68.03,80.26
51.72,51.72,57.02,71.05,75.65
49.49,49.49,57.03,66.93,81.01
49.94,49.94,62.60,75.50,83.58
47.88,47.88,73.68,76.62,80.82
48.64,48.64,78.36,67.08,79.20
45.31,45.31,90.01,65.53,76.64
45.40,45.40,87.60,65.31,80.81
47.33,47.33,92.86,67.28,79.21
47.68,47.68,92.10,68.28,79.70
50.79,50.79,89.09,68.58,79.31
52.30,52.30,86.86,75.67,78.53
48.16,48.16,82.11,76.40,83.64
43.82,43.82,77.72,75.44,80.31
46.48,46.48,78.01,77.07,81.11
46.79,46.79,80.40,80.70,78.35
43.45,43.45,83.63,76.61,80.52
45.78,45.78,85.63,78.43,83.56
46.08,46.08,82.36,81.42,80.74
44.72,44.72,79.00,79.72,80.11
47.05,47.05,78.67,74.87,77.59
45.71,45.71,71.32,79.93,83.16
42.84,42.84,66.13,76.26,82.13
43.08,43.08,64.64,71.85,78.43
46.77,46.77,69.30,76.76,80.39
42.39,42.39,83.95,76.16,75.90
43.07,43.07,91.80,74.12,79.66
46.98,46.98,90.03,73.37,78.95
47.59,47.59,93.20,75.32,76.66
47.65,47.65,90.16,67.48,78.46
47.91,47.91,87.89,71.90,77.68
46.83,46.83,85.75,74.48,81.89
47.78,47.78,74.52,71.88,80.25
48.98,48.98,77.33,73.62,79.82
46.22,46.22,76.15,77.60,78.84
45.10,45.10,78.53,75.04,80.25
47.73,47.73,79.01,76.67,81.58
46.12,46.12,76.53,76.28,79.11
44.25,44.25,77.94,73.39,79.78
42.72,42.72,75.96,78.05,77.64
40.78,40.78,69.67,74.75,80.39
42.03,42.03,62.00,74.53,79.81
43.72,43.72,60.52,75.12,79.29
41.32,41.32,60.12,73.79,79.78
42.67,42.67,60.63,74.26,77.79
47.07,47.07,58.11,74.00,79.71
48.10,48.10,56.57,75.93,78.54
45.48,45.48,56.61,73.28,79.02
42.76,42.76,56.71,75.43,77.80
45.02,45.02,58.16,74.65,77.72
43.10,43.10,57.83,72.81,79.37
41.89,41.89,57.28,76.86,78.73
39.32,39.32,56.71,74.50,78.56
39.82,39.82,56.02,74.07,77.96
41.90,41.90,56.72,79.12,79.19
43.28,43.28,57.46,82.17,80.13
43.69,43.69,56.69,81.47,78.26
43.44,43.44,57.30,79.46,78.81
43.91,43.91,58.33,83.10,77.47
42.19,42.19,58.44,77.45,78.72
41.42,41.42,57.87,80.20,79.40
38.34,38.34,59.13,79.01,78.37
33.58,33.58,59.28,79.00,79.49
31.13,31.13,58.16,77.02,76.96
30.40,30.40,59.95,82.63,78.79
28.61,28.61,59.56,76.19,79.28
35.39,35.39,56.94,82.03,79.48
39.60,39.60,57.69,84.84,78.53
38.69,38.69,56.69,85.78,78.87
36.27,36.27,54.48,84.88,80.96
38.10,38.10,55.83,85.60,78.53
39.06,39.06,58.63,86.01,79.42
34.86,34.86,68.03,85.12,78.67
30.46,30.46,72.60,86.16,78.32
34.36,34.36,87.01,83.62,76.87
33.58,33.58,91.04,81.60,78.01
35.12,35.12,87.33,81.21,76.47
36.07,36.07,93.08,78.07,71.61
38.56,38.56,87.70,71.44,77.24
37.30,37.30,87.82,71.82,77.06
37.09,37.09,84.81,74.62,77.90
36.63,36.63,80.96,72.53,77.55
35.86,35.86,80.92,72.81,76.41
31.92,31.92,75.70,78.61,77.92
30.29,30.29,69.44,74.54,76.30
31.76,31.76,70.83,72.09,78.27
32.70,32.70,72.53,78.88,76.84
35.26,35.26,77.60,82.29,78.39
35.28,35.28,77.52,79.25,76.47
37.68,37.68,69.15,80.27,76.95
37.42,37.42,59.80,79.08,77.70
39.26,39.26,60.39,77.61,74.43
30.38,30.38,68.36,73.54,76.78
26.57,26.57,77.21,73.81,77.53
28.43,28.43,90.09,68.49,74.45
29.65,29.65,88.06,64.61,77.30
30.30,30.30,89.70,71.51,72.00
27.70,27.70,91.72,64.82,74.21
29.04,29.04,89.08,70.53,75.79
29.74,29.74,86.60,72.39,74.42
29.14,29.14,81.63,71.87,75.42
29.55,29.55,83.58,70.76,74.50
32.36,32.36,79.49,77.14,76.49
29.92,29.92,81.74,78.95,75.45
31.08,31.08,80.92,78.47,75.52
34.04,34.04,72.16,79.57,76.20
34.20,34.20,60.46,75.81,77.18
33.13,33.13,53.11,77.81,76.81
31.23,31.23,60.80,76.57,76.07
33.15,33.15,57.77,80.27,76.24
29.65,29.65,55.83,80.90,75.86
29.18,29.18,55.82,81.79,76.54
28.54,28.54,57.36,81.95,77.11
28.45,28.45,53.23,75.55,75.51
26.70,26.70,47.50,81.64,76.48
28.61,28.61,46.11,78.35,76.82
28.72,28.72,43.69,80.43,76.41
26.75,26.75,40.99,79.80,77.77
28.62,28.62,40.50,78.66,75.84
26.79,26.79,39.41,76.26,77.37
26.35,26.35,49.77,78.60,76.26
26.11,26.11,61.56,77.29,77.23
30.46,30.46,73.68,79.13,77.51
28.71,28.71,87.35,77.66,75.77
28.03,28.03,90.19,74.81,75.91
28.50,28.50,85.87,75.42,74.23
27.52,27.52,91.24,73.07,76.42
26.64,26.64,89.30,75.67,74.81
28.99,28.99,91.46,74.91,76.36
28.27,28.27,84.98,74.84,76.35
29.64,29.64,82.61,73.47,74.84
28.92,28.92,85.47,72.91,78.51
31.57,31.57,82.58,73.53,76.00
31.59,31.59,79.30,73.49,77.89
28.29,28.29,81.77,71.70,75.13
30.02,30.02,79.73,70.43,76.32
31.01,31.01,75.08,71.53,77.27
31.32,31.32,68.42,67.10,76.84
33.24,33.24,59.15,72.14,77.68
29.48,29.48,53.81,74.88,76.01
23.11,23.11,51.17,73.75,77.83
25.40,25.40,56.80,73.07,77.50
26.27,26.27,54.21,77.73,76.60
30.61,30.61,48.27,76.00,79.38
31.39,31.39,43.88,73.35,77.48
34.00,34.00,42.94,77.47,79.12
35.10,35.10,40.36,80.22,77.54
33.75,33.75,39.97,79.31,75.83
34.89,34.89,38.98,80.80,75.56
34.33,34.33,34.13,81.48,77.21
32.12,32.12,34.73,78.77,79.63
31.53,31.53,34.51,80.45,77.64
32.02,32.02,33.95,81.63,76.37
32.23,32.23,34.03,79.11,74.50
33.20,33.20,35.78,77.82,76.87
33.45,33.45,33.77,77.79,77.39
31.52,31.52,30.48,78.30,75.61
33.39,33.39,31.95,77.25,76.61
32.73,32.73,28.77,75.61,77.25
32.32,32.32,28.03,76.05,77.83
32.01,32.01,25.30,75.46,76.31
33.18,33.18,26.66,76.59,78.10
35.34,35.34,30.27,76.99,75.89
36.21,36.21,29.28,80.01,78.09
34.46,34.46,26.27,79.28,79.26
33.48,33.48,26.50,78.81,75.20
37.05,37.05,27.98,78.65,76.12
34.45,34.45,27.87,76.16,77.96
36.11,36.11,28.28,76.11,76.89
32.70,32.70,27.60,77.33,79.16
34.18,34.18,27.31,75.17,77.59
35.03,35.03,24.93,74.04,77.88
34.22,34.22,26.43,80.41,78.65
34.77,34.77,25.43,78.66,75.93
33.01,33.01,25.74,81.48,77.25
32.79,32.79,26.27,78.87,78.23
32.36,32.36,23.39,80.87,76.57
32.17,32.17,23.48,79.04,77.57
31.38,31.38,23.26,78.58,76.45
31.82,31.82,24.79,82.30,77.57
32.41,32.41,26.43,79.66,76.15
35.72,35.72,31.61,82.03,77.90
38.20,38.20,33.33,74.68,76.50
34.61,34.61,23.41,75.63,77.52
38.57,38.57,27.14,79.69,78.43
41.63,41.63,28.21,71.11,76.29
38.91,38.91,32.19,73.02,79.09
39.05,39.05,30.13,78.49,75.17
37.04,37.04,27.90,73.16,78.28
35.86,35.86,27.89,75.93,77.99
35.88,35.88,28.13,78.83,75.60
35.16,35.16,30.17,76.96,76.59
36.75,36.75,29.36,74.99,75.64
39.60,39.60,26.64,78.03,76.79
37.88,37.88,27.21,80.26,76.52
37.72,37.72,26.58,77.03,78.41
39.76,39.76,26.72,76.76,76.42
38.08,38.08,26.35,80.16,75.42
36.69,36.69,28.66,77.36,77.99
33.71,33.71,25.43,77.75,76.41
33.24,33.24,28.08,79.93,79.68
38.75,38.75,35.58,79.54,76.43
36.15,36.15,32.47,77.52,77.65
32.34,32.34,27.17,78.26,76.56
33.30,33.30,25.09,76.76,75.93
35.71,35.71,26.55,77.06,77.92
34.28,34.28,25.54,72.83,77.27
34.98,34.98,25.48,75.93,78.30
33.76,33.76,24.93,78.13,77.08
33.59,33.59,25.78,72.74,78.50
34.29,34.29,27.59,75.78,77.89
32.70,32.70,26.83,77.89,78.29
33.56,33.56,25.96,73.06,79.00
35.02,35.02,25.31,70.33,75.51
34.03,34.03,24.17,75.96,78.62
34.13,34.13,21.62,71.76,78.34
35.62,35.62,23.19,71.85,77.81
33.55,33.55,22.90,78.28,79.29
34.13,34.13,26.01,77.04,77.97
34.60,34.60,32.91,74.08,79.56
37.89,37.89,40.87,76.73,78.32
39.17,39.17,43.28,76.73,78.66
32.81,32.81,33.10,76.94,76.49
39.00,39.00,30.92,76.52,77.55
41.07,41.07,32.95,77.28,79.02
37.35,37.35,31.96,74.89,77.17
37.22,37.22,29.94,76.54,77.61
37.12,37.12,28.81,79.95,75.91
35.75,35.75,28.88,76.94,77.78
37.88,37.88,30.18,76.04,77.53
36.84,36.84,30.38,80.22,77.40
36.37,36.37,29.15,79.08,77.50
37.56,37.56,27.35,80.35,75.22
36.17,36.17,27.03,79.92,77.92
35.39,35.39,27.51,80.41,78.11
39.23,39.23,29.92,81.73,77.55
36.04,36.04,28.36,78.80,75.00
36.40,36.40,29.06,82.58,76.28
35.65,35.65,29.65,81.55,78.14
33.93,33.93,32.48,80.11,75.02
38.93,38.93,43.11,82.42,76.31
36.26,36.26,40.39,82.23,77.58
30.22,30.22,30.40,81.10,73.91
31.31,31.31,27.37,82.09,76.77
34.57,34.57,28.34,83.40,77.44
35.34,35.34,28.51,83.24,74.69
36.15,36.15,29.87,82.15,76.41
33.65,33.65,27.88,83.27,77.43
32.27,32.27,26.15,82.87,75.79
31.94,31.94,23.73,81.48,76.00
32.30,32.30,21.84,84.22,76.73
31.20,31.20,19.21,82.39,76.95
30.92,30.92,17.87,84.08,74.09
29.80,29.80,17.69,84.53,77.72
29.56,29.56,17.32,82.01,75.88
30.93,30.93,18.80,83.47,75.63
32.92,32.92,19.56,80.64,74.27
29.06,29.06,27.17,84.42,74.92
27.96,27.96,35.40,84.09,75.64
31.37,31.37,43.01,81.25,75.21
35.18,35.18,46.45,85.05,77.30
30.24,30.24,35.23,83.64,75.67
34.45,34.45,29.11,81.99,75.83
39.17,39.17,25.50,85.66,77.40
37.01,37.01,27.03,82.69,76.47
35.10,35.10,25.34,83.32,76.94
34.81,34.81,25.12,84.45,75.52
30.96,30.96,23.49,83.99,76.70
34.07,34.07,23.26,83.16,75.87
32.53,32.53,21.42,82.57,77.92
34.59,34.59,22.26,85.85,76.86
35.59,35.59,20.37,81.62,74.51
34.57,34.57,18.91,82.84,78.05
32.27,32.27,21.11,87.10,76.78
37.01,37.01,22.72,81.44,79.66
31.96,31.96,21.05,84.10,76.15
32.55,32.55,24.71,86.24,78.06
36.16,36.16,32.81,83.13,76.21
33.06,33.06,37.83,85.14,75.14
34.70,34.70,48.56,85.31,80.10
28.08,28.08,43.15,85.96,76.42
24.55,24.55,33.57,85.22,78.41
27.86,27.86,27.60,84.93,76.26
29.98,29.98,26.42,85.73,78.16
32.99,32.99,25.88,84.73,78.53
30.97,30.97,25.12,85.61,76.72
29.84,29.84,23.46,85.06,78.47
28.55,28.55,21.94,84.26,76.18
29.56,29.56,18.38,84.84,77.35
27.64,27.64,17.03,83.88,78.38
27.76,27.76,16.09,80.32,78.72
26.12,26.12,15.02,86.08,77.61
25.55,25.55,14.59,82.04,78.33
29.53,29.53,17.29,80.55,79.85
27.98,27.98,16.99,86.52,75.80
25.03,25.03,20.70,80.62,76.75
25.67,25.67,32.43,81.60,76.69
26.97,26.97,39.40,84.18,77.16
26.85,26.85,45.56,83.45,78.99
31.23,31.23,53.83,82.29,78.49
22.35,22.35,42.22,82.45,77.57
24.47,24.47,36.60,84.89,75.00
30.71,30.71,31.44,81.98,78.05
30.39,30.39,29.46,82.20,77.25
32.68,32.68,27.93,86.13,76.26
32.55,32.55,26.09,82.46,75.08
29.26,29.26,24.97,83.83,77.18
32.03,32.03,25.74,86.66,77.37
30.30,30.30,25.58,83.80,75.51
31.07,31.07,26.53,84.65,77.83
30.47,30.47,23.85,85.87,74.57
30.73,30.73,22.61,83.54,75.66
28.54,28.54,23.54,86.08,77.35
32.51,32.51,25.20,84.92,75.24
33.09,33.09,24.23,83.04,74.80
32.28,32.28,26.86,85.97,77.55
31.88,31.88,37.02,83.92,73.96
32.88,32.88,42.72,83.68,76.18
33.18,33.18,51.06,83.65,77.22
29.75,29.75,53.97,84.53,76.85
27.13,27.13,40.44,81.17,75.44
27.90,27.90,33.79,80.92,74.32
28.97,28.97,31.53,85.22,75.97
32.13,32.13,30.11,83.30,74.97
33.47,33.47,27.82,80.81,76.45
31.84,31.84,27.71,85.87,76.98
29.77,29.77,26.64,86.34,75.00
26.28,26.28,24.92,80.66,76.35
27.46,27.46,24.26,83.39,75.44
26.50,26.50,23.46,85.31,77.87
26.54,26.54,21.64,81.81,75.91
29.25,29.25,21.75,80.61,77.73
26.45,26.45,21.97,84.22,77.29
26.17,26.17,18.88,80.17,76.26
30.42,30.42,20.85,78.68,77.81
31.19,31.19,33.78,83.50,75.75
29.91,29.91,42.54,83.32,76.70
25.80,25.80,47.53,81.03,76.59
29.90,29.90,56.63,82.40,78.85
30.02,30.02,47.04,83.24,77.45
29.74,29.74,39.24,82.32,75.09
30.33,30.33,34.75,80.27,77.64
30.71,30.71,31.88,83.78,76.72
30.69,30.69,30.09,83.46,79.01
28.39,28.39,28.63,81.37,75.16
25.41,25.41,28.96,81.87,75.86
27.71,27.71,27.85,81.96,78.12
27.90,27.90,25.50,83.64,77.26
27.54,27.54,23.55,81.50,80.73
28.65,28.65,21.42,81.46,77.97
30.30,30.30,22.79,84.41,79.15
27.32,27.32,20.94,80.45,78.43
30.04,30.04,26.07,77.52,78.61
29.83,29.83,24.46,84.32,80.11
33.26,33.26,30.18,79.27,77.26
32.24,32.24,37.49,80.09,78.78
28.84,28.84,46.21,83.02,77.25
28.79,28.79,54.97,82.47,78.58
21.07,21.07,57.79,79.03,79.32
21.01,21.01,47.98,83.14,79.31
22.96,22.96,41.48,81.83,78.39
24.78,24.78,33.48,80.64,77.00
26.12,26.12,29.78,81.70,78.58
26.21,26.21,24.86,82.34,77.62
27.36,27.36,23.50,81.23,78.13
25.18,25.18,22.60,79.51,77.47
25.60,25.60,23.55,82.77,79.45
27.05,27.05,22.20,80.98,79.49
28.88,28.88,22.79,80.38,78.29
29.10,29.10,21.94,83.42,79.00
29.84,29.84,20.85,80.28,78.08
27.77,27.77,19.35,79.04,77.71
24.84,24.84,18.62,81.31,79.02
21.60,21.60,21.12,78.41,77.81
21.39,21.39,32.88,78.70,77.42
23.97,23.97,43.49,80.27,78.60
23.16,23.16,50.11,75.90,77.32
26.27,26.27,59.68,81.42,78.63
27.31,27.31,50.32,76.53,78.15
26.09,26.09,43.49,78.89,77.78
27.38,27.38,34.44,79.12,76.53
26.29,26.29,28.97,75.37,78.64
25.06,25.06,25.54,81.45,76.93
28.44,28.44,23.57,77.62,78.78
30.22,30.22,23.43,79.50,77.59
29.02,29.02,21.61,81.98,75.63
30.10,30.10,21.00,76.80,78.28
27.28,27.28,20.72,80.25,77.52
25.64,25.64,20.63,81.84,76.40
22.74,22.74,21.89,78.57,78.41
21.04,21.04,24.05,80.38,76.23
26.24,26.24,29.45,81.94,77.33
25.93,25.93,26.63,82.93,78.28
30.41,30.41,30.92,81.19,75.49
27.08,27.08,36.08,79.46,76.14
24.35,24.35,45.51,83.79,75.92
22.24,22.24,51.70,79.10,77.21
22.65,22.65,62.10,78.68,77.50
18.21,18.21,51.10,85.10,77.77
17.28,17.28,41.66,79.28,76.06
20.13,20.13,32.46,76.36,77.25
21.64,21.64,29.93,82.08,77.47
21.05,21.05,28.34,81.26,76.54
20.53,20.53,27.39,77.03,76.24
21.96,21.96,27.38,79.56,74.36
21.68,21.68,28.57,82.52,76.63
21.34,21.34,27.83,76.16,76.98
21.46,21.46,26.43,77.17,76.10
21.61,21.61,25.29,82.56,78.45
22.06,22.06,23.96,74.33,76.65
25.23,25.23,21.49,76.92,78.51
25.13,25.13,19.53,82.48,78.15
26.14,26.14,21.82,77.45,77.16
25.78,25.78,33.09,75.19,76.72
21.71,21.71,44.67,82.38,77.33
16.79,16.79,52.81,81.18,78.08
17.45,17.45,61.47,75.44,78.66
15.70,15.70,54.15,83.30,77.41
23.51,23.51,47.45,81.97,77.02
24.01,24.01,39.59,78.57,77.10
23.92,23.92,33.31,80.96,78.36
22.15,22.15,31.25,84.18,78.08
22.09,22.09,27.64,78.92,79.19
19.79,19.79,24.47,79.70,77.39
23.14,23.14,24.67,84.50,78.41
23.10,23.10,24.08,80.16,77.83
23.22,23.22,24.04,79.73,77.97
23.11,23.11,25.15,84.64,79.92
21.44,21.44,24.97,80.49,79.09
21.27,21.27,22.51,78.92,77.91
28.15,28.15,27.13,83.49,77.92
25.55,25.55,25.03,81.37,78.55
31.71,31.71,32.39,77.82,79.06
28.44,28.44,37.86,81.50,78.86
24.94,24.94,45.70,82.64,77.47
19.33,19.33,53.50,76.80,77.23
19.36,19.36,63.83,79.56,80.86
17.24,17.24,51.93,83.29,77.11
18.46,18.46,44.62,75.63,80.00
19.35,19.35,36.54,78.35,76.38
19.53,19.53,32.88,80.18,78.53
19.79,19.79,30.24,77.45,79.88
21.44,21.44,26.89,77.50,78.44
26.32,26.32,27.86,82.43,76.46
28.05,28.05,27.18,81.47,76.73
26.56,26.56,28.55,77.78,77.24
24.01,24.01,27.73,84.61,77.21
22.21,22.21,27.88,81.05,78.01
20.38,20.38,25.85,78.62,75.78
22.70,22.70,26.48,85.53,76.46
23.85,23.85,25.75,79.15,76.56
24.58,24.58,25.31,81.22,76.20
26.61,26.61,36.54,84.14,78.32
28.73,28.73,48.00,83.30,75.34
26.53,26.53,56.68,81.32,75.63
19.90,19.90,65.82,84.68,79.11
13.33,13.33,61.11,83.89,76.60
12.46,12.46,57.20,82.99,76.93
17.52,17.52,52.33,83.67,77.25
16.43,16.43,49.46,85.77,76.26
14.13,14.13,48.90,81.76,76.70
12.56,12.56,47.83,82.59,76.33
14.09,14.09,47.44,84.64,77.41
12.96,12.96,46.32,80.45,77.27
13.87,13.87,43.12,82.01,75.74
15.42,15.42,42.76,84.64,76.44
17.77,17.77,42.71,83.76,78.45
17.13,17.13,42.79,80.93,78.09
17.96,17.96,40.70,83.37,76.18
26.85,26.85,41.90,84.02,75.21
22.79,22.79,42.33,80.35,77.69
30.06,30.06,42.03,81.29,75.06
28.42,28.42,44.04,85.32,78.32
29.22,29.22,45.81,79.42,76.46
24.51,24.51,43.23,80.23,76.14
11.01,11.01,30.72,76.34,53.02
1.71,1.71,20.39,65.97,49.18
0.01,0.01,7.32,51.66,38.72
-0.00,-0.00,2.33,39.87,34.37
-0.00,-0.00,1.88,36.37,39.53
-0.00,-0.00,1.74,21.09,24.41
-0.00,-0.00,1.74,33.55,34.21
-0.00,-0.00,2.04,37.39,36.88
-0.00,-0.00,7.20,39.44,38.67
-0.00,-0.00,11.68,40.53,39.85
-0.00,-0.00,14.79,40.68,40.18
-0.00,-0.00,18.40,39.88,39.54
-0.00,-0.00,22.31,38.03,37.77
-0.00,-0.00,24.17,35.07,34.83
-0.00,-0.00,23.16,30.93,30.73
-0.00,-0.00,19.01,25.11,24.93
-0.00,-0.00,7.84,14.28,13.68
-0.00,-0.00,10.02,7.60,8.83
-0.00,-0.00,18.47,17.99,18.85
-0.00,-0.00,20.94,20.46,21.41
-0.00,-0.00,21.52,20.80,21.88
-0.00,-0.00,20.61,19.81,20.99
-0.00,-0.00,18.46,17.61,18.90
-0.00,-0.00,14.88,14.07,15.52
-0.00,-0.00,9.20,8.99,10.67
-0.00,-0.00,2.74,2.85,4.86
-0.00,-0.00,1.74,-0.00,1.25
-0.00,-0.00,1.74,-0.00,1.16
-0.00,-0.00,3.16,0.13,2.19
-0.00,-0.00,5.33,1.46,4.06
-0.00,-0.00,6.25,2.30,5.04
-0.00,-0.00,6.53,2.62,5.55
-0.00,-0.00,6.95,2.95,6.04
-0.00,-0.00,8.17,3.58,6.76
-0.00,-0.00,8.59,3.43,6.76
-0.00,-0.00,6.83,1.50,5.23
-0.00,-0.00,4.17,0.00,2.93
-0.00,-0.00,2.78,-0.00,1.35
-0.00,-0.00,2.74,-0.00,1.16
-0.00,-0.00,3.04,-0.00,1.22
-0.00,-0.00,3.89,-0.00,1.99
-0.00,-0.00,5.07,-0.00,3.01
-0.00,-0.00,5.50,-0.00,3.48
-0.00,-0.00,5.15,-0.00,3.30
-0.00,-0.00,4.84,-0.00,2.92
-0.00,-0.00,4.55,-0.00,2.45
-0.00,-0.00,4.13,-0.00,1.82
-0.00,-0.00,3.27,-0.00,1.20
-0.00,-0.00,2.01,-0.00,1.16
-0.00,-0.00,1.74,-0.00,1.16
-0.00,-0.00,1.74,-0.00,1.16
-0.00,-0.00,1.74,-0.00,1.16
-0.00,-0.00,1.74,-0.00,1.16
-0.00,-0.00,1.74,-0.00,1.16
-0.00,-0.00,1.74,-0.00,1.16
-0.00,-0.00,1.74,-0.00,1.16
-0.00,-0.00,1.74,-0.00,1.16
-0.00,-0.00,1.74,-0.00,1.16
-0.00,-0.00,1.74,-0.00,1.16
-0.00,-0.00,1.74,-0.00,1.16
-0.00,-0.00,1.74,-0.00,1.16
-0.00,-0.00,1.74,-0.00,1.16
-0.00,-0.00,1.74,-0.00,1.16
-0.00,-0.00,1.74,-0.00,1.16
-0.00,-0.00,1.74,-0.00,1.16
-0.00,-0.00,1.74,-0.00,1.16
-0.00,-0.00,1.74,-0.00,1.16
-0.00,-0.00,1.74,-0.00,1.16
-0.00,-0.00,1.74,-0.00,1.16
-0.00,-0.00,1.74,-0.00,1.16
-0.00,-0.00,1.74,-0.00,1.16
-0.00,-0.00,1.74,-0.00,1.16
-0.00,-0.00,1.74,-0.00,1.16
-0.00,-0.00,1.74,-0.00,1.16
-0.00,-0.00,1.74,-0.00,1.16
-0.00,-0.00,1.74,-0.00,1.16
-0.00,-0.00,1.74,-0.00,1.16
-0.00,-0.00,1.74,-0.00,1.16
-0.00,-0.00,1.74,-0.00,1.16
-0.00,-0.00,1.74,-0.00,1.16
-0.00,-0.00,1.74,-0.00,1.16
-0.00,-0.00,1.74,-0.00,1.16
-0.00,-0.00,1.74,-0.00,1.16
-0.00,-0.00,1.74,-0.00,1.16
-0.00,-0.00,1.74,-0.00,1.16
-0.00,-0.00,1.74,-0.00,1.16
-0.00,-0.00,1.74,-0.00,1.16
-0.00,-0.00,1.74,-0.00,1.16
-0.00,-0.00,1.74,-0.00,1.16
-0.00,-0.00,1.74,-0.00,1.16
-0.00,-0.00,1.74,-0.00,1.16
-0.00,-0.00,1.74,-0.00,1.16
-0.00,-0.00,1.74,-0.00,1.16
-0.00,-0.00,1.74,-0.00,1.16
-0.00,-0.00,1.74,-0.00,1.16
-0.00,-0.00,1.74,-0.00,1.16
-0.00,-0.00,1.74,-0.00,1.16
-0.00,-0.00,1.74,-0.00,1.16
-0.00,-0.00,1.74,-0.00,1.16
-0.00,-0.00,1.74,-0.00,1.16
-0.00,-0.00,1.74,-0.00,1.16
-0.00,-0.00,1.74,-0.00,1.16
-0.00,-0.00,1.74,-0.00,1.16
-0.00,-0.00,1.74,-0.00,1.16
-0.00,-0.00,1.74,-0.00,1.16
-0.00,-0.00,1.74,-0.00,1.16
-0.00,-0.00,1.74,-0.00,1.16
-0.00,-0.00,1.74,-0.00,1.16
-0.00,-0.00,1.74,-0.00,1.16
-0.00,-0.00,1.74,-0.00,1.16
-0.00,-0.00,1.74,-0.00,1.16
-0.00,-0.00,1.74,-0.00,1.16
-0.00,-0.00,1.74,-0.00,1.16
-0.00,-0.00,1.74,-0.00,1.16
-0.00,-0.00,1.74,-0.00,1.16
-0.00,-0.00,1.74,-0.00,1.16
-0.00,-0.00,1.74,-0.00,1.16
-0.00,-0.00,1.74,-0.00,1.16
-0.00,-0.00,1.74,-0.00,1.16
-0.00,-0.00,1.74,-0.00,1.16
-0.00,-0.00,1.74,-0.00,1.16
